This file contains any messages produced by compilers while
running configure, to aid debugging if configure makes a mistake.

It was created by GNU tar configure 1.35, which was
generated by GNU Autoconf 2.71.  Invocation command line was

  $ ./configure --prefix=/tmp/lfs-tools

## --------- ##
## Platform. ##
## --------- ##

hostname = livecd
uname -m = x86_64
uname -r = 7.1.3-gentoo-dist
uname -s = Linux
uname -v = #1 SMP PREEMPT_DYNAMIC Mon Jul  6 03:50:57 UTC 2026

/usr/bin/uname -p = AMD Ryzen Threadripper 7980X 64-Cores
/bin/uname -X     = unknown

/bin/arch              = x86_64
/usr/bin/arch -k       = unknown
/usr/convex/getsysinfo = unknown
/usr/bin/hostinfo      = unknown
/bin/machine           = unknown
/usr/bin/oslevel       = unknown
/bin/universe          = unknown

PATH: /tmp/lfs-tools/bin/
PATH: /usr/local/sbin/
PATH: /usr/local/bin/
PATH: /usr/bin/
PATH: /opt/bin/
PATH: /usr/lib/llvm/22/bin/


## ----------- ##
## Core tests. ##
## ----------- ##

configure:4582: looking for aux files: config.rpath config.guess config.sub compile missing install-sh
configure:4595:  trying ./build-aux/
configure:4624:   ./build-aux/config.rpath found
configure:4624:   ./build-aux/config.guess found
configure:4624:   ./build-aux/config.sub found
configure:4624:   ./build-aux/compile found
configure:4624:   ./build-aux/missing found
configure:4606:   ./build-aux/install-sh found
configure:4758: checking for a BSD-compatible install
configure:4831: result: /tmp/lfs-tools/bin/install -c
configure:4842: checking whether build environment is sane
configure:4897: result: yes
configure:5056: checking for a race-free mkdir -p
configure:5100: result: /tmp/lfs-tools/bin/mkdir -p
configure:5107: checking for gawk
configure:5128: found /tmp/lfs-tools/bin/gawk
configure:5139: result: gawk
configure:5150: checking whether make sets $(MAKE)
configure:5173: result: yes
configure:5203: checking whether make supports nested variables
configure:5221: result: yes
configure:5306: checking whether UID '1000' is supported by ustar format
configure:5309: result: yes
configure:5316: checking whether GID '100' is supported by ustar format
configure:5319: result: yes
configure:5327: checking how to create a ustar tar archive
configure:5338: tar --version
tar (GNU tar) 1.35
Copyright (C) 2023 Free Software Foundation, Inc.
License GPLv3+: GNU GPL version 3 or later <https://gnu.org/licenses/gpl.html>.
This is free software: you are free to change and redistribute it.
There is NO WARRANTY, to the extent permitted by law.

Written by John Gilmore and Jay Fenlason.
configure:5341: $? = 0
configure:5381: tardir=conftest.dir && eval tar --format=ustar -chf - "$tardir" >conftest.tar
configure:5384: $? = 0
configure:5388: tar -xf - <conftest.tar
configure:5391: $? = 0
configure:5393: cat conftest.dir/file
GrepMe
configure:5396: $? = 0
configure:5410: result: gnutar
configure:5488: checking whether make supports nested variables
configure:5506: result: yes
configure:5580: checking for gcc
configure:5601: found /usr/bin/gcc
configure:5612: result: gcc
configure:5965: checking for C compiler version
configure:5974: gcc --version >&5
gcc (Gentoo 15.3.0 p8) 15.3.0
Copyright (C) 2025 Free Software Foundation, Inc.
This is free software; see the source for copying conditions.  There is NO
warranty; not even for MERCHANTABILITY or FITNESS FOR A PARTICULAR PURPOSE.

configure:5985: $? = 0
configure:5974: gcc -v >&5
Using built-in specs.
COLLECT_GCC=gcc
COLLECT_LTO_WRAPPER=/usr/libexec/gcc/x86_64-pc-linux-gnu/15/lto-wrapper
OFFLOAD_TARGET_NAMES=nvptx-none
OFFLOAD_TARGET_DEFAULT=1
Target: x86_64-pc-linux-gnu
Configured with: /var/tmp/portage/sys-devel/gcc-15.3.0/work/gcc-15.3.0/configure --host=x86_64-pc-linux-gnu --build=x86_64-pc-linux-gnu --prefix=/usr --bindir=/usr/x86_64-pc-linux-gnu/gcc-bin/15 --includedir=/usr/lib/gcc/x86_64-pc-linux-gnu/15/include --datadir=/usr/share/gcc-data/x86_64-pc-linux-gnu/15 --mandir=/usr/share/gcc-data/x86_64-pc-linux-gnu/15/man --infodir=/usr/share/gcc-data/x86_64-pc-linux-gnu/15/info --with-gxx-include-dir=/usr/lib/gcc/x86_64-pc-linux-gnu/15/include/g++-v15 --disable-silent-rules --disable-dependency-tracking --with-python-dir=/share/gcc-data/x86_64-pc-linux-gnu/15/python --enable-languages=c,c++,fortran --enable-obsolete --enable-secureplt --disable-werror --with-system-zlib --enable-nls --without-included-gettext --disable-libunwind-exceptions --enable-checking=release --with-bugurl=https://bugs.gentoo.org/ --with-pkgversion='Gentoo 15.3.0 p8' --with-gcc-major-version-only --enable-libstdcxx-time --enable-lto --disable-libstdcxx-pch --enable-linker-build-id --disable-libada --enable-shared --enable-threads=posix --enable-__cxa_atexit --enable-clocale=gnu --enable-multilib --with-multilib-list=m32,m64 --disable-fixed-point --enable-targets=all --enable-offload-defaulted --enable-offload-targets=nvptx-none --enable-libgomp --disable-libssp --enable-cet --disable-systemtap --disable-valgrind-annotations --disable-vtable-verify --disable-libvtv --with-zstd --without-isl --enable-default-pie --enable-host-pie --enable-host-bind-now --enable-default-ssp --disable-fixincludes --with-gxx-libcxx-include-dir=/usr/include/c++/v1 --with-build-config=bootstrap-cet
Thread model: posix
Supported LTO compression algorithms: zlib zstd
gcc version 15.3.0 (Gentoo 15.3.0 p8) 
... rest of stderr output deleted ...
configure:5985: $? = 0
configure:5974: gcc -V >&5
gcc: error: unrecognized command-line option '-V'
gcc: fatal error: no input files
compilation terminated.
configure:5985: $? = 1
configure:5974: gcc -qversion >&5
gcc: error: unrecognized command-line option '-qversion'; did you mean '--version'?
gcc: fatal error: no input files
compilation terminated.
configure:5985: $? = 1
configure:5974: gcc -version >&5
gcc: error: unrecognized command-line option '-version'
gcc: fatal error: no input files
compilation terminated.
configure:5985: $? = 1
configure:6005: checking whether the C compiler works
configure:6027: gcc    conftest.c  >&5
configure:6031: $? = 0
configure:6081: result: yes
configure:6084: checking for C compiler default output file name
configure:6086: result: a.out
configure:6092: checking for suffix of executables
configure:6099: gcc -o conftest    conftest.c  >&5
configure:6103: $? = 0
configure:6126: result: 
configure:6148: checking whether we are cross compiling
configure:6156: gcc -o conftest    conftest.c  >&5
configure:6160: $? = 0
configure:6167: ./conftest
configure:6171: $? = 0
configure:6186: result: no
configure:6191: checking for suffix of object files
configure:6214: gcc -c   conftest.c >&5
configure:6218: $? = 0
configure:6240: result: o
configure:6244: checking whether the compiler supports GNU C
configure:6264: gcc -c   conftest.c >&5
configure:6264: $? = 0
configure:6274: result: yes
configure:6285: checking whether gcc accepts -g
configure:6306: gcc -c -g  conftest.c >&5
configure:6306: $? = 0
configure:6350: result: yes
configure:6370: checking for gcc option to enable C11 features
configure:6385: gcc  -c -g -O2  conftest.c >&5
conftest.c: In function 'e':
conftest.c:25:14: warning: old-style function definition [-Wold-style-definition]
   25 | static char *e (p, i)
      |              ^
configure:6385: $? = 0
configure:6403: result: none needed
configure:6519: checking whether gcc understands -c and -o together
configure:6542: gcc -c conftest.c -o conftest2.o
configure:6545: $? = 0
configure:6542: gcc -c conftest.c -o conftest2.o
configure:6545: $? = 0
configure:6557: result: yes
configure:6575: checking whether the compiler is clang
configure:6597: gcc -c -g -O2  conftest.c >&5
configure:6597: $? = 0
configure:6606: result: no
configure:6610: checking for compiler option needed when checking for declarations
configure:6643: result: none
configure:6655: checking whether make supports the include directive
configure:6670: make -f confmf.GNU && cat confinc.out
this is the am__doit target
configure:6673: $? = 0
configure:6692: result: yes (GNU style)
configure:6718: checking dependency style of gcc
configure:6830: result: gcc3
configure:6894: checking for ranlib
configure:6915: found /usr/bin/ranlib
configure:6926: result: ranlib
configure:6952: checking for bison
configure:6973: found /tmp/lfs-tools/bin/bison
configure:6984: result: bison -y
configure:7001: checking for stdio.h
configure:7001: gcc -c -g -O2  conftest.c >&5
configure:7001: $? = 0
configure:7001: result: yes
configure:7001: checking for stdlib.h
configure:7001: gcc -c -g -O2  conftest.c >&5
configure:7001: $? = 0
configure:7001: result: yes
configure:7001: checking for string.h
configure:7001: gcc -c -g -O2  conftest.c >&5
configure:7001: $? = 0
configure:7001: result: yes
configure:7001: checking for inttypes.h
configure:7001: gcc -c -g -O2  conftest.c >&5
configure:7001: $? = 0
configure:7001: result: yes
configure:7001: checking for stdint.h
configure:7001: gcc -c -g -O2  conftest.c >&5
configure:7001: $? = 0
configure:7001: result: yes
configure:7001: checking for strings.h
configure:7001: gcc -c -g -O2  conftest.c >&5
configure:7001: $? = 0
configure:7001: result: yes
configure:7001: checking for sys/stat.h
configure:7001: gcc -c -g -O2  conftest.c >&5
configure:7001: $? = 0
configure:7001: result: yes
configure:7001: checking for sys/types.h
configure:7001: gcc -c -g -O2  conftest.c >&5
configure:7001: $? = 0
configure:7001: result: yes
configure:7001: checking for unistd.h
configure:7001: gcc -c -g -O2  conftest.c >&5
configure:7001: $? = 0
configure:7001: result: yes
configure:7001: checking for wchar.h
configure:7001: gcc -c -g -O2  conftest.c >&5
configure:7001: $? = 0
configure:7001: result: yes
configure:7001: checking for minix/config.h
configure:7001: gcc -c -g -O2  conftest.c >&5
conftest.c:49:10: fatal error: minix/config.h: No such file or directory
   49 | #include <minix/config.h>
      |          ^~~~~~~~~~~~~~~~
compilation terminated.
configure:7001: $? = 1
configure: failed program was:
| /* confdefs.h */
| #define PACKAGE_NAME "GNU tar"
| #define PACKAGE_TARNAME "tar"
| #define PACKAGE_VERSION "1.35"
| #define PACKAGE_STRING "GNU tar 1.35"
| #define PACKAGE_BUGREPORT "bug-tar@gnu.org"
| #define PACKAGE_URL "https://www.gnu.org/software/tar/"
| #define PACKAGE "tar"
| #define VERSION "1.35"
| #define HAVE_STDIO_H 1
| #define HAVE_STDLIB_H 1
| #define HAVE_STRING_H 1
| #define HAVE_INTTYPES_H 1
| #define HAVE_STDINT_H 1
| #define HAVE_STRINGS_H 1
| #define HAVE_SYS_STAT_H 1
| #define HAVE_SYS_TYPES_H 1
| #define HAVE_UNISTD_H 1
| #define HAVE_WCHAR_H 1
| /* end confdefs.h.  */
| #include <stddef.h>
| #ifdef HAVE_STDIO_H
| # include <stdio.h>
| #endif
| #ifdef HAVE_STDLIB_H
| # include <stdlib.h>
| #endif
| #ifdef HAVE_STRING_H
| # include <string.h>
| #endif
| #ifdef HAVE_INTTYPES_H
| # include <inttypes.h>
| #endif
| #ifdef HAVE_STDINT_H
| # include <stdint.h>
| #endif
| #ifdef HAVE_STRINGS_H
| # include <strings.h>
| #endif
| #ifdef HAVE_SYS_TYPES_H
| # include <sys/types.h>
| #endif
| #ifdef HAVE_SYS_STAT_H
| # include <sys/stat.h>
| #endif
| #ifdef HAVE_UNISTD_H
| # include <unistd.h>
| #endif
| #include <minix/config.h>
configure:7001: result: no
configure:7001: checking for fcntl.h
configure:7001: gcc -c -g -O2  conftest.c >&5
configure:7001: $? = 0
configure:7001: result: yes
configure:7001: checking for linux/fd.h
configure:7001: gcc -c -g -O2  conftest.c >&5
configure:7001: $? = 0
configure:7001: result: yes
configure:7001: checking for memory.h
configure:7001: gcc -c -g -O2  conftest.c >&5
configure:7001: $? = 0
configure:7001: result: yes
configure:7001: checking for net/errno.h
configure:7001: gcc -c -g -O2  conftest.c >&5
conftest.c:52:10: fatal error: net/errno.h: No such file or directory
   52 | #include <net/errno.h>
      |          ^~~~~~~~~~~~~
compilation terminated.
configure:7001: $? = 1
configure: failed program was:
| /* confdefs.h */
| #define PACKAGE_NAME "GNU tar"
| #define PACKAGE_TARNAME "tar"
| #define PACKAGE_VERSION "1.35"
| #define PACKAGE_STRING "GNU tar 1.35"
| #define PACKAGE_BUGREPORT "bug-tar@gnu.org"
| #define PACKAGE_URL "https://www.gnu.org/software/tar/"
| #define PACKAGE "tar"
| #define VERSION "1.35"
| #define HAVE_STDIO_H 1
| #define HAVE_STDLIB_H 1
| #define HAVE_STRING_H 1
| #define HAVE_INTTYPES_H 1
| #define HAVE_STDINT_H 1
| #define HAVE_STRINGS_H 1
| #define HAVE_SYS_STAT_H 1
| #define HAVE_SYS_TYPES_H 1
| #define HAVE_UNISTD_H 1
| #define HAVE_WCHAR_H 1
| #define HAVE_FCNTL_H 1
| #define HAVE_LINUX_FD_H 1
| #define HAVE_MEMORY_H 1
| /* end confdefs.h.  */
| #include <stddef.h>
| #ifdef HAVE_STDIO_H
| # include <stdio.h>
| #endif
| #ifdef HAVE_STDLIB_H
| # include <stdlib.h>
| #endif
| #ifdef HAVE_STRING_H
| # include <string.h>
| #endif
| #ifdef HAVE_INTTYPES_H
| # include <inttypes.h>
| #endif
| #ifdef HAVE_STDINT_H
| # include <stdint.h>
| #endif
| #ifdef HAVE_STRINGS_H
| # include <strings.h>
| #endif
| #ifdef HAVE_SYS_TYPES_H
| # include <sys/types.h>
| #endif
| #ifdef HAVE_SYS_STAT_H
| # include <sys/stat.h>
| #endif
| #ifdef HAVE_UNISTD_H
| # include <unistd.h>
| #endif
| #include <net/errno.h>
configure:7001: result: no
configure:7001: checking for sgtty.h
configure:7001: gcc -c -g -O2  conftest.c >&5
configure:7001: $? = 0
configure:7001: result: yes
configure:7001: checking for sys/param.h
configure:7001: gcc -c -g -O2  conftest.c >&5
configure:7001: $? = 0
configure:7001: result: yes
configure:7001: checking for sys/device.h
configure:7001: gcc -c -g -O2  conftest.c >&5
conftest.c:54:10: fatal error: sys/device.h: No such file or directory
   54 | #include <sys/device.h>
      |          ^~~~~~~~~~~~~~
compilation terminated.
configure:7001: $? = 1
configure: failed program was:
| /* confdefs.h */
| #define PACKAGE_NAME "GNU tar"
| #define PACKAGE_TARNAME "tar"
| #define PACKAGE_VERSION "1.35"
| #define PACKAGE_STRING "GNU tar 1.35"
| #define PACKAGE_BUGREPORT "bug-tar@gnu.org"
| #define PACKAGE_URL "https://www.gnu.org/software/tar/"
| #define PACKAGE "tar"
| #define VERSION "1.35"
| #define HAVE_STDIO_H 1
| #define HAVE_STDLIB_H 1
| #define HAVE_STRING_H 1
| #define HAVE_INTTYPES_H 1
| #define HAVE_STDINT_H 1
| #define HAVE_STRINGS_H 1
| #define HAVE_SYS_STAT_H 1
| #define HAVE_SYS_TYPES_H 1
| #define HAVE_UNISTD_H 1
| #define HAVE_WCHAR_H 1
| #define HAVE_FCNTL_H 1
| #define HAVE_LINUX_FD_H 1
| #define HAVE_MEMORY_H 1
| #define HAVE_SGTTY_H 1
| #define HAVE_SYS_PARAM_H 1
| /* end confdefs.h.  */
| #include <stddef.h>
| #ifdef HAVE_STDIO_H
| # include <stdio.h>
| #endif
| #ifdef HAVE_STDLIB_H
| # include <stdlib.h>
| #endif
| #ifdef HAVE_STRING_H
| # include <string.h>
| #endif
| #ifdef HAVE_INTTYPES_H
| # include <inttypes.h>
| #endif
| #ifdef HAVE_STDINT_H
| # include <stdint.h>
| #endif
| #ifdef HAVE_STRINGS_H
| # include <strings.h>
| #endif
| #ifdef HAVE_SYS_TYPES_H
| # include <sys/types.h>
| #endif
| #ifdef HAVE_SYS_STAT_H
| # include <sys/stat.h>
| #endif
| #ifdef HAVE_UNISTD_H
| # include <unistd.h>
| #endif
| #include <sys/device.h>
configure:7001: result: no
configure:7001: checking for sys/gentape.h
configure:7001: gcc -c -g -O2  conftest.c >&5
conftest.c:54:10: fatal error: sys/gentape.h: No such file or directory
   54 | #include <sys/gentape.h>
      |          ^~~~~~~~~~~~~~~
compilation terminated.
configure:7001: $? = 1
configure: failed program was:
| /* confdefs.h */
| #define PACKAGE_NAME "GNU tar"
| #define PACKAGE_TARNAME "tar"
| #define PACKAGE_VERSION "1.35"
| #define PACKAGE_STRING "GNU tar 1.35"
| #define PACKAGE_BUGREPORT "bug-tar@gnu.org"
| #define PACKAGE_URL "https://www.gnu.org/software/tar/"
| #define PACKAGE "tar"
| #define VERSION "1.35"
| #define HAVE_STDIO_H 1
| #define HAVE_STDLIB_H 1
| #define HAVE_STRING_H 1
| #define HAVE_INTTYPES_H 1
| #define HAVE_STDINT_H 1
| #define HAVE_STRINGS_H 1
| #define HAVE_SYS_STAT_H 1
| #define HAVE_SYS_TYPES_H 1
| #define HAVE_UNISTD_H 1
| #define HAVE_WCHAR_H 1
| #define HAVE_FCNTL_H 1
| #define HAVE_LINUX_FD_H 1
| #define HAVE_MEMORY_H 1
| #define HAVE_SGTTY_H 1
| #define HAVE_SYS_PARAM_H 1
| /* end confdefs.h.  */
| #include <stddef.h>
| #ifdef HAVE_STDIO_H
| # include <stdio.h>
| #endif
| #ifdef HAVE_STDLIB_H
| # include <stdlib.h>
| #endif
| #ifdef HAVE_STRING_H
| # include <string.h>
| #endif
| #ifdef HAVE_INTTYPES_H
| # include <inttypes.h>
| #endif
| #ifdef HAVE_STDINT_H
| # include <stdint.h>
| #endif
| #ifdef HAVE_STRINGS_H
| # include <strings.h>
| #endif
| #ifdef HAVE_SYS_TYPES_H
| # include <sys/types.h>
| #endif
| #ifdef HAVE_SYS_STAT_H
| # include <sys/stat.h>
| #endif
| #ifdef HAVE_UNISTD_H
| # include <unistd.h>
| #endif
| #include <sys/gentape.h>
configure:7001: result: no
configure:7001: checking for sys/inet.h
configure:7001: gcc -c -g -O2  conftest.c >&5
conftest.c:54:10: fatal error: sys/inet.h: No such file or directory
   54 | #include <sys/inet.h>
      |          ^~~~~~~~~~~~
compilation terminated.
configure:7001: $? = 1
configure: failed program was:
| /* confdefs.h */
| #define PACKAGE_NAME "GNU tar"
| #define PACKAGE_TARNAME "tar"
| #define PACKAGE_VERSION "1.35"
| #define PACKAGE_STRING "GNU tar 1.35"
| #define PACKAGE_BUGREPORT "bug-tar@gnu.org"
| #define PACKAGE_URL "https://www.gnu.org/software/tar/"
| #define PACKAGE "tar"
| #define VERSION "1.35"
| #define HAVE_STDIO_H 1
| #define HAVE_STDLIB_H 1
| #define HAVE_STRING_H 1
| #define HAVE_INTTYPES_H 1
| #define HAVE_STDINT_H 1
| #define HAVE_STRINGS_H 1
| #define HAVE_SYS_STAT_H 1
| #define HAVE_SYS_TYPES_H 1
| #define HAVE_UNISTD_H 1
| #define HAVE_WCHAR_H 1
| #define HAVE_FCNTL_H 1
| #define HAVE_LINUX_FD_H 1
| #define HAVE_MEMORY_H 1
| #define HAVE_SGTTY_H 1
| #define HAVE_SYS_PARAM_H 1
| /* end confdefs.h.  */
| #include <stddef.h>
| #ifdef HAVE_STDIO_H
| # include <stdio.h>
| #endif
| #ifdef HAVE_STDLIB_H
| # include <stdlib.h>
| #endif
| #ifdef HAVE_STRING_H
| # include <string.h>
| #endif
| #ifdef HAVE_INTTYPES_H
| # include <inttypes.h>
| #endif
| #ifdef HAVE_STDINT_H
| # include <stdint.h>
| #endif
| #ifdef HAVE_STRINGS_H
| # include <strings.h>
| #endif
| #ifdef HAVE_SYS_TYPES_H
| # include <sys/types.h>
| #endif
| #ifdef HAVE_SYS_STAT_H
| # include <sys/stat.h>
| #endif
| #ifdef HAVE_UNISTD_H
| # include <unistd.h>
| #endif
| #include <sys/inet.h>
configure:7001: result: no
configure:7001: checking for sys/io/trioctl.h
configure:7001: gcc -c -g -O2  conftest.c >&5
conftest.c:54:10: fatal error: sys/io/trioctl.h: No such file or directory
   54 | #include <sys/io/trioctl.h>
      |          ^~~~~~~~~~~~~~~~~~
compilation terminated.
configure:7001: $? = 1
configure: failed program was:
| /* confdefs.h */
| #define PACKAGE_NAME "GNU tar"
| #define PACKAGE_TARNAME "tar"
| #define PACKAGE_VERSION "1.35"
| #define PACKAGE_STRING "GNU tar 1.35"
| #define PACKAGE_BUGREPORT "bug-tar@gnu.org"
| #define PACKAGE_URL "https://www.gnu.org/software/tar/"
| #define PACKAGE "tar"
| #define VERSION "1.35"
| #define HAVE_STDIO_H 1
| #define HAVE_STDLIB_H 1
| #define HAVE_STRING_H 1
| #define HAVE_INTTYPES_H 1
| #define HAVE_STDINT_H 1
| #define HAVE_STRINGS_H 1
| #define HAVE_SYS_STAT_H 1
| #define HAVE_SYS_TYPES_H 1
| #define HAVE_UNISTD_H 1
| #define HAVE_WCHAR_H 1
| #define HAVE_FCNTL_H 1
| #define HAVE_LINUX_FD_H 1
| #define HAVE_MEMORY_H 1
| #define HAVE_SGTTY_H 1
| #define HAVE_SYS_PARAM_H 1
| /* end confdefs.h.  */
| #include <stddef.h>
| #ifdef HAVE_STDIO_H
| # include <stdio.h>
| #endif
| #ifdef HAVE_STDLIB_H
| # include <stdlib.h>
| #endif
| #ifdef HAVE_STRING_H
| # include <string.h>
| #endif
| #ifdef HAVE_INTTYPES_H
| # include <inttypes.h>
| #endif
| #ifdef HAVE_STDINT_H
| # include <stdint.h>
| #endif
| #ifdef HAVE_STRINGS_H
| # include <strings.h>
| #endif
| #ifdef HAVE_SYS_TYPES_H
| # include <sys/types.h>
| #endif
| #ifdef HAVE_SYS_STAT_H
| # include <sys/stat.h>
| #endif
| #ifdef HAVE_UNISTD_H
| # include <unistd.h>
| #endif
| #include <sys/io/trioctl.h>
configure:7001: result: no
configure:7001: checking for sys/mtio.h
configure:7001: gcc -c -g -O2  conftest.c >&5
configure:7001: $? = 0
configure:7001: result: yes
configure:7001: checking for sys/time.h
configure:7001: gcc -c -g -O2  conftest.c >&5
configure:7001: $? = 0
configure:7001: result: yes
configure:7001: checking for sys/tprintf.h
configure:7001: gcc -c -g -O2  conftest.c >&5
conftest.c:56:10: fatal error: sys/tprintf.h: No such file or directory
   56 | #include <sys/tprintf.h>
      |          ^~~~~~~~~~~~~~~
compilation terminated.
configure:7001: $? = 1
configure: failed program was:
| /* confdefs.h */
| #define PACKAGE_NAME "GNU tar"
| #define PACKAGE_TARNAME "tar"
| #define PACKAGE_VERSION "1.35"
| #define PACKAGE_STRING "GNU tar 1.35"
| #define PACKAGE_BUGREPORT "bug-tar@gnu.org"
| #define PACKAGE_URL "https://www.gnu.org/software/tar/"
| #define PACKAGE "tar"
| #define VERSION "1.35"
| #define HAVE_STDIO_H 1
| #define HAVE_STDLIB_H 1
| #define HAVE_STRING_H 1
| #define HAVE_INTTYPES_H 1
| #define HAVE_STDINT_H 1
| #define HAVE_STRINGS_H 1
| #define HAVE_SYS_STAT_H 1
| #define HAVE_SYS_TYPES_H 1
| #define HAVE_UNISTD_H 1
| #define HAVE_WCHAR_H 1
| #define HAVE_FCNTL_H 1
| #define HAVE_LINUX_FD_H 1
| #define HAVE_MEMORY_H 1
| #define HAVE_SGTTY_H 1
| #define HAVE_SYS_PARAM_H 1
| #define HAVE_SYS_MTIO_H 1
| #define HAVE_SYS_TIME_H 1
| /* end confdefs.h.  */
| #include <stddef.h>
| #ifdef HAVE_STDIO_H
| # include <stdio.h>
| #endif
| #ifdef HAVE_STDLIB_H
| # include <stdlib.h>
| #endif
| #ifdef HAVE_STRING_H
| # include <string.h>
| #endif
| #ifdef HAVE_INTTYPES_H
| # include <inttypes.h>
| #endif
| #ifdef HAVE_STDINT_H
| # include <stdint.h>
| #endif
| #ifdef HAVE_STRINGS_H
| # include <strings.h>
| #endif
| #ifdef HAVE_SYS_TYPES_H
| # include <sys/types.h>
| #endif
| #ifdef HAVE_SYS_STAT_H
| # include <sys/stat.h>
| #endif
| #ifdef HAVE_UNISTD_H
| # include <unistd.h>
| #endif
| #include <sys/tprintf.h>
configure:7001: result: no
configure:7001: checking for sys/tape.h
configure:7001: gcc -c -g -O2  conftest.c >&5
conftest.c:56:10: fatal error: sys/tape.h: No such file or directory
   56 | #include <sys/tape.h>
      |          ^~~~~~~~~~~~
compilation terminated.
configure:7001: $? = 1
configure: failed program was:
| /* confdefs.h */
| #define PACKAGE_NAME "GNU tar"
| #define PACKAGE_TARNAME "tar"
| #define PACKAGE_VERSION "1.35"
| #define PACKAGE_STRING "GNU tar 1.35"
| #define PACKAGE_BUGREPORT "bug-tar@gnu.org"
| #define PACKAGE_URL "https://www.gnu.org/software/tar/"
| #define PACKAGE "tar"
| #define VERSION "1.35"
| #define HAVE_STDIO_H 1
| #define HAVE_STDLIB_H 1
| #define HAVE_STRING_H 1
| #define HAVE_INTTYPES_H 1
| #define HAVE_STDINT_H 1
| #define HAVE_STRINGS_H 1
| #define HAVE_SYS_STAT_H 1
| #define HAVE_SYS_TYPES_H 1
| #define HAVE_UNISTD_H 1
| #define HAVE_WCHAR_H 1
| #define HAVE_FCNTL_H 1
| #define HAVE_LINUX_FD_H 1
| #define HAVE_MEMORY_H 1
| #define HAVE_SGTTY_H 1
| #define HAVE_SYS_PARAM_H 1
| #define HAVE_SYS_MTIO_H 1
| #define HAVE_SYS_TIME_H 1
| /* end confdefs.h.  */
| #include <stddef.h>
| #ifdef HAVE_STDIO_H
| # include <stdio.h>
| #endif
| #ifdef HAVE_STDLIB_H
| # include <stdlib.h>
| #endif
| #ifdef HAVE_STRING_H
| # include <string.h>
| #endif
| #ifdef HAVE_INTTYPES_H
| # include <inttypes.h>
| #endif
| #ifdef HAVE_STDINT_H
| # include <stdint.h>
| #endif
| #ifdef HAVE_STRINGS_H
| # include <strings.h>
| #endif
| #ifdef HAVE_SYS_TYPES_H
| # include <sys/types.h>
| #endif
| #ifdef HAVE_SYS_STAT_H
| # include <sys/stat.h>
| #endif
| #ifdef HAVE_UNISTD_H
| # include <unistd.h>
| #endif
| #include <sys/tape.h>
configure:7001: result: no
configure:7001: checking for locale.h
configure:7001: gcc -c -g -O2  conftest.c >&5
configure:7001: $? = 0
configure:7001: result: yes
configure:7001: checking for features.h
configure:7001: gcc -c -g -O2  conftest.c >&5
configure:7001: $? = 0
configure:7001: result: yes
configure:7001: checking for linewrap.h
configure:7001: gcc -c -g -O2  conftest.c >&5
conftest.c:58:10: fatal error: linewrap.h: No such file or directory
   58 | #include <linewrap.h>
      |          ^~~~~~~~~~~~
compilation terminated.
configure:7001: $? = 1
configure: failed program was:
| /* confdefs.h */
| #define PACKAGE_NAME "GNU tar"
| #define PACKAGE_TARNAME "tar"
| #define PACKAGE_VERSION "1.35"
| #define PACKAGE_STRING "GNU tar 1.35"
| #define PACKAGE_BUGREPORT "bug-tar@gnu.org"
| #define PACKAGE_URL "https://www.gnu.org/software/tar/"
| #define PACKAGE "tar"
| #define VERSION "1.35"
| #define HAVE_STDIO_H 1
| #define HAVE_STDLIB_H 1
| #define HAVE_STRING_H 1
| #define HAVE_INTTYPES_H 1
| #define HAVE_STDINT_H 1
| #define HAVE_STRINGS_H 1
| #define HAVE_SYS_STAT_H 1
| #define HAVE_SYS_TYPES_H 1
| #define HAVE_UNISTD_H 1
| #define HAVE_WCHAR_H 1
| #define HAVE_FCNTL_H 1
| #define HAVE_LINUX_FD_H 1
| #define HAVE_MEMORY_H 1
| #define HAVE_SGTTY_H 1
| #define HAVE_SYS_PARAM_H 1
| #define HAVE_SYS_MTIO_H 1
| #define HAVE_SYS_TIME_H 1
| #define HAVE_LOCALE_H 1
| #define HAVE_FEATURES_H 1
| /* end confdefs.h.  */
| #include <stddef.h>
| #ifdef HAVE_STDIO_H
| # include <stdio.h>
| #endif
| #ifdef HAVE_STDLIB_H
| # include <stdlib.h>
| #endif
| #ifdef HAVE_STRING_H
| # include <string.h>
| #endif
| #ifdef HAVE_INTTYPES_H
| # include <inttypes.h>
| #endif
| #ifdef HAVE_STDINT_H
| # include <stdint.h>
| #endif
| #ifdef HAVE_STRINGS_H
| # include <strings.h>
| #endif
| #ifdef HAVE_SYS_TYPES_H
| # include <sys/types.h>
| #endif
| #ifdef HAVE_SYS_STAT_H
| # include <sys/stat.h>
| #endif
| #ifdef HAVE_UNISTD_H
| # include <unistd.h>
| #endif
| #include <linewrap.h>
configure:7001: result: no
configure:7001: checking for uchar.h
configure:7001: gcc -c -g -O2  conftest.c >&5
configure:7001: $? = 0
configure:7001: result: yes
configure:7001: checking for sys/socket.h
configure:7001: gcc -c -g -O2  conftest.c >&5
configure:7001: $? = 0
configure:7001: result: yes
configure:7001: checking for dirent.h
configure:7001: gcc -c -g -O2  conftest.c >&5
configure:7001: $? = 0
configure:7001: result: yes
configure:7001: checking for error.h
configure:7001: gcc -c -g -O2  conftest.c >&5
configure:7001: $? = 0
configure:7001: result: yes
configure:7001: checking for linux/xattr.h
configure:7001: gcc -c -g -O2  conftest.c >&5
configure:7001: $? = 0
configure:7001: result: yes
configure:7001: checking for fnmatch.h
configure:7001: gcc -c -g -O2  conftest.c >&5
configure:7001: $? = 0
configure:7001: result: yes
configure:7001: checking for stdio_ext.h
configure:7001: gcc -c -g -O2  conftest.c >&5
configure:7001: $? = 0
configure:7001: result: yes
configure:7001: checking for getopt.h
configure:7001: gcc -c -g -O2  conftest.c >&5
configure:7001: $? = 0
configure:7001: result: yes
configure:7001: checking for sys/cdefs.h
configure:7001: gcc -c -g -O2  conftest.c >&5
configure:7001: $? = 0
configure:7001: result: yes
configure:7001: checking for threads.h
configure:7001: gcc -c -g -O2  conftest.c >&5
configure:7001: $? = 0
configure:7001: result: yes
configure:7001: checking for limits.h
configure:7001: gcc -c -g -O2  conftest.c >&5
configure:7001: $? = 0
configure:7001: result: yes
configure:7001: checking for crtdefs.h
configure:7001: gcc -c -g -O2  conftest.c >&5
conftest.c:69:10: fatal error: crtdefs.h: No such file or directory
   69 | #include <crtdefs.h>
      |          ^~~~~~~~~~~
compilation terminated.
configure:7001: $? = 1
configure: failed program was:
| /* confdefs.h */
| #define PACKAGE_NAME "GNU tar"
| #define PACKAGE_TARNAME "tar"
| #define PACKAGE_VERSION "1.35"
| #define PACKAGE_STRING "GNU tar 1.35"
| #define PACKAGE_BUGREPORT "bug-tar@gnu.org"
| #define PACKAGE_URL "https://www.gnu.org/software/tar/"
| #define PACKAGE "tar"
| #define VERSION "1.35"
| #define HAVE_STDIO_H 1
| #define HAVE_STDLIB_H 1
| #define HAVE_STRING_H 1
| #define HAVE_INTTYPES_H 1
| #define HAVE_STDINT_H 1
| #define HAVE_STRINGS_H 1
| #define HAVE_SYS_STAT_H 1
| #define HAVE_SYS_TYPES_H 1
| #define HAVE_UNISTD_H 1
| #define HAVE_WCHAR_H 1
| #define HAVE_FCNTL_H 1
| #define HAVE_LINUX_FD_H 1
| #define HAVE_MEMORY_H 1
| #define HAVE_SGTTY_H 1
| #define HAVE_SYS_PARAM_H 1
| #define HAVE_SYS_MTIO_H 1
| #define HAVE_SYS_TIME_H 1
| #define HAVE_LOCALE_H 1
| #define HAVE_FEATURES_H 1
| #define HAVE_UCHAR_H 1
| #define HAVE_SYS_SOCKET_H 1
| #define HAVE_DIRENT_H 1
| #define HAVE_ERROR_H 1
| #define HAVE_LINUX_XATTR_H 1
| #define HAVE_FNMATCH_H 1
| #define HAVE_STDIO_EXT_H 1
| #define HAVE_GETOPT_H 1
| #define HAVE_SYS_CDEFS_H 1
| #define HAVE_THREADS_H 1
| #define HAVE_LIMITS_H 1
| /* end confdefs.h.  */
| #include <stddef.h>
| #ifdef HAVE_STDIO_H
| # include <stdio.h>
| #endif
| #ifdef HAVE_STDLIB_H
| # include <stdlib.h>
| #endif
| #ifdef HAVE_STRING_H
| # include <string.h>
| #endif
| #ifdef HAVE_INTTYPES_H
| # include <inttypes.h>
| #endif
| #ifdef HAVE_STDINT_H
| # include <stdint.h>
| #endif
| #ifdef HAVE_STRINGS_H
| # include <strings.h>
| #endif
| #ifdef HAVE_SYS_TYPES_H
| # include <sys/types.h>
| #endif
| #ifdef HAVE_SYS_STAT_H
| # include <sys/stat.h>
| #endif
| #ifdef HAVE_UNISTD_H
| # include <unistd.h>
| #endif
| #include <crtdefs.h>
configure:7001: result: no
configure:7001: checking for wctype.h
configure:7001: gcc -c -g -O2  conftest.c >&5
configure:7001: $? = 0
configure:7001: result: yes
configure:7001: checking for langinfo.h
configure:7001: gcc -c -g -O2  conftest.c >&5
configure:7001: $? = 0
configure:7001: result: yes
configure:7001: checking for xlocale.h
configure:7001: gcc -c -g -O2  conftest.c >&5
conftest.c:71:10: fatal error: xlocale.h: No such file or directory
   71 | #include <xlocale.h>
      |          ^~~~~~~~~~~
compilation terminated.
configure:7001: $? = 1
configure: failed program was:
| /* confdefs.h */
| #define PACKAGE_NAME "GNU tar"
| #define PACKAGE_TARNAME "tar"
| #define PACKAGE_VERSION "1.35"
| #define PACKAGE_STRING "GNU tar 1.35"
| #define PACKAGE_BUGREPORT "bug-tar@gnu.org"
| #define PACKAGE_URL "https://www.gnu.org/software/tar/"
| #define PACKAGE "tar"
| #define VERSION "1.35"
| #define HAVE_STDIO_H 1
| #define HAVE_STDLIB_H 1
| #define HAVE_STRING_H 1
| #define HAVE_INTTYPES_H 1
| #define HAVE_STDINT_H 1
| #define HAVE_STRINGS_H 1
| #define HAVE_SYS_STAT_H 1
| #define HAVE_SYS_TYPES_H 1
| #define HAVE_UNISTD_H 1
| #define HAVE_WCHAR_H 1
| #define HAVE_FCNTL_H 1
| #define HAVE_LINUX_FD_H 1
| #define HAVE_MEMORY_H 1
| #define HAVE_SGTTY_H 1
| #define HAVE_SYS_PARAM_H 1
| #define HAVE_SYS_MTIO_H 1
| #define HAVE_SYS_TIME_H 1
| #define HAVE_LOCALE_H 1
| #define HAVE_FEATURES_H 1
| #define HAVE_UCHAR_H 1
| #define HAVE_SYS_SOCKET_H 1
| #define HAVE_DIRENT_H 1
| #define HAVE_ERROR_H 1
| #define HAVE_LINUX_XATTR_H 1
| #define HAVE_FNMATCH_H 1
| #define HAVE_STDIO_EXT_H 1
| #define HAVE_GETOPT_H 1
| #define HAVE_SYS_CDEFS_H 1
| #define HAVE_THREADS_H 1
| #define HAVE_LIMITS_H 1
| #define HAVE_WCTYPE_H 1
| #define HAVE_LANGINFO_H 1
| /* end confdefs.h.  */
| #include <stddef.h>
| #ifdef HAVE_STDIO_H
| # include <stdio.h>
| #endif
| #ifdef HAVE_STDLIB_H
| # include <stdlib.h>
| #endif
| #ifdef HAVE_STRING_H
| # include <string.h>
| #endif
| #ifdef HAVE_INTTYPES_H
| # include <inttypes.h>
| #endif
| #ifdef HAVE_STDINT_H
| # include <stdint.h>
| #endif
| #ifdef HAVE_STRINGS_H
| # include <strings.h>
| #endif
| #ifdef HAVE_SYS_TYPES_H
| # include <sys/types.h>
| #endif
| #ifdef HAVE_SYS_STAT_H
| # include <sys/stat.h>
| #endif
| #ifdef HAVE_UNISTD_H
| # include <unistd.h>
| #endif
| #include <xlocale.h>
configure:7001: result: no
configure:7001: checking for sys/mman.h
configure:7001: gcc -c -g -O2  conftest.c >&5
configure:7001: $? = 0
configure:7001: result: yes
configure:7001: checking for priv.h
configure:7001: gcc -c -g -O2  conftest.c >&5
conftest.c:72:10: fatal error: priv.h: No such file or directory
   72 | #include <priv.h>
      |          ^~~~~~~~
compilation terminated.
configure:7001: $? = 1
configure: failed program was:
| /* confdefs.h */
| #define PACKAGE_NAME "GNU tar"
| #define PACKAGE_TARNAME "tar"
| #define PACKAGE_VERSION "1.35"
| #define PACKAGE_STRING "GNU tar 1.35"
| #define PACKAGE_BUGREPORT "bug-tar@gnu.org"
| #define PACKAGE_URL "https://www.gnu.org/software/tar/"
| #define PACKAGE "tar"
| #define VERSION "1.35"
| #define HAVE_STDIO_H 1
| #define HAVE_STDLIB_H 1
| #define HAVE_STRING_H 1
| #define HAVE_INTTYPES_H 1
| #define HAVE_STDINT_H 1
| #define HAVE_STRINGS_H 1
| #define HAVE_SYS_STAT_H 1
| #define HAVE_SYS_TYPES_H 1
| #define HAVE_UNISTD_H 1
| #define HAVE_WCHAR_H 1
| #define HAVE_FCNTL_H 1
| #define HAVE_LINUX_FD_H 1
| #define HAVE_MEMORY_H 1
| #define HAVE_SGTTY_H 1
| #define HAVE_SYS_PARAM_H 1
| #define HAVE_SYS_MTIO_H 1
| #define HAVE_SYS_TIME_H 1
| #define HAVE_LOCALE_H 1
| #define HAVE_FEATURES_H 1
| #define HAVE_UCHAR_H 1
| #define HAVE_SYS_SOCKET_H 1
| #define HAVE_DIRENT_H 1
| #define HAVE_ERROR_H 1
| #define HAVE_LINUX_XATTR_H 1
| #define HAVE_FNMATCH_H 1
| #define HAVE_STDIO_EXT_H 1
| #define HAVE_GETOPT_H 1
| #define HAVE_SYS_CDEFS_H 1
| #define HAVE_THREADS_H 1
| #define HAVE_LIMITS_H 1
| #define HAVE_WCTYPE_H 1
| #define HAVE_LANGINFO_H 1
| #define HAVE_SYS_MMAN_H 1
| /* end confdefs.h.  */
| #include <stddef.h>
| #ifdef HAVE_STDIO_H
| # include <stdio.h>
| #endif
| #ifdef HAVE_STDLIB_H
| # include <stdlib.h>
| #endif
| #ifdef HAVE_STRING_H
| # include <string.h>
| #endif
| #ifdef HAVE_INTTYPES_H
| # include <inttypes.h>
| #endif
| #ifdef HAVE_STDINT_H
| # include <stdint.h>
| #endif
| #ifdef HAVE_STRINGS_H
| # include <strings.h>
| #endif
| #ifdef HAVE_SYS_TYPES_H
| # include <sys/types.h>
| #endif
| #ifdef HAVE_SYS_STAT_H
| # include <sys/stat.h>
| #endif
| #ifdef HAVE_UNISTD_H
| # include <unistd.h>
| #endif
| #include <priv.h>
configure:7001: result: no
configure:7001: checking for malloc.h
configure:7001: gcc -c -g -O2  conftest.c >&5
configure:7001: $? = 0
configure:7001: result: yes
configure:7001: checking for selinux/selinux.h
configure:7001: gcc -c -g -O2  conftest.c >&5
conftest.c:73:10: fatal error: selinux/selinux.h: No such file or directory
   73 | #include <selinux/selinux.h>
      |          ^~~~~~~~~~~~~~~~~~~
compilation terminated.
configure:7001: $? = 1
configure: failed program was:
| /* confdefs.h */
| #define PACKAGE_NAME "GNU tar"
| #define PACKAGE_TARNAME "tar"
| #define PACKAGE_VERSION "1.35"
| #define PACKAGE_STRING "GNU tar 1.35"
| #define PACKAGE_BUGREPORT "bug-tar@gnu.org"
| #define PACKAGE_URL "https://www.gnu.org/software/tar/"
| #define PACKAGE "tar"
| #define VERSION "1.35"
| #define HAVE_STDIO_H 1
| #define HAVE_STDLIB_H 1
| #define HAVE_STRING_H 1
| #define HAVE_INTTYPES_H 1
| #define HAVE_STDINT_H 1
| #define HAVE_STRINGS_H 1
| #define HAVE_SYS_STAT_H 1
| #define HAVE_SYS_TYPES_H 1
| #define HAVE_UNISTD_H 1
| #define HAVE_WCHAR_H 1
| #define HAVE_FCNTL_H 1
| #define HAVE_LINUX_FD_H 1
| #define HAVE_MEMORY_H 1
| #define HAVE_SGTTY_H 1
| #define HAVE_SYS_PARAM_H 1
| #define HAVE_SYS_MTIO_H 1
| #define HAVE_SYS_TIME_H 1
| #define HAVE_LOCALE_H 1
| #define HAVE_FEATURES_H 1
| #define HAVE_UCHAR_H 1
| #define HAVE_SYS_SOCKET_H 1
| #define HAVE_DIRENT_H 1
| #define HAVE_ERROR_H 1
| #define HAVE_LINUX_XATTR_H 1
| #define HAVE_FNMATCH_H 1
| #define HAVE_STDIO_EXT_H 1
| #define HAVE_GETOPT_H 1
| #define HAVE_SYS_CDEFS_H 1
| #define HAVE_THREADS_H 1
| #define HAVE_LIMITS_H 1
| #define HAVE_WCTYPE_H 1
| #define HAVE_LANGINFO_H 1
| #define HAVE_SYS_MMAN_H 1
| #define HAVE_MALLOC_H 1
| /* end confdefs.h.  */
| #include <stddef.h>
| #ifdef HAVE_STDIO_H
| # include <stdio.h>
| #endif
| #ifdef HAVE_STDLIB_H
| # include <stdlib.h>
| #endif
| #ifdef HAVE_STRING_H
| # include <string.h>
| #endif
| #ifdef HAVE_INTTYPES_H
| # include <inttypes.h>
| #endif
| #ifdef HAVE_STDINT_H
| # include <stdint.h>
| #endif
| #ifdef HAVE_STRINGS_H
| # include <strings.h>
| #endif
| #ifdef HAVE_SYS_TYPES_H
| # include <sys/types.h>
| #endif
| #ifdef HAVE_SYS_STAT_H
| # include <sys/stat.h>
| #endif
| #ifdef HAVE_UNISTD_H
| # include <unistd.h>
| #endif
| #include <selinux/selinux.h>
configure:7001: result: no
configure:7001: checking for stdbool.h
configure:7001: gcc -c -g -O2  conftest.c >&5
configure:7001: $? = 0
configure:7001: result: yes
configure:7001: checking for stdckdint.h
configure:7001: gcc -c -g -O2  conftest.c >&5
configure:7001: $? = 0
configure:7001: result: yes
configure:7001: checking for sys/random.h
configure:7001: gcc -c -g -O2  conftest.c >&5
configure:7001: $? = 0
configure:7001: result: yes
configure:7001: checking for sysexits.h
configure:7001: gcc -c -g -O2  conftest.c >&5
configure:7001: $? = 0
configure:7001: result: yes
configure:7001: checking for utime.h
configure:7001: gcc -c -g -O2  conftest.c >&5
configure:7001: $? = 0
configure:7001: result: yes
configure:7001: checking for netdb.h
configure:7001: gcc -c -g -O2  conftest.c >&5
configure:7001: $? = 0
configure:7001: result: yes
configure:7001: checking for sys/wait.h
configure:7001: gcc -c -g -O2  conftest.c >&5
configure:7001: $? = 0
configure:7001: result: yes
configure:7001: checking for pwd.h
configure:7001: gcc -c -g -O2  conftest.c >&5
configure:7001: $? = 0
configure:7001: result: yes
configure:7001: checking for grp.h
configure:7001: gcc -c -g -O2  conftest.c >&5
configure:7001: $? = 0
configure:7001: result: yes
configure:7032: checking whether it is safe to define __EXTENSIONS__
configure:7051: gcc -c -g -O2  conftest.c >&5
configure:7051: $? = 0
configure:7059: result: yes
configure:7062: checking whether _XOPEN_SOURCE should be defined
configure:7084: gcc -c -g -O2  conftest.c >&5
configure:7084: $? = 0
configure:7111: result: no
configure:7175: checking build system type
configure:7190: result: x86_64-pc-linux-gnu
configure:7210: checking host system type
configure:7224: result: x86_64-pc-linux-gnu
configure:7261: checking how to run the C preprocessor
configure:7287: gcc -E  conftest.c
configure:7287: $? = 0
configure:7302: gcc -E  conftest.c
conftest.c:72:10: fatal error: ac_nonexistent.h: No such file or directory
   72 | #include <ac_nonexistent.h>
      |          ^~~~~~~~~~~~~~~~~~
compilation terminated.
configure:7302: $? = 1
configure: failed program was:
| /* confdefs.h */
| #define PACKAGE_NAME "GNU tar"
| #define PACKAGE_TARNAME "tar"
| #define PACKAGE_VERSION "1.35"
| #define PACKAGE_STRING "GNU tar 1.35"
| #define PACKAGE_BUGREPORT "bug-tar@gnu.org"
| #define PACKAGE_URL "https://www.gnu.org/software/tar/"
| #define PACKAGE "tar"
| #define VERSION "1.35"
| #define HAVE_STDIO_H 1
| #define HAVE_STDLIB_H 1
| #define HAVE_STRING_H 1
| #define HAVE_INTTYPES_H 1
| #define HAVE_STDINT_H 1
| #define HAVE_STRINGS_H 1
| #define HAVE_SYS_STAT_H 1
| #define HAVE_SYS_TYPES_H 1
| #define HAVE_UNISTD_H 1
| #define HAVE_WCHAR_H 1
| #define HAVE_FCNTL_H 1
| #define HAVE_LINUX_FD_H 1
| #define HAVE_MEMORY_H 1
| #define HAVE_SGTTY_H 1
| #define HAVE_SYS_PARAM_H 1
| #define HAVE_SYS_MTIO_H 1
| #define HAVE_SYS_TIME_H 1
| #define HAVE_LOCALE_H 1
| #define HAVE_FEATURES_H 1
| #define HAVE_UCHAR_H 1
| #define HAVE_SYS_SOCKET_H 1
| #define HAVE_DIRENT_H 1
| #define HAVE_ERROR_H 1
| #define HAVE_LINUX_XATTR_H 1
| #define HAVE_FNMATCH_H 1
| #define HAVE_STDIO_EXT_H 1
| #define HAVE_GETOPT_H 1
| #define HAVE_SYS_CDEFS_H 1
| #define HAVE_THREADS_H 1
| #define HAVE_LIMITS_H 1
| #define HAVE_WCTYPE_H 1
| #define HAVE_LANGINFO_H 1
| #define HAVE_SYS_MMAN_H 1
| #define HAVE_MALLOC_H 1
| #define HAVE_STDBOOL_H 1
| #define HAVE_STDCKDINT_H 1
| #define HAVE_SYS_RANDOM_H 1
| #define HAVE_SYSEXITS_H 1
| #define HAVE_UTIME_H 1
| #define HAVE_NETDB_H 1
| #define HAVE_SYS_WAIT_H 1
| #define HAVE_PWD_H 1
| #define HAVE_GRP_H 1
| #define STDC_HEADERS 1
| #define _ALL_SOURCE 1
| #define _DARWIN_C_SOURCE 1
| #define _GNU_SOURCE 1
| #define _HPUX_ALT_XOPEN_SOCKET_API 1
| #define _NETBSD_SOURCE 1
| #define _OPENBSD_SOURCE 1
| #define _POSIX_PTHREAD_SEMANTICS 1
| #define __STDC_WANT_IEC_60559_ATTRIBS_EXT__ 1
| #define __STDC_WANT_IEC_60559_BFP_EXT__ 1
| #define __STDC_WANT_IEC_60559_DFP_EXT__ 1
| #define __STDC_WANT_IEC_60559_EXT__ 1
| #define __STDC_WANT_IEC_60559_FUNCS_EXT__ 1
| #define __STDC_WANT_IEC_60559_TYPES_EXT__ 1
| #define __STDC_WANT_LIB_EXT2__ 1
| #define __STDC_WANT_MATH_SPEC_FUNCS__ 1
| #define _TANDEM_SOURCE 1
| #define __EXTENSIONS__ 1
| /* end confdefs.h.  */
| #include <ac_nonexistent.h>
configure:7329: result: gcc -E
configure:7343: gcc -E  conftest.c
configure:7343: $? = 0
configure:7358: gcc -E  conftest.c
conftest.c:72:10: fatal error: ac_nonexistent.h: No such file or directory
   72 | #include <ac_nonexistent.h>
      |          ^~~~~~~~~~~~~~~~~~
compilation terminated.
configure:7358: $? = 1
configure: failed program was:
| /* confdefs.h */
| #define PACKAGE_NAME "GNU tar"
| #define PACKAGE_TARNAME "tar"
| #define PACKAGE_VERSION "1.35"
| #define PACKAGE_STRING "GNU tar 1.35"
| #define PACKAGE_BUGREPORT "bug-tar@gnu.org"
| #define PACKAGE_URL "https://www.gnu.org/software/tar/"
| #define PACKAGE "tar"
| #define VERSION "1.35"
| #define HAVE_STDIO_H 1
| #define HAVE_STDLIB_H 1
| #define HAVE_STRING_H 1
| #define HAVE_INTTYPES_H 1
| #define HAVE_STDINT_H 1
| #define HAVE_STRINGS_H 1
| #define HAVE_SYS_STAT_H 1
| #define HAVE_SYS_TYPES_H 1
| #define HAVE_UNISTD_H 1
| #define HAVE_WCHAR_H 1
| #define HAVE_FCNTL_H 1
| #define HAVE_LINUX_FD_H 1
| #define HAVE_MEMORY_H 1
| #define HAVE_SGTTY_H 1
| #define HAVE_SYS_PARAM_H 1
| #define HAVE_SYS_MTIO_H 1
| #define HAVE_SYS_TIME_H 1
| #define HAVE_LOCALE_H 1
| #define HAVE_FEATURES_H 1
| #define HAVE_UCHAR_H 1
| #define HAVE_SYS_SOCKET_H 1
| #define HAVE_DIRENT_H 1
| #define HAVE_ERROR_H 1
| #define HAVE_LINUX_XATTR_H 1
| #define HAVE_FNMATCH_H 1
| #define HAVE_STDIO_EXT_H 1
| #define HAVE_GETOPT_H 1
| #define HAVE_SYS_CDEFS_H 1
| #define HAVE_THREADS_H 1
| #define HAVE_LIMITS_H 1
| #define HAVE_WCTYPE_H 1
| #define HAVE_LANGINFO_H 1
| #define HAVE_SYS_MMAN_H 1
| #define HAVE_MALLOC_H 1
| #define HAVE_STDBOOL_H 1
| #define HAVE_STDCKDINT_H 1
| #define HAVE_SYS_RANDOM_H 1
| #define HAVE_SYSEXITS_H 1
| #define HAVE_UTIME_H 1
| #define HAVE_NETDB_H 1
| #define HAVE_SYS_WAIT_H 1
| #define HAVE_PWD_H 1
| #define HAVE_GRP_H 1
| #define STDC_HEADERS 1
| #define _ALL_SOURCE 1
| #define _DARWIN_C_SOURCE 1
| #define _GNU_SOURCE 1
| #define _HPUX_ALT_XOPEN_SOCKET_API 1
| #define _NETBSD_SOURCE 1
| #define _OPENBSD_SOURCE 1
| #define _POSIX_PTHREAD_SEMANTICS 1
| #define __STDC_WANT_IEC_60559_ATTRIBS_EXT__ 1
| #define __STDC_WANT_IEC_60559_BFP_EXT__ 1
| #define __STDC_WANT_IEC_60559_DFP_EXT__ 1
| #define __STDC_WANT_IEC_60559_EXT__ 1
| #define __STDC_WANT_IEC_60559_FUNCS_EXT__ 1
| #define __STDC_WANT_IEC_60559_TYPES_EXT__ 1
| #define __STDC_WANT_LIB_EXT2__ 1
| #define __STDC_WANT_MATH_SPEC_FUNCS__ 1
| #define _TANDEM_SOURCE 1
| #define __EXTENSIONS__ 1
| /* end confdefs.h.  */
| #include <ac_nonexistent.h>
configure:7389: checking for grep that handles long lines and -e
configure:7453: result: /tmp/lfs-tools/bin/grep
configure:7458: checking for egrep
configure:7526: result: /tmp/lfs-tools/bin/grep -E
configure:7534: checking for Minix Amsterdam compiler
configure:7560: result: no
configure:7622: checking for ar
configure:7643: found /usr/bin/ar
configure:7654: result: ar
configure:7794: checking for _LARGEFILE_SOURCE value needed for large files
configure:7814: gcc -o conftest -g -O2   conftest.c  >&5
configure:7814: $? = 0
configure:7844: result: no
configure:7879: checking for gcc option to enable large file support
configure:7914: gcc -c -g -O2  conftest.c >&5
configure:7914: $? = 0
configure:7920: gcc -DFTYPE=ino_t -c -g -O2  conftest.c >&5
configure:7920: $? = 0
configure:7955: result: none needed
configure:7982: checking for gcc option for timestamps after 2038
configure:8014: gcc -c -g -O2  conftest.c >&5
configure:8014: $? = 0
configure:8025: result: none needed
configure:8569: checking for gcc option to enable large file support
configure:8645: result: none needed
configure:8672: checking for gcc option for timestamps after 2038
configure:8715: result: none needed
configure:8764: checking for sys/buf.h
configure:8764: gcc -c -g -O2  conftest.c >&5
conftest.c:78:10: fatal error: sys/buf.h: No such file or directory
   78 | #include <sys/buf.h>
      |          ^~~~~~~~~~~
compilation terminated.
configure:8764: $? = 1
configure: failed program was:
| /* confdefs.h */
| #define PACKAGE_NAME "GNU tar"
| #define PACKAGE_TARNAME "tar"
| #define PACKAGE_VERSION "1.35"
| #define PACKAGE_STRING "GNU tar 1.35"
| #define PACKAGE_BUGREPORT "bug-tar@gnu.org"
| #define PACKAGE_URL "https://www.gnu.org/software/tar/"
| #define PACKAGE "tar"
| #define VERSION "1.35"
| #define HAVE_STDIO_H 1
| #define HAVE_STDLIB_H 1
| #define HAVE_STRING_H 1
| #define HAVE_INTTYPES_H 1
| #define HAVE_STDINT_H 1
| #define HAVE_STRINGS_H 1
| #define HAVE_SYS_STAT_H 1
| #define HAVE_SYS_TYPES_H 1
| #define HAVE_UNISTD_H 1
| #define HAVE_WCHAR_H 1
| #define HAVE_FCNTL_H 1
| #define HAVE_LINUX_FD_H 1
| #define HAVE_MEMORY_H 1
| #define HAVE_SGTTY_H 1
| #define HAVE_SYS_PARAM_H 1
| #define HAVE_SYS_MTIO_H 1
| #define HAVE_SYS_TIME_H 1
| #define HAVE_LOCALE_H 1
| #define HAVE_FEATURES_H 1
| #define HAVE_UCHAR_H 1
| #define HAVE_SYS_SOCKET_H 1
| #define HAVE_DIRENT_H 1
| #define HAVE_ERROR_H 1
| #define HAVE_LINUX_XATTR_H 1
| #define HAVE_FNMATCH_H 1
| #define HAVE_STDIO_EXT_H 1
| #define HAVE_GETOPT_H 1
| #define HAVE_SYS_CDEFS_H 1
| #define HAVE_THREADS_H 1
| #define HAVE_LIMITS_H 1
| #define HAVE_WCTYPE_H 1
| #define HAVE_LANGINFO_H 1
| #define HAVE_SYS_MMAN_H 1
| #define HAVE_MALLOC_H 1
| #define HAVE_STDBOOL_H 1
| #define HAVE_STDCKDINT_H 1
| #define HAVE_SYS_RANDOM_H 1
| #define HAVE_SYSEXITS_H 1
| #define HAVE_UTIME_H 1
| #define HAVE_NETDB_H 1
| #define HAVE_SYS_WAIT_H 1
| #define HAVE_PWD_H 1
| #define HAVE_GRP_H 1
| #define STDC_HEADERS 1
| #define _ALL_SOURCE 1
| #define _DARWIN_C_SOURCE 1
| #define _GNU_SOURCE 1
| #define _HPUX_ALT_XOPEN_SOCKET_API 1
| #define _NETBSD_SOURCE 1
| #define _OPENBSD_SOURCE 1
| #define _POSIX_PTHREAD_SEMANTICS 1
| #define __STDC_WANT_IEC_60559_ATTRIBS_EXT__ 1
| #define __STDC_WANT_IEC_60559_BFP_EXT__ 1
| #define __STDC_WANT_IEC_60559_DFP_EXT__ 1
| #define __STDC_WANT_IEC_60559_EXT__ 1
| #define __STDC_WANT_IEC_60559_FUNCS_EXT__ 1
| #define __STDC_WANT_IEC_60559_TYPES_EXT__ 1
| #define __STDC_WANT_LIB_EXT2__ 1
| #define __STDC_WANT_MATH_SPEC_FUNCS__ 1
| #define _TANDEM_SOURCE 1
| #define __EXTENSIONS__ 1
| #define HAVE_FSEEKO 1
| #define __USE_MINGW_ANSI_STDIO 1
| /* end confdefs.h.  */
| #if HAVE_SYS_PARAM_H
| #include <sys/param.h>
| #endif
| 
| #include <sys/buf.h>
configure:8764: result: no
configure:8776: checking for sys/mkdev.h
configure:8776: gcc -c -g -O2  conftest.c >&5
conftest.c:102:10: fatal error: sys/mkdev.h: No such file or directory
  102 | #include <sys/mkdev.h>
      |          ^~~~~~~~~~~~~
compilation terminated.
configure:8776: $? = 1
configure: failed program was:
| /* confdefs.h */
| #define PACKAGE_NAME "GNU tar"
| #define PACKAGE_TARNAME "tar"
| #define PACKAGE_VERSION "1.35"
| #define PACKAGE_STRING "GNU tar 1.35"
| #define PACKAGE_BUGREPORT "bug-tar@gnu.org"
| #define PACKAGE_URL "https://www.gnu.org/software/tar/"
| #define PACKAGE "tar"
| #define VERSION "1.35"
| #define HAVE_STDIO_H 1
| #define HAVE_STDLIB_H 1
| #define HAVE_STRING_H 1
| #define HAVE_INTTYPES_H 1
| #define HAVE_STDINT_H 1
| #define HAVE_STRINGS_H 1
| #define HAVE_SYS_STAT_H 1
| #define HAVE_SYS_TYPES_H 1
| #define HAVE_UNISTD_H 1
| #define HAVE_WCHAR_H 1
| #define HAVE_FCNTL_H 1
| #define HAVE_LINUX_FD_H 1
| #define HAVE_MEMORY_H 1
| #define HAVE_SGTTY_H 1
| #define HAVE_SYS_PARAM_H 1
| #define HAVE_SYS_MTIO_H 1
| #define HAVE_SYS_TIME_H 1
| #define HAVE_LOCALE_H 1
| #define HAVE_FEATURES_H 1
| #define HAVE_UCHAR_H 1
| #define HAVE_SYS_SOCKET_H 1
| #define HAVE_DIRENT_H 1
| #define HAVE_ERROR_H 1
| #define HAVE_LINUX_XATTR_H 1
| #define HAVE_FNMATCH_H 1
| #define HAVE_STDIO_EXT_H 1
| #define HAVE_GETOPT_H 1
| #define HAVE_SYS_CDEFS_H 1
| #define HAVE_THREADS_H 1
| #define HAVE_LIMITS_H 1
| #define HAVE_WCTYPE_H 1
| #define HAVE_LANGINFO_H 1
| #define HAVE_SYS_MMAN_H 1
| #define HAVE_MALLOC_H 1
| #define HAVE_STDBOOL_H 1
| #define HAVE_STDCKDINT_H 1
| #define HAVE_SYS_RANDOM_H 1
| #define HAVE_SYSEXITS_H 1
| #define HAVE_UTIME_H 1
| #define HAVE_NETDB_H 1
| #define HAVE_SYS_WAIT_H 1
| #define HAVE_PWD_H 1
| #define HAVE_GRP_H 1
| #define STDC_HEADERS 1
| #define _ALL_SOURCE 1
| #define _DARWIN_C_SOURCE 1
| #define _GNU_SOURCE 1
| #define _HPUX_ALT_XOPEN_SOCKET_API 1
| #define _NETBSD_SOURCE 1
| #define _OPENBSD_SOURCE 1
| #define _POSIX_PTHREAD_SEMANTICS 1
| #define __STDC_WANT_IEC_60559_ATTRIBS_EXT__ 1
| #define __STDC_WANT_IEC_60559_BFP_EXT__ 1
| #define __STDC_WANT_IEC_60559_DFP_EXT__ 1
| #define __STDC_WANT_IEC_60559_EXT__ 1
| #define __STDC_WANT_IEC_60559_FUNCS_EXT__ 1
| #define __STDC_WANT_IEC_60559_TYPES_EXT__ 1
| #define __STDC_WANT_LIB_EXT2__ 1
| #define __STDC_WANT_MATH_SPEC_FUNCS__ 1
| #define _TANDEM_SOURCE 1
| #define __EXTENSIONS__ 1
| #define HAVE_FSEEKO 1
| #define __USE_MINGW_ANSI_STDIO 1
| /* end confdefs.h.  */
| #include <stddef.h>
| #ifdef HAVE_STDIO_H
| # include <stdio.h>
| #endif
| #ifdef HAVE_STDLIB_H
| # include <stdlib.h>
| #endif
| #ifdef HAVE_STRING_H
| # include <string.h>
| #endif
| #ifdef HAVE_INTTYPES_H
| # include <inttypes.h>
| #endif
| #ifdef HAVE_STDINT_H
| # include <stdint.h>
| #endif
| #ifdef HAVE_STRINGS_H
| # include <strings.h>
| #endif
| #ifdef HAVE_SYS_TYPES_H
| # include <sys/types.h>
| #endif
| #ifdef HAVE_SYS_STAT_H
| # include <sys/stat.h>
| #endif
| #ifdef HAVE_UNISTD_H
| # include <unistd.h>
| #endif
| #include <sys/mkdev.h>
configure:8776: result: no
configure:8785: checking for sys/sysmacros.h
configure:8785: gcc -c -g -O2  conftest.c >&5
configure:8785: $? = 0
configure:8785: result: yes
configure:8796: checking for st_fstype string in struct stat
configure:8815: gcc -c -g -O2  conftest.c >&5
conftest.c: In function 'main':
conftest.c:81:17: error: 'struct stat' has no member named 'st_fstype'
   81 | struct stat s; s.st_fstype[0] = 'x';
      |                 ^
configure:8815: $? = 1
configure: failed program was:
| /* confdefs.h */
| #define PACKAGE_NAME "GNU tar"
| #define PACKAGE_TARNAME "tar"
| #define PACKAGE_VERSION "1.35"
| #define PACKAGE_STRING "GNU tar 1.35"
| #define PACKAGE_BUGREPORT "bug-tar@gnu.org"
| #define PACKAGE_URL "https://www.gnu.org/software/tar/"
| #define PACKAGE "tar"
| #define VERSION "1.35"
| #define HAVE_STDIO_H 1
| #define HAVE_STDLIB_H 1
| #define HAVE_STRING_H 1
| #define HAVE_INTTYPES_H 1
| #define HAVE_STDINT_H 1
| #define HAVE_STRINGS_H 1
| #define HAVE_SYS_STAT_H 1
| #define HAVE_SYS_TYPES_H 1
| #define HAVE_UNISTD_H 1
| #define HAVE_WCHAR_H 1
| #define HAVE_FCNTL_H 1
| #define HAVE_LINUX_FD_H 1
| #define HAVE_MEMORY_H 1
| #define HAVE_SGTTY_H 1
| #define HAVE_SYS_PARAM_H 1
| #define HAVE_SYS_MTIO_H 1
| #define HAVE_SYS_TIME_H 1
| #define HAVE_LOCALE_H 1
| #define HAVE_FEATURES_H 1
| #define HAVE_UCHAR_H 1
| #define HAVE_SYS_SOCKET_H 1
| #define HAVE_DIRENT_H 1
| #define HAVE_ERROR_H 1
| #define HAVE_LINUX_XATTR_H 1
| #define HAVE_FNMATCH_H 1
| #define HAVE_STDIO_EXT_H 1
| #define HAVE_GETOPT_H 1
| #define HAVE_SYS_CDEFS_H 1
| #define HAVE_THREADS_H 1
| #define HAVE_LIMITS_H 1
| #define HAVE_WCTYPE_H 1
| #define HAVE_LANGINFO_H 1
| #define HAVE_SYS_MMAN_H 1
| #define HAVE_MALLOC_H 1
| #define HAVE_STDBOOL_H 1
| #define HAVE_STDCKDINT_H 1
| #define HAVE_SYS_RANDOM_H 1
| #define HAVE_SYSEXITS_H 1
| #define HAVE_UTIME_H 1
| #define HAVE_NETDB_H 1
| #define HAVE_SYS_WAIT_H 1
| #define HAVE_PWD_H 1
| #define HAVE_GRP_H 1
| #define STDC_HEADERS 1
| #define _ALL_SOURCE 1
| #define _DARWIN_C_SOURCE 1
| #define _GNU_SOURCE 1
| #define _HPUX_ALT_XOPEN_SOCKET_API 1
| #define _NETBSD_SOURCE 1
| #define _OPENBSD_SOURCE 1
| #define _POSIX_PTHREAD_SEMANTICS 1
| #define __STDC_WANT_IEC_60559_ATTRIBS_EXT__ 1
| #define __STDC_WANT_IEC_60559_BFP_EXT__ 1
| #define __STDC_WANT_IEC_60559_DFP_EXT__ 1
| #define __STDC_WANT_IEC_60559_EXT__ 1
| #define __STDC_WANT_IEC_60559_FUNCS_EXT__ 1
| #define __STDC_WANT_IEC_60559_TYPES_EXT__ 1
| #define __STDC_WANT_LIB_EXT2__ 1
| #define __STDC_WANT_MATH_SPEC_FUNCS__ 1
| #define _TANDEM_SOURCE 1
| #define __EXTENSIONS__ 1
| #define HAVE_FSEEKO 1
| #define __USE_MINGW_ANSI_STDIO 1
| #define MAJOR_IN_SYSMACROS 1
| /* end confdefs.h.  */
| #include <sys/types.h>
|           #include <sys/stat.h>
| 
| int
| main (void)
| {
| struct stat s; s.st_fstype[0] = 'x';
|   ;
|   return 0;
| }
configure:8824: result: no
configure:8847: checking for sys/acl.h
configure:8847: gcc -c -g -O2  conftest.c >&5
configure:8847: $? = 0
configure:8847: result: yes
configure:8862: checking for library containing acl_get_file
configure:8892: gcc -o conftest -g -O2   conftest.c  >&5
/usr/x86_64-pc-linux-gnu/binutils-bin/2.46.0/ld: /tmp/ccflOupD.o: in function `main':
/home/gentoo/bfs-linux-install/ports/core/tar/work/src/tar-1.35/conftest.c:84:(.text.startup+0x9): undefined reference to `acl_get_file'
collect2: error: ld returned 1 exit status
configure:8892: $? = 1
configure: failed program was:
| /* confdefs.h */
| #define PACKAGE_NAME "GNU tar"
| #define PACKAGE_TARNAME "tar"
| #define PACKAGE_VERSION "1.35"
| #define PACKAGE_STRING "GNU tar 1.35"
| #define PACKAGE_BUGREPORT "bug-tar@gnu.org"
| #define PACKAGE_URL "https://www.gnu.org/software/tar/"
| #define PACKAGE "tar"
| #define VERSION "1.35"
| #define HAVE_STDIO_H 1
| #define HAVE_STDLIB_H 1
| #define HAVE_STRING_H 1
| #define HAVE_INTTYPES_H 1
| #define HAVE_STDINT_H 1
| #define HAVE_STRINGS_H 1
| #define HAVE_SYS_STAT_H 1
| #define HAVE_SYS_TYPES_H 1
| #define HAVE_UNISTD_H 1
| #define HAVE_WCHAR_H 1
| #define HAVE_FCNTL_H 1
| #define HAVE_LINUX_FD_H 1
| #define HAVE_MEMORY_H 1
| #define HAVE_SGTTY_H 1
| #define HAVE_SYS_PARAM_H 1
| #define HAVE_SYS_MTIO_H 1
| #define HAVE_SYS_TIME_H 1
| #define HAVE_LOCALE_H 1
| #define HAVE_FEATURES_H 1
| #define HAVE_UCHAR_H 1
| #define HAVE_SYS_SOCKET_H 1
| #define HAVE_DIRENT_H 1
| #define HAVE_ERROR_H 1
| #define HAVE_LINUX_XATTR_H 1
| #define HAVE_FNMATCH_H 1
| #define HAVE_STDIO_EXT_H 1
| #define HAVE_GETOPT_H 1
| #define HAVE_SYS_CDEFS_H 1
| #define HAVE_THREADS_H 1
| #define HAVE_LIMITS_H 1
| #define HAVE_WCTYPE_H 1
| #define HAVE_LANGINFO_H 1
| #define HAVE_SYS_MMAN_H 1
| #define HAVE_MALLOC_H 1
| #define HAVE_STDBOOL_H 1
| #define HAVE_STDCKDINT_H 1
| #define HAVE_SYS_RANDOM_H 1
| #define HAVE_SYSEXITS_H 1
| #define HAVE_UTIME_H 1
| #define HAVE_NETDB_H 1
| #define HAVE_SYS_WAIT_H 1
| #define HAVE_PWD_H 1
| #define HAVE_GRP_H 1
| #define STDC_HEADERS 1
| #define _ALL_SOURCE 1
| #define _DARWIN_C_SOURCE 1
| #define _GNU_SOURCE 1
| #define _HPUX_ALT_XOPEN_SOCKET_API 1
| #define _NETBSD_SOURCE 1
| #define _OPENBSD_SOURCE 1
| #define _POSIX_PTHREAD_SEMANTICS 1
| #define __STDC_WANT_IEC_60559_ATTRIBS_EXT__ 1
| #define __STDC_WANT_IEC_60559_BFP_EXT__ 1
| #define __STDC_WANT_IEC_60559_DFP_EXT__ 1
| #define __STDC_WANT_IEC_60559_EXT__ 1
| #define __STDC_WANT_IEC_60559_FUNCS_EXT__ 1
| #define __STDC_WANT_IEC_60559_TYPES_EXT__ 1
| #define __STDC_WANT_LIB_EXT2__ 1
| #define __STDC_WANT_MATH_SPEC_FUNCS__ 1
| #define _TANDEM_SOURCE 1
| #define __EXTENSIONS__ 1
| #define HAVE_FSEEKO 1
| #define __USE_MINGW_ANSI_STDIO 1
| #define MAJOR_IN_SYSMACROS 1
| #define HAVE_SYS_ACL_H 1
| /* end confdefs.h.  */
| 
| /* Override any GCC internal prototype to avoid an error.
|    Use char because int might match the return type of a GCC
|    builtin and then its argument prototype would still apply.  */
| char acl_get_file ();
| int
| main (void)
| {
| return acl_get_file ();
|   ;
|   return 0;
| }
configure:8892: gcc -o conftest -g -O2   conftest.c -lacl   >&5
configure:8892: $? = 0
configure:8913: result: -lacl
configure:8862: checking for library containing acl_get_fd
configure:8892: gcc -o conftest -g -O2   conftest.c -lacl  >&5
configure:8892: $? = 0
configure:8913: result: none required
configure:8862: checking for library containing acl_set_file
configure:8892: gcc -o conftest -g -O2   conftest.c -lacl  >&5
configure:8892: $? = 0
configure:8913: result: none required
configure:8862: checking for library containing acl_set_fd
configure:8892: gcc -o conftest -g -O2   conftest.c -lacl  >&5
configure:8892: $? = 0
configure:8913: result: none required
configure:8862: checking for library containing acl_to_text
configure:8892: gcc -o conftest -g -O2   conftest.c -lacl  >&5
configure:8892: $? = 0
configure:8913: result: none required
configure:8862: checking for library containing acl_from_text
configure:8892: gcc -o conftest -g -O2   conftest.c -lacl  >&5
configure:8892: $? = 0
configure:8913: result: none required
configure:8862: checking for library containing acl_delete_def_file
configure:8892: gcc -o conftest -g -O2   conftest.c -lacl  >&5
configure:8892: $? = 0
configure:8913: result: none required
configure:8862: checking for library containing acl_free
configure:8892: gcc -o conftest -g -O2   conftest.c -lacl  >&5
configure:8892: $? = 0
configure:8913: result: none required
configure:8935: checking for mode_t
configure:8935: gcc -c -g -O2  conftest.c >&5
configure:8935: $? = 0
configure:8935: gcc -c -g -O2  conftest.c >&5
conftest.c: In function 'main':
conftest.c:108:21: error: expected expression before ')' token
  108 | if (sizeof ((mode_t)))
      |                     ^
configure:8935: $? = 1
configure: failed program was:
| /* confdefs.h */
| #define PACKAGE_NAME "GNU tar"
| #define PACKAGE_TARNAME "tar"
| #define PACKAGE_VERSION "1.35"
| #define PACKAGE_STRING "GNU tar 1.35"
| #define PACKAGE_BUGREPORT "bug-tar@gnu.org"
| #define PACKAGE_URL "https://www.gnu.org/software/tar/"
| #define PACKAGE "tar"
| #define VERSION "1.35"
| #define HAVE_STDIO_H 1
| #define HAVE_STDLIB_H 1
| #define HAVE_STRING_H 1
| #define HAVE_INTTYPES_H 1
| #define HAVE_STDINT_H 1
| #define HAVE_STRINGS_H 1
| #define HAVE_SYS_STAT_H 1
| #define HAVE_SYS_TYPES_H 1
| #define HAVE_UNISTD_H 1
| #define HAVE_WCHAR_H 1
| #define HAVE_FCNTL_H 1
| #define HAVE_LINUX_FD_H 1
| #define HAVE_MEMORY_H 1
| #define HAVE_SGTTY_H 1
| #define HAVE_SYS_PARAM_H 1
| #define HAVE_SYS_MTIO_H 1
| #define HAVE_SYS_TIME_H 1
| #define HAVE_LOCALE_H 1
| #define HAVE_FEATURES_H 1
| #define HAVE_UCHAR_H 1
| #define HAVE_SYS_SOCKET_H 1
| #define HAVE_DIRENT_H 1
| #define HAVE_ERROR_H 1
| #define HAVE_LINUX_XATTR_H 1
| #define HAVE_FNMATCH_H 1
| #define HAVE_STDIO_EXT_H 1
| #define HAVE_GETOPT_H 1
| #define HAVE_SYS_CDEFS_H 1
| #define HAVE_THREADS_H 1
| #define HAVE_LIMITS_H 1
| #define HAVE_WCTYPE_H 1
| #define HAVE_LANGINFO_H 1
| #define HAVE_SYS_MMAN_H 1
| #define HAVE_MALLOC_H 1
| #define HAVE_STDBOOL_H 1
| #define HAVE_STDCKDINT_H 1
| #define HAVE_SYS_RANDOM_H 1
| #define HAVE_SYSEXITS_H 1
| #define HAVE_UTIME_H 1
| #define HAVE_NETDB_H 1
| #define HAVE_SYS_WAIT_H 1
| #define HAVE_PWD_H 1
| #define HAVE_GRP_H 1
| #define STDC_HEADERS 1
| #define _ALL_SOURCE 1
| #define _DARWIN_C_SOURCE 1
| #define _GNU_SOURCE 1
| #define _HPUX_ALT_XOPEN_SOCKET_API 1
| #define _NETBSD_SOURCE 1
| #define _OPENBSD_SOURCE 1
| #define _POSIX_PTHREAD_SEMANTICS 1
| #define __STDC_WANT_IEC_60559_ATTRIBS_EXT__ 1
| #define __STDC_WANT_IEC_60559_BFP_EXT__ 1
| #define __STDC_WANT_IEC_60559_DFP_EXT__ 1
| #define __STDC_WANT_IEC_60559_EXT__ 1
| #define __STDC_WANT_IEC_60559_FUNCS_EXT__ 1
| #define __STDC_WANT_IEC_60559_TYPES_EXT__ 1
| #define __STDC_WANT_LIB_EXT2__ 1
| #define __STDC_WANT_MATH_SPEC_FUNCS__ 1
| #define _TANDEM_SOURCE 1
| #define __EXTENSIONS__ 1
| #define HAVE_FSEEKO 1
| #define __USE_MINGW_ANSI_STDIO 1
| #define MAJOR_IN_SYSMACROS 1
| #define HAVE_SYS_ACL_H 1
| #define HAVE_POSIX_ACLS /**/
| /* end confdefs.h.  */
| #include <stddef.h>
| #ifdef HAVE_STDIO_H
| # include <stdio.h>
| #endif
| #ifdef HAVE_STDLIB_H
| # include <stdlib.h>
| #endif
| #ifdef HAVE_STRING_H
| # include <string.h>
| #endif
| #ifdef HAVE_INTTYPES_H
| # include <inttypes.h>
| #endif
| #ifdef HAVE_STDINT_H
| # include <stdint.h>
| #endif
| #ifdef HAVE_STRINGS_H
| # include <strings.h>
| #endif
| #ifdef HAVE_SYS_TYPES_H
| # include <sys/types.h>
| #endif
| #ifdef HAVE_SYS_STAT_H
| # include <sys/stat.h>
| #endif
| #ifdef HAVE_UNISTD_H
| # include <unistd.h>
| #endif
| int
| main (void)
| {
| if (sizeof ((mode_t)))
| 	    return 0;
|   ;
|   return 0;
| }
configure:8935: result: yes
configure:8946: checking for pid_t
configure:8946: gcc -c -g -O2  conftest.c >&5
configure:8946: $? = 0
configure:8946: gcc -c -g -O2  conftest.c >&5
conftest.c: In function 'main':
conftest.c:109:20: error: expected expression before ')' token
  109 | if (sizeof ((pid_t)))
      |                    ^
configure:8946: $? = 1
configure: failed program was:
| /* confdefs.h */
| #define PACKAGE_NAME "GNU tar"
| #define PACKAGE_TARNAME "tar"
| #define PACKAGE_VERSION "1.35"
| #define PACKAGE_STRING "GNU tar 1.35"
| #define PACKAGE_BUGREPORT "bug-tar@gnu.org"
| #define PACKAGE_URL "https://www.gnu.org/software/tar/"
| #define PACKAGE "tar"
| #define VERSION "1.35"
| #define HAVE_STDIO_H 1
| #define HAVE_STDLIB_H 1
| #define HAVE_STRING_H 1
| #define HAVE_INTTYPES_H 1
| #define HAVE_STDINT_H 1
| #define HAVE_STRINGS_H 1
| #define HAVE_SYS_STAT_H 1
| #define HAVE_SYS_TYPES_H 1
| #define HAVE_UNISTD_H 1
| #define HAVE_WCHAR_H 1
| #define HAVE_FCNTL_H 1
| #define HAVE_LINUX_FD_H 1
| #define HAVE_MEMORY_H 1
| #define HAVE_SGTTY_H 1
| #define HAVE_SYS_PARAM_H 1
| #define HAVE_SYS_MTIO_H 1
| #define HAVE_SYS_TIME_H 1
| #define HAVE_LOCALE_H 1
| #define HAVE_FEATURES_H 1
| #define HAVE_UCHAR_H 1
| #define HAVE_SYS_SOCKET_H 1
| #define HAVE_DIRENT_H 1
| #define HAVE_ERROR_H 1
| #define HAVE_LINUX_XATTR_H 1
| #define HAVE_FNMATCH_H 1
| #define HAVE_STDIO_EXT_H 1
| #define HAVE_GETOPT_H 1
| #define HAVE_SYS_CDEFS_H 1
| #define HAVE_THREADS_H 1
| #define HAVE_LIMITS_H 1
| #define HAVE_WCTYPE_H 1
| #define HAVE_LANGINFO_H 1
| #define HAVE_SYS_MMAN_H 1
| #define HAVE_MALLOC_H 1
| #define HAVE_STDBOOL_H 1
| #define HAVE_STDCKDINT_H 1
| #define HAVE_SYS_RANDOM_H 1
| #define HAVE_SYSEXITS_H 1
| #define HAVE_UTIME_H 1
| #define HAVE_NETDB_H 1
| #define HAVE_SYS_WAIT_H 1
| #define HAVE_PWD_H 1
| #define HAVE_GRP_H 1
| #define STDC_HEADERS 1
| #define _ALL_SOURCE 1
| #define _DARWIN_C_SOURCE 1
| #define _GNU_SOURCE 1
| #define _HPUX_ALT_XOPEN_SOCKET_API 1
| #define _NETBSD_SOURCE 1
| #define _OPENBSD_SOURCE 1
| #define _POSIX_PTHREAD_SEMANTICS 1
| #define __STDC_WANT_IEC_60559_ATTRIBS_EXT__ 1
| #define __STDC_WANT_IEC_60559_BFP_EXT__ 1
| #define __STDC_WANT_IEC_60559_DFP_EXT__ 1
| #define __STDC_WANT_IEC_60559_EXT__ 1
| #define __STDC_WANT_IEC_60559_FUNCS_EXT__ 1
| #define __STDC_WANT_IEC_60559_TYPES_EXT__ 1
| #define __STDC_WANT_LIB_EXT2__ 1
| #define __STDC_WANT_MATH_SPEC_FUNCS__ 1
| #define _TANDEM_SOURCE 1
| #define __EXTENSIONS__ 1
| #define HAVE_FSEEKO 1
| #define __USE_MINGW_ANSI_STDIO 1
| #define MAJOR_IN_SYSMACROS 1
| #define HAVE_SYS_ACL_H 1
| #define HAVE_POSIX_ACLS /**/
| /* end confdefs.h.  */
| #include <stddef.h>
| #ifdef HAVE_STDIO_H
| # include <stdio.h>
| #endif
| #ifdef HAVE_STDLIB_H
| # include <stdlib.h>
| #endif
| #ifdef HAVE_STRING_H
| # include <string.h>
| #endif
| #ifdef HAVE_INTTYPES_H
| # include <inttypes.h>
| #endif
| #ifdef HAVE_STDINT_H
| # include <stdint.h>
| #endif
| #ifdef HAVE_STRINGS_H
| # include <strings.h>
| #endif
| #ifdef HAVE_SYS_TYPES_H
| # include <sys/types.h>
| #endif
| #ifdef HAVE_SYS_STAT_H
| # include <sys/stat.h>
| #endif
| #ifdef HAVE_UNISTD_H
| # include <unistd.h>
| #endif
| 
| int
| main (void)
| {
| if (sizeof ((pid_t)))
| 	    return 0;
|   ;
|   return 0;
| }
configure:8946: result: yes
configure:8982: checking for off_t
configure:8982: gcc -c -g -O2  conftest.c >&5
configure:8982: $? = 0
configure:8982: gcc -c -g -O2  conftest.c >&5
conftest.c: In function 'main':
conftest.c:108:20: error: expected expression before ')' token
  108 | if (sizeof ((off_t)))
      |                    ^
configure:8982: $? = 1
configure: failed program was:
| /* confdefs.h */
| #define PACKAGE_NAME "GNU tar"
| #define PACKAGE_TARNAME "tar"
| #define PACKAGE_VERSION "1.35"
| #define PACKAGE_STRING "GNU tar 1.35"
| #define PACKAGE_BUGREPORT "bug-tar@gnu.org"
| #define PACKAGE_URL "https://www.gnu.org/software/tar/"
| #define PACKAGE "tar"
| #define VERSION "1.35"
| #define HAVE_STDIO_H 1
| #define HAVE_STDLIB_H 1
| #define HAVE_STRING_H 1
| #define HAVE_INTTYPES_H 1
| #define HAVE_STDINT_H 1
| #define HAVE_STRINGS_H 1
| #define HAVE_SYS_STAT_H 1
| #define HAVE_SYS_TYPES_H 1
| #define HAVE_UNISTD_H 1
| #define HAVE_WCHAR_H 1
| #define HAVE_FCNTL_H 1
| #define HAVE_LINUX_FD_H 1
| #define HAVE_MEMORY_H 1
| #define HAVE_SGTTY_H 1
| #define HAVE_SYS_PARAM_H 1
| #define HAVE_SYS_MTIO_H 1
| #define HAVE_SYS_TIME_H 1
| #define HAVE_LOCALE_H 1
| #define HAVE_FEATURES_H 1
| #define HAVE_UCHAR_H 1
| #define HAVE_SYS_SOCKET_H 1
| #define HAVE_DIRENT_H 1
| #define HAVE_ERROR_H 1
| #define HAVE_LINUX_XATTR_H 1
| #define HAVE_FNMATCH_H 1
| #define HAVE_STDIO_EXT_H 1
| #define HAVE_GETOPT_H 1
| #define HAVE_SYS_CDEFS_H 1
| #define HAVE_THREADS_H 1
| #define HAVE_LIMITS_H 1
| #define HAVE_WCTYPE_H 1
| #define HAVE_LANGINFO_H 1
| #define HAVE_SYS_MMAN_H 1
| #define HAVE_MALLOC_H 1
| #define HAVE_STDBOOL_H 1
| #define HAVE_STDCKDINT_H 1
| #define HAVE_SYS_RANDOM_H 1
| #define HAVE_SYSEXITS_H 1
| #define HAVE_UTIME_H 1
| #define HAVE_NETDB_H 1
| #define HAVE_SYS_WAIT_H 1
| #define HAVE_PWD_H 1
| #define HAVE_GRP_H 1
| #define STDC_HEADERS 1
| #define _ALL_SOURCE 1
| #define _DARWIN_C_SOURCE 1
| #define _GNU_SOURCE 1
| #define _HPUX_ALT_XOPEN_SOCKET_API 1
| #define _NETBSD_SOURCE 1
| #define _OPENBSD_SOURCE 1
| #define _POSIX_PTHREAD_SEMANTICS 1
| #define __STDC_WANT_IEC_60559_ATTRIBS_EXT__ 1
| #define __STDC_WANT_IEC_60559_BFP_EXT__ 1
| #define __STDC_WANT_IEC_60559_DFP_EXT__ 1
| #define __STDC_WANT_IEC_60559_EXT__ 1
| #define __STDC_WANT_IEC_60559_FUNCS_EXT__ 1
| #define __STDC_WANT_IEC_60559_TYPES_EXT__ 1
| #define __STDC_WANT_LIB_EXT2__ 1
| #define __STDC_WANT_MATH_SPEC_FUNCS__ 1
| #define _TANDEM_SOURCE 1
| #define __EXTENSIONS__ 1
| #define HAVE_FSEEKO 1
| #define __USE_MINGW_ANSI_STDIO 1
| #define MAJOR_IN_SYSMACROS 1
| #define HAVE_SYS_ACL_H 1
| #define HAVE_POSIX_ACLS /**/
| /* end confdefs.h.  */
| #include <stddef.h>
| #ifdef HAVE_STDIO_H
| # include <stdio.h>
| #endif
| #ifdef HAVE_STDLIB_H
| # include <stdlib.h>
| #endif
| #ifdef HAVE_STRING_H
| # include <string.h>
| #endif
| #ifdef HAVE_INTTYPES_H
| # include <inttypes.h>
| #endif
| #ifdef HAVE_STDINT_H
| # include <stdint.h>
| #endif
| #ifdef HAVE_STRINGS_H
| # include <strings.h>
| #endif
| #ifdef HAVE_SYS_TYPES_H
| # include <sys/types.h>
| #endif
| #ifdef HAVE_SYS_STAT_H
| # include <sys/stat.h>
| #endif
| #ifdef HAVE_UNISTD_H
| # include <unistd.h>
| #endif
| int
| main (void)
| {
| if (sizeof ((off_t)))
| 	    return 0;
|   ;
|   return 0;
| }
configure:8982: result: yes
configure:8992: checking for uid_t in sys/types.h
configure:9013: result: yes
configure:9024: checking for major_t
configure:9024: gcc -c -g -O2  conftest.c >&5
conftest.c: In function 'main':
conftest.c:108:13: error: 'major_t' undeclared (first use in this function); did you mean 'abort'?
  108 | if (sizeof (major_t))
      |             ^~~~~~~
      |             abort
conftest.c:108:13: note: each undeclared identifier is reported only once for each function it appears in
configure:9024: $? = 1
configure: failed program was:
| /* confdefs.h */
| #define PACKAGE_NAME "GNU tar"
| #define PACKAGE_TARNAME "tar"
| #define PACKAGE_VERSION "1.35"
| #define PACKAGE_STRING "GNU tar 1.35"
| #define PACKAGE_BUGREPORT "bug-tar@gnu.org"
| #define PACKAGE_URL "https://www.gnu.org/software/tar/"
| #define PACKAGE "tar"
| #define VERSION "1.35"
| #define HAVE_STDIO_H 1
| #define HAVE_STDLIB_H 1
| #define HAVE_STRING_H 1
| #define HAVE_INTTYPES_H 1
| #define HAVE_STDINT_H 1
| #define HAVE_STRINGS_H 1
| #define HAVE_SYS_STAT_H 1
| #define HAVE_SYS_TYPES_H 1
| #define HAVE_UNISTD_H 1
| #define HAVE_WCHAR_H 1
| #define HAVE_FCNTL_H 1
| #define HAVE_LINUX_FD_H 1
| #define HAVE_MEMORY_H 1
| #define HAVE_SGTTY_H 1
| #define HAVE_SYS_PARAM_H 1
| #define HAVE_SYS_MTIO_H 1
| #define HAVE_SYS_TIME_H 1
| #define HAVE_LOCALE_H 1
| #define HAVE_FEATURES_H 1
| #define HAVE_UCHAR_H 1
| #define HAVE_SYS_SOCKET_H 1
| #define HAVE_DIRENT_H 1
| #define HAVE_ERROR_H 1
| #define HAVE_LINUX_XATTR_H 1
| #define HAVE_FNMATCH_H 1
| #define HAVE_STDIO_EXT_H 1
| #define HAVE_GETOPT_H 1
| #define HAVE_SYS_CDEFS_H 1
| #define HAVE_THREADS_H 1
| #define HAVE_LIMITS_H 1
| #define HAVE_WCTYPE_H 1
| #define HAVE_LANGINFO_H 1
| #define HAVE_SYS_MMAN_H 1
| #define HAVE_MALLOC_H 1
| #define HAVE_STDBOOL_H 1
| #define HAVE_STDCKDINT_H 1
| #define HAVE_SYS_RANDOM_H 1
| #define HAVE_SYSEXITS_H 1
| #define HAVE_UTIME_H 1
| #define HAVE_NETDB_H 1
| #define HAVE_SYS_WAIT_H 1
| #define HAVE_PWD_H 1
| #define HAVE_GRP_H 1
| #define STDC_HEADERS 1
| #define _ALL_SOURCE 1
| #define _DARWIN_C_SOURCE 1
| #define _GNU_SOURCE 1
| #define _HPUX_ALT_XOPEN_SOCKET_API 1
| #define _NETBSD_SOURCE 1
| #define _OPENBSD_SOURCE 1
| #define _POSIX_PTHREAD_SEMANTICS 1
| #define __STDC_WANT_IEC_60559_ATTRIBS_EXT__ 1
| #define __STDC_WANT_IEC_60559_BFP_EXT__ 1
| #define __STDC_WANT_IEC_60559_DFP_EXT__ 1
| #define __STDC_WANT_IEC_60559_EXT__ 1
| #define __STDC_WANT_IEC_60559_FUNCS_EXT__ 1
| #define __STDC_WANT_IEC_60559_TYPES_EXT__ 1
| #define __STDC_WANT_LIB_EXT2__ 1
| #define __STDC_WANT_MATH_SPEC_FUNCS__ 1
| #define _TANDEM_SOURCE 1
| #define __EXTENSIONS__ 1
| #define HAVE_FSEEKO 1
| #define __USE_MINGW_ANSI_STDIO 1
| #define MAJOR_IN_SYSMACROS 1
| #define HAVE_SYS_ACL_H 1
| #define HAVE_POSIX_ACLS /**/
| /* end confdefs.h.  */
| #include <stddef.h>
| #ifdef HAVE_STDIO_H
| # include <stdio.h>
| #endif
| #ifdef HAVE_STDLIB_H
| # include <stdlib.h>
| #endif
| #ifdef HAVE_STRING_H
| # include <string.h>
| #endif
| #ifdef HAVE_INTTYPES_H
| # include <inttypes.h>
| #endif
| #ifdef HAVE_STDINT_H
| # include <stdint.h>
| #endif
| #ifdef HAVE_STRINGS_H
| # include <strings.h>
| #endif
| #ifdef HAVE_SYS_TYPES_H
| # include <sys/types.h>
| #endif
| #ifdef HAVE_SYS_STAT_H
| # include <sys/stat.h>
| #endif
| #ifdef HAVE_UNISTD_H
| # include <unistd.h>
| #endif
| int
| main (void)
| {
| if (sizeof (major_t))
| 	 return 0;
|   ;
|   return 0;
| }
configure:9024: result: no
configure:9034: checking for minor_t
configure:9034: gcc -c -g -O2  conftest.c >&5
conftest.c: In function 'main':
conftest.c:109:13: error: 'minor_t' undeclared (first use in this function); did you mean 'ino_t'?
  109 | if (sizeof (minor_t))
      |             ^~~~~~~
      |             ino_t
conftest.c:109:13: note: each undeclared identifier is reported only once for each function it appears in
configure:9034: $? = 1
configure: failed program was:
| /* confdefs.h */
| #define PACKAGE_NAME "GNU tar"
| #define PACKAGE_TARNAME "tar"
| #define PACKAGE_VERSION "1.35"
| #define PACKAGE_STRING "GNU tar 1.35"
| #define PACKAGE_BUGREPORT "bug-tar@gnu.org"
| #define PACKAGE_URL "https://www.gnu.org/software/tar/"
| #define PACKAGE "tar"
| #define VERSION "1.35"
| #define HAVE_STDIO_H 1
| #define HAVE_STDLIB_H 1
| #define HAVE_STRING_H 1
| #define HAVE_INTTYPES_H 1
| #define HAVE_STDINT_H 1
| #define HAVE_STRINGS_H 1
| #define HAVE_SYS_STAT_H 1
| #define HAVE_SYS_TYPES_H 1
| #define HAVE_UNISTD_H 1
| #define HAVE_WCHAR_H 1
| #define HAVE_FCNTL_H 1
| #define HAVE_LINUX_FD_H 1
| #define HAVE_MEMORY_H 1
| #define HAVE_SGTTY_H 1
| #define HAVE_SYS_PARAM_H 1
| #define HAVE_SYS_MTIO_H 1
| #define HAVE_SYS_TIME_H 1
| #define HAVE_LOCALE_H 1
| #define HAVE_FEATURES_H 1
| #define HAVE_UCHAR_H 1
| #define HAVE_SYS_SOCKET_H 1
| #define HAVE_DIRENT_H 1
| #define HAVE_ERROR_H 1
| #define HAVE_LINUX_XATTR_H 1
| #define HAVE_FNMATCH_H 1
| #define HAVE_STDIO_EXT_H 1
| #define HAVE_GETOPT_H 1
| #define HAVE_SYS_CDEFS_H 1
| #define HAVE_THREADS_H 1
| #define HAVE_LIMITS_H 1
| #define HAVE_WCTYPE_H 1
| #define HAVE_LANGINFO_H 1
| #define HAVE_SYS_MMAN_H 1
| #define HAVE_MALLOC_H 1
| #define HAVE_STDBOOL_H 1
| #define HAVE_STDCKDINT_H 1
| #define HAVE_SYS_RANDOM_H 1
| #define HAVE_SYSEXITS_H 1
| #define HAVE_UTIME_H 1
| #define HAVE_NETDB_H 1
| #define HAVE_SYS_WAIT_H 1
| #define HAVE_PWD_H 1
| #define HAVE_GRP_H 1
| #define STDC_HEADERS 1
| #define _ALL_SOURCE 1
| #define _DARWIN_C_SOURCE 1
| #define _GNU_SOURCE 1
| #define _HPUX_ALT_XOPEN_SOCKET_API 1
| #define _NETBSD_SOURCE 1
| #define _OPENBSD_SOURCE 1
| #define _POSIX_PTHREAD_SEMANTICS 1
| #define __STDC_WANT_IEC_60559_ATTRIBS_EXT__ 1
| #define __STDC_WANT_IEC_60559_BFP_EXT__ 1
| #define __STDC_WANT_IEC_60559_DFP_EXT__ 1
| #define __STDC_WANT_IEC_60559_EXT__ 1
| #define __STDC_WANT_IEC_60559_FUNCS_EXT__ 1
| #define __STDC_WANT_IEC_60559_TYPES_EXT__ 1
| #define __STDC_WANT_LIB_EXT2__ 1
| #define __STDC_WANT_MATH_SPEC_FUNCS__ 1
| #define _TANDEM_SOURCE 1
| #define __EXTENSIONS__ 1
| #define HAVE_FSEEKO 1
| #define __USE_MINGW_ANSI_STDIO 1
| #define MAJOR_IN_SYSMACROS 1
| #define HAVE_SYS_ACL_H 1
| #define HAVE_POSIX_ACLS /**/
| #define major_t int
| /* end confdefs.h.  */
| #include <stddef.h>
| #ifdef HAVE_STDIO_H
| # include <stdio.h>
| #endif
| #ifdef HAVE_STDLIB_H
| # include <stdlib.h>
| #endif
| #ifdef HAVE_STRING_H
| # include <string.h>
| #endif
| #ifdef HAVE_INTTYPES_H
| # include <inttypes.h>
| #endif
| #ifdef HAVE_STDINT_H
| # include <stdint.h>
| #endif
| #ifdef HAVE_STRINGS_H
| # include <strings.h>
| #endif
| #ifdef HAVE_SYS_TYPES_H
| # include <sys/types.h>
| #endif
| #ifdef HAVE_SYS_STAT_H
| # include <sys/stat.h>
| #endif
| #ifdef HAVE_UNISTD_H
| # include <unistd.h>
| #endif
| int
| main (void)
| {
| if (sizeof (minor_t))
| 	 return 0;
|   ;
|   return 0;
| }
configure:9034: result: no
configure:9044: checking for dev_t
configure:9044: gcc -c -g -O2  conftest.c >&5
configure:9044: $? = 0
configure:9044: gcc -c -g -O2  conftest.c >&5
conftest.c: In function 'main':
conftest.c:110:20: error: expected expression before ')' token
  110 | if (sizeof ((dev_t)))
      |                    ^
configure:9044: $? = 1
configure: failed program was:
| /* confdefs.h */
| #define PACKAGE_NAME "GNU tar"
| #define PACKAGE_TARNAME "tar"
| #define PACKAGE_VERSION "1.35"
| #define PACKAGE_STRING "GNU tar 1.35"
| #define PACKAGE_BUGREPORT "bug-tar@gnu.org"
| #define PACKAGE_URL "https://www.gnu.org/software/tar/"
| #define PACKAGE "tar"
| #define VERSION "1.35"
| #define HAVE_STDIO_H 1
| #define HAVE_STDLIB_H 1
| #define HAVE_STRING_H 1
| #define HAVE_INTTYPES_H 1
| #define HAVE_STDINT_H 1
| #define HAVE_STRINGS_H 1
| #define HAVE_SYS_STAT_H 1
| #define HAVE_SYS_TYPES_H 1
| #define HAVE_UNISTD_H 1
| #define HAVE_WCHAR_H 1
| #define HAVE_FCNTL_H 1
| #define HAVE_LINUX_FD_H 1
| #define HAVE_MEMORY_H 1
| #define HAVE_SGTTY_H 1
| #define HAVE_SYS_PARAM_H 1
| #define HAVE_SYS_MTIO_H 1
| #define HAVE_SYS_TIME_H 1
| #define HAVE_LOCALE_H 1
| #define HAVE_FEATURES_H 1
| #define HAVE_UCHAR_H 1
| #define HAVE_SYS_SOCKET_H 1
| #define HAVE_DIRENT_H 1
| #define HAVE_ERROR_H 1
| #define HAVE_LINUX_XATTR_H 1
| #define HAVE_FNMATCH_H 1
| #define HAVE_STDIO_EXT_H 1
| #define HAVE_GETOPT_H 1
| #define HAVE_SYS_CDEFS_H 1
| #define HAVE_THREADS_H 1
| #define HAVE_LIMITS_H 1
| #define HAVE_WCTYPE_H 1
| #define HAVE_LANGINFO_H 1
| #define HAVE_SYS_MMAN_H 1
| #define HAVE_MALLOC_H 1
| #define HAVE_STDBOOL_H 1
| #define HAVE_STDCKDINT_H 1
| #define HAVE_SYS_RANDOM_H 1
| #define HAVE_SYSEXITS_H 1
| #define HAVE_UTIME_H 1
| #define HAVE_NETDB_H 1
| #define HAVE_SYS_WAIT_H 1
| #define HAVE_PWD_H 1
| #define HAVE_GRP_H 1
| #define STDC_HEADERS 1
| #define _ALL_SOURCE 1
| #define _DARWIN_C_SOURCE 1
| #define _GNU_SOURCE 1
| #define _HPUX_ALT_XOPEN_SOCKET_API 1
| #define _NETBSD_SOURCE 1
| #define _OPENBSD_SOURCE 1
| #define _POSIX_PTHREAD_SEMANTICS 1
| #define __STDC_WANT_IEC_60559_ATTRIBS_EXT__ 1
| #define __STDC_WANT_IEC_60559_BFP_EXT__ 1
| #define __STDC_WANT_IEC_60559_DFP_EXT__ 1
| #define __STDC_WANT_IEC_60559_EXT__ 1
| #define __STDC_WANT_IEC_60559_FUNCS_EXT__ 1
| #define __STDC_WANT_IEC_60559_TYPES_EXT__ 1
| #define __STDC_WANT_LIB_EXT2__ 1
| #define __STDC_WANT_MATH_SPEC_FUNCS__ 1
| #define _TANDEM_SOURCE 1
| #define __EXTENSIONS__ 1
| #define HAVE_FSEEKO 1
| #define __USE_MINGW_ANSI_STDIO 1
| #define MAJOR_IN_SYSMACROS 1
| #define HAVE_SYS_ACL_H 1
| #define HAVE_POSIX_ACLS /**/
| #define major_t int
| #define minor_t int
| /* end confdefs.h.  */
| #include <stddef.h>
| #ifdef HAVE_STDIO_H
| # include <stdio.h>
| #endif
| #ifdef HAVE_STDLIB_H
| # include <stdlib.h>
| #endif
| #ifdef HAVE_STRING_H
| # include <string.h>
| #endif
| #ifdef HAVE_INTTYPES_H
| # include <inttypes.h>
| #endif
| #ifdef HAVE_STDINT_H
| # include <stdint.h>
| #endif
| #ifdef HAVE_STRINGS_H
| # include <strings.h>
| #endif
| #ifdef HAVE_SYS_TYPES_H
| # include <sys/types.h>
| #endif
| #ifdef HAVE_SYS_STAT_H
| # include <sys/stat.h>
| #endif
| #ifdef HAVE_UNISTD_H
| # include <unistd.h>
| #endif
| int
| main (void)
| {
| if (sizeof ((dev_t)))
| 	    return 0;
|   ;
|   return 0;
| }
configure:9044: result: yes
configure:9054: checking for ino_t
configure:9054: gcc -c -g -O2  conftest.c >&5
configure:9054: $? = 0
configure:9054: gcc -c -g -O2  conftest.c >&5
conftest.c: In function 'main':
conftest.c:110:20: error: expected expression before ')' token
  110 | if (sizeof ((ino_t)))
      |                    ^
configure:9054: $? = 1
configure: failed program was:
| /* confdefs.h */
| #define PACKAGE_NAME "GNU tar"
| #define PACKAGE_TARNAME "tar"
| #define PACKAGE_VERSION "1.35"
| #define PACKAGE_STRING "GNU tar 1.35"
| #define PACKAGE_BUGREPORT "bug-tar@gnu.org"
| #define PACKAGE_URL "https://www.gnu.org/software/tar/"
| #define PACKAGE "tar"
| #define VERSION "1.35"
| #define HAVE_STDIO_H 1
| #define HAVE_STDLIB_H 1
| #define HAVE_STRING_H 1
| #define HAVE_INTTYPES_H 1
| #define HAVE_STDINT_H 1
| #define HAVE_STRINGS_H 1
| #define HAVE_SYS_STAT_H 1
| #define HAVE_SYS_TYPES_H 1
| #define HAVE_UNISTD_H 1
| #define HAVE_WCHAR_H 1
| #define HAVE_FCNTL_H 1
| #define HAVE_LINUX_FD_H 1
| #define HAVE_MEMORY_H 1
| #define HAVE_SGTTY_H 1
| #define HAVE_SYS_PARAM_H 1
| #define HAVE_SYS_MTIO_H 1
| #define HAVE_SYS_TIME_H 1
| #define HAVE_LOCALE_H 1
| #define HAVE_FEATURES_H 1
| #define HAVE_UCHAR_H 1
| #define HAVE_SYS_SOCKET_H 1
| #define HAVE_DIRENT_H 1
| #define HAVE_ERROR_H 1
| #define HAVE_LINUX_XATTR_H 1
| #define HAVE_FNMATCH_H 1
| #define HAVE_STDIO_EXT_H 1
| #define HAVE_GETOPT_H 1
| #define HAVE_SYS_CDEFS_H 1
| #define HAVE_THREADS_H 1
| #define HAVE_LIMITS_H 1
| #define HAVE_WCTYPE_H 1
| #define HAVE_LANGINFO_H 1
| #define HAVE_SYS_MMAN_H 1
| #define HAVE_MALLOC_H 1
| #define HAVE_STDBOOL_H 1
| #define HAVE_STDCKDINT_H 1
| #define HAVE_SYS_RANDOM_H 1
| #define HAVE_SYSEXITS_H 1
| #define HAVE_UTIME_H 1
| #define HAVE_NETDB_H 1
| #define HAVE_SYS_WAIT_H 1
| #define HAVE_PWD_H 1
| #define HAVE_GRP_H 1
| #define STDC_HEADERS 1
| #define _ALL_SOURCE 1
| #define _DARWIN_C_SOURCE 1
| #define _GNU_SOURCE 1
| #define _HPUX_ALT_XOPEN_SOCKET_API 1
| #define _NETBSD_SOURCE 1
| #define _OPENBSD_SOURCE 1
| #define _POSIX_PTHREAD_SEMANTICS 1
| #define __STDC_WANT_IEC_60559_ATTRIBS_EXT__ 1
| #define __STDC_WANT_IEC_60559_BFP_EXT__ 1
| #define __STDC_WANT_IEC_60559_DFP_EXT__ 1
| #define __STDC_WANT_IEC_60559_EXT__ 1
| #define __STDC_WANT_IEC_60559_FUNCS_EXT__ 1
| #define __STDC_WANT_IEC_60559_TYPES_EXT__ 1
| #define __STDC_WANT_LIB_EXT2__ 1
| #define __STDC_WANT_MATH_SPEC_FUNCS__ 1
| #define _TANDEM_SOURCE 1
| #define __EXTENSIONS__ 1
| #define HAVE_FSEEKO 1
| #define __USE_MINGW_ANSI_STDIO 1
| #define MAJOR_IN_SYSMACROS 1
| #define HAVE_SYS_ACL_H 1
| #define HAVE_POSIX_ACLS /**/
| #define major_t int
| #define minor_t int
| /* end confdefs.h.  */
| #include <stddef.h>
| #ifdef HAVE_STDIO_H
| # include <stdio.h>
| #endif
| #ifdef HAVE_STDLIB_H
| # include <stdlib.h>
| #endif
| #ifdef HAVE_STRING_H
| # include <string.h>
| #endif
| #ifdef HAVE_INTTYPES_H
| # include <inttypes.h>
| #endif
| #ifdef HAVE_STDINT_H
| # include <stdint.h>
| #endif
| #ifdef HAVE_STRINGS_H
| # include <strings.h>
| #endif
| #ifdef HAVE_SYS_TYPES_H
| # include <sys/types.h>
| #endif
| #ifdef HAVE_SYS_STAT_H
| # include <sys/stat.h>
| #endif
| #ifdef HAVE_UNISTD_H
| # include <unistd.h>
| #endif
| int
| main (void)
| {
| if (sizeof ((ino_t)))
| 	    return 0;
|   ;
|   return 0;
| }
configure:9054: result: yes
configure:9066: checking for ssize_t
configure:9084: gcc -c -g -O2  conftest.c >&5
configure:9084: $? = 0
configure:9092: result: yes
configure:9186: checking for fchmod
configure:9186: gcc -o conftest -g -O2   conftest.c -lacl  >&5
configure:9186: $? = 0
configure:9186: result: yes
configure:9186: checking for flockfile
configure:9186: gcc -o conftest -g -O2   conftest.c -lacl  >&5
configure:9186: $? = 0
configure:9186: result: yes
configure:9186: checking for funlockfile
configure:9186: gcc -o conftest -g -O2   conftest.c -lacl  >&5
configure:9186: $? = 0
configure:9186: result: yes
configure:9186: checking for pathconf
configure:9186: gcc -o conftest -g -O2   conftest.c -lacl  >&5
configure:9186: $? = 0
configure:9186: result: yes
configure:9186: checking for btowc
configure:9186: gcc -o conftest -g -O2   conftest.c -lacl  >&5
configure:9186: $? = 0
configure:9186: result: yes
configure:9186: checking for mbrtowc
configure:9186: gcc -o conftest -g -O2   conftest.c -lacl  >&5
configure:9186: $? = 0
configure:9186: result: yes
configure:9186: checking for mbsinit
configure:9186: gcc -o conftest -g -O2   conftest.c -lacl  >&5
configure:9186: $? = 0
configure:9186: result: yes
configure:9186: checking for canonicalize_file_name
configure:9186: gcc -o conftest -g -O2   conftest.c -lacl  >&5
configure:9186: $? = 0
configure:9186: result: yes
configure:9186: checking for realpath
configure:9186: gcc -o conftest -g -O2   conftest.c -lacl  >&5
configure:9186: $? = 0
configure:9186: result: yes
configure:9186: checking for lstat
configure:9186: gcc -o conftest -g -O2   conftest.c -lacl  >&5
configure:9186: $? = 0
configure:9186: result: yes
configure:9186: checking for chown
configure:9186: gcc -o conftest -g -O2   conftest.c -lacl  >&5
configure:9186: $? = 0
configure:9186: result: yes
configure:9186: checking for fchown
configure:9186: gcc -o conftest -g -O2   conftest.c -lacl  >&5
configure:9186: $? = 0
configure:9186: result: yes
configure:9186: checking for _set_invalid_parameter_handler
configure:9186: gcc -o conftest -g -O2   conftest.c -lacl  >&5
/usr/x86_64-pc-linux-gnu/binutils-bin/2.46.0/ld: /tmp/ccsJmHw3.o: in function `main':
/home/gentoo/bfs-linux-install/ports/core/tar/work/src/tar-1.35/conftest.c:118:(.text.startup+0x9): undefined reference to `_set_invalid_parameter_handler'
collect2: error: ld returned 1 exit status
configure:9186: $? = 1
configure: failed program was:
| /* confdefs.h */
| #define PACKAGE_NAME "GNU tar"
| #define PACKAGE_TARNAME "tar"
| #define PACKAGE_VERSION "1.35"
| #define PACKAGE_STRING "GNU tar 1.35"
| #define PACKAGE_BUGREPORT "bug-tar@gnu.org"
| #define PACKAGE_URL "https://www.gnu.org/software/tar/"
| #define PACKAGE "tar"
| #define VERSION "1.35"
| #define HAVE_STDIO_H 1
| #define HAVE_STDLIB_H 1
| #define HAVE_STRING_H 1
| #define HAVE_INTTYPES_H 1
| #define HAVE_STDINT_H 1
| #define HAVE_STRINGS_H 1
| #define HAVE_SYS_STAT_H 1
| #define HAVE_SYS_TYPES_H 1
| #define HAVE_UNISTD_H 1
| #define HAVE_WCHAR_H 1
| #define HAVE_FCNTL_H 1
| #define HAVE_LINUX_FD_H 1
| #define HAVE_MEMORY_H 1
| #define HAVE_SGTTY_H 1
| #define HAVE_SYS_PARAM_H 1
| #define HAVE_SYS_MTIO_H 1
| #define HAVE_SYS_TIME_H 1
| #define HAVE_LOCALE_H 1
| #define HAVE_FEATURES_H 1
| #define HAVE_UCHAR_H 1
| #define HAVE_SYS_SOCKET_H 1
| #define HAVE_DIRENT_H 1
| #define HAVE_ERROR_H 1
| #define HAVE_LINUX_XATTR_H 1
| #define HAVE_FNMATCH_H 1
| #define HAVE_STDIO_EXT_H 1
| #define HAVE_GETOPT_H 1
| #define HAVE_SYS_CDEFS_H 1
| #define HAVE_THREADS_H 1
| #define HAVE_LIMITS_H 1
| #define HAVE_WCTYPE_H 1
| #define HAVE_LANGINFO_H 1
| #define HAVE_SYS_MMAN_H 1
| #define HAVE_MALLOC_H 1
| #define HAVE_STDBOOL_H 1
| #define HAVE_STDCKDINT_H 1
| #define HAVE_SYS_RANDOM_H 1
| #define HAVE_SYSEXITS_H 1
| #define HAVE_UTIME_H 1
| #define HAVE_NETDB_H 1
| #define HAVE_SYS_WAIT_H 1
| #define HAVE_PWD_H 1
| #define HAVE_GRP_H 1
| #define STDC_HEADERS 1
| #define _ALL_SOURCE 1
| #define _DARWIN_C_SOURCE 1
| #define _GNU_SOURCE 1
| #define _HPUX_ALT_XOPEN_SOCKET_API 1
| #define _NETBSD_SOURCE 1
| #define _OPENBSD_SOURCE 1
| #define _POSIX_PTHREAD_SEMANTICS 1
| #define __STDC_WANT_IEC_60559_ATTRIBS_EXT__ 1
| #define __STDC_WANT_IEC_60559_BFP_EXT__ 1
| #define __STDC_WANT_IEC_60559_DFP_EXT__ 1
| #define __STDC_WANT_IEC_60559_EXT__ 1
| #define __STDC_WANT_IEC_60559_FUNCS_EXT__ 1
| #define __STDC_WANT_IEC_60559_TYPES_EXT__ 1
| #define __STDC_WANT_LIB_EXT2__ 1
| #define __STDC_WANT_MATH_SPEC_FUNCS__ 1
| #define _TANDEM_SOURCE 1
| #define __EXTENSIONS__ 1
| #define HAVE_FSEEKO 1
| #define __USE_MINGW_ANSI_STDIO 1
| #define MAJOR_IN_SYSMACROS 1
| #define HAVE_SYS_ACL_H 1
| #define HAVE_POSIX_ACLS /**/
| #define major_t int
| #define minor_t int
| #define HAVE_FCHMOD 1
| #define HAVE_FLOCKFILE 1
| #define HAVE_FUNLOCKFILE 1
| #define HAVE_PATHCONF 1
| #define HAVE_BTOWC 1
| #define HAVE_MBRTOWC 1
| #define HAVE_MBSINIT 1
| #define HAVE_CANONICALIZE_FILE_NAME 1
| #define HAVE_REALPATH 1
| #define HAVE_LSTAT 1
| #define HAVE_CHOWN 1
| #define HAVE_FCHOWN 1
| /* end confdefs.h.  */
| /* Define _set_invalid_parameter_handler to an innocuous variant, in case <limits.h> declares _set_invalid_parameter_handler.
|    For example, HP-UX 11i <limits.h> declares gettimeofday.  */
| #define _set_invalid_parameter_handler innocuous__set_invalid_parameter_handler
| 
| /* System header to define __stub macros and hopefully few prototypes,
|    which can conflict with char _set_invalid_parameter_handler (); below.  */
| 
| #include <limits.h>
| #undef _set_invalid_parameter_handler
| 
| /* Override any GCC internal prototype to avoid an error.
|    Use char because int might match the return type of a GCC
|    builtin and then its argument prototype would still apply.  */
| #ifdef __cplusplus
| extern "C"
| #endif
| char _set_invalid_parameter_handler ();
| /* The GNU C library defines this for functions which it implements
|     to always fail with ENOSYS.  Some functions are actually named
|     something starting with __ and the normal name is an alias.  */
| #if defined __stub__set_invalid_parameter_handler || defined __stub____set_invalid_parameter_handler
| choke me
| #endif
| 
| int
| main (void)
| {
| return _set_invalid_parameter_handler ();
|   ;
|   return 0;
| }
configure:9186: result: no
configure:9186: checking for fchdir
configure:9186: gcc -o conftest -g -O2   conftest.c -lacl  >&5
configure:9186: $? = 0
configure:9186: result: yes
configure:9186: checking for fdopendir
configure:9186: gcc -o conftest -g -O2   conftest.c -lacl  >&5
configure:9186: $? = 0
configure:9186: result: yes
configure:9186: checking for fchmodat
configure:9186: gcc -o conftest -g -O2   conftest.c -lacl  >&5
configure:9186: $? = 0
configure:9186: result: yes
configure:9186: checking for lchmod
configure:9186: gcc -o conftest -g -O2   conftest.c -lacl  >&5
configure:9186: $? = 0
configure:9186: result: yes
configure:9186: checking for fcntl
configure:9186: gcc -o conftest -g -O2   conftest.c -lacl  >&5
configure:9186: $? = 0
configure:9186: result: yes
configure:9186: checking for symlink
configure:9186: gcc -o conftest -g -O2   conftest.c -lacl  >&5
configure:9186: $? = 0
configure:9186: result: yes
configure:9186: checking for listxattr
configure:9186: gcc -o conftest -g -O2   conftest.c -lacl  >&5
configure:9186: $? = 0
configure:9186: result: yes
configure:9186: checking for fnmatch
configure:9186: gcc -o conftest -g -O2   conftest.c -lacl  >&5
configure:9186: $? = 0
configure:9186: result: yes
configure:9186: checking for mbsrtowcs
configure:9186: gcc -o conftest -g -O2   conftest.c -lacl  >&5
configure:9186: $? = 0
configure:9186: result: yes
configure:9186: checking for fstatat
configure:9186: gcc -o conftest -g -O2   conftest.c -lacl  >&5
configure:9186: $? = 0
configure:9186: result: yes
configure:9186: checking for getdtablesize
configure:9186: gcc -o conftest -g -O2   conftest.c -lacl  >&5
configure:9186: $? = 0
configure:9186: result: yes
configure:9186: checking for getexecname
configure:9186: gcc -o conftest -g -O2   conftest.c -lacl  >&5
/usr/x86_64-pc-linux-gnu/binutils-bin/2.46.0/ld: /tmp/cc98n6bD.o: in function `main':
/home/gentoo/bfs-linux-install/ports/core/tar/work/src/tar-1.35/conftest.c:129:(.text.startup+0x9): undefined reference to `getexecname'
collect2: error: ld returned 1 exit status
configure:9186: $? = 1
configure: failed program was:
| /* confdefs.h */
| #define PACKAGE_NAME "GNU tar"
| #define PACKAGE_TARNAME "tar"
| #define PACKAGE_VERSION "1.35"
| #define PACKAGE_STRING "GNU tar 1.35"
| #define PACKAGE_BUGREPORT "bug-tar@gnu.org"
| #define PACKAGE_URL "https://www.gnu.org/software/tar/"
| #define PACKAGE "tar"
| #define VERSION "1.35"
| #define HAVE_STDIO_H 1
| #define HAVE_STDLIB_H 1
| #define HAVE_STRING_H 1
| #define HAVE_INTTYPES_H 1
| #define HAVE_STDINT_H 1
| #define HAVE_STRINGS_H 1
| #define HAVE_SYS_STAT_H 1
| #define HAVE_SYS_TYPES_H 1
| #define HAVE_UNISTD_H 1
| #define HAVE_WCHAR_H 1
| #define HAVE_FCNTL_H 1
| #define HAVE_LINUX_FD_H 1
| #define HAVE_MEMORY_H 1
| #define HAVE_SGTTY_H 1
| #define HAVE_SYS_PARAM_H 1
| #define HAVE_SYS_MTIO_H 1
| #define HAVE_SYS_TIME_H 1
| #define HAVE_LOCALE_H 1
| #define HAVE_FEATURES_H 1
| #define HAVE_UCHAR_H 1
| #define HAVE_SYS_SOCKET_H 1
| #define HAVE_DIRENT_H 1
| #define HAVE_ERROR_H 1
| #define HAVE_LINUX_XATTR_H 1
| #define HAVE_FNMATCH_H 1
| #define HAVE_STDIO_EXT_H 1
| #define HAVE_GETOPT_H 1
| #define HAVE_SYS_CDEFS_H 1
| #define HAVE_THREADS_H 1
| #define HAVE_LIMITS_H 1
| #define HAVE_WCTYPE_H 1
| #define HAVE_LANGINFO_H 1
| #define HAVE_SYS_MMAN_H 1
| #define HAVE_MALLOC_H 1
| #define HAVE_STDBOOL_H 1
| #define HAVE_STDCKDINT_H 1
| #define HAVE_SYS_RANDOM_H 1
| #define HAVE_SYSEXITS_H 1
| #define HAVE_UTIME_H 1
| #define HAVE_NETDB_H 1
| #define HAVE_SYS_WAIT_H 1
| #define HAVE_PWD_H 1
| #define HAVE_GRP_H 1
| #define STDC_HEADERS 1
| #define _ALL_SOURCE 1
| #define _DARWIN_C_SOURCE 1
| #define _GNU_SOURCE 1
| #define _HPUX_ALT_XOPEN_SOCKET_API 1
| #define _NETBSD_SOURCE 1
| #define _OPENBSD_SOURCE 1
| #define _POSIX_PTHREAD_SEMANTICS 1
| #define __STDC_WANT_IEC_60559_ATTRIBS_EXT__ 1
| #define __STDC_WANT_IEC_60559_BFP_EXT__ 1
| #define __STDC_WANT_IEC_60559_DFP_EXT__ 1
| #define __STDC_WANT_IEC_60559_EXT__ 1
| #define __STDC_WANT_IEC_60559_FUNCS_EXT__ 1
| #define __STDC_WANT_IEC_60559_TYPES_EXT__ 1
| #define __STDC_WANT_LIB_EXT2__ 1
| #define __STDC_WANT_MATH_SPEC_FUNCS__ 1
| #define _TANDEM_SOURCE 1
| #define __EXTENSIONS__ 1
| #define HAVE_FSEEKO 1
| #define __USE_MINGW_ANSI_STDIO 1
| #define MAJOR_IN_SYSMACROS 1
| #define HAVE_SYS_ACL_H 1
| #define HAVE_POSIX_ACLS /**/
| #define major_t int
| #define minor_t int
| #define HAVE_FCHMOD 1
| #define HAVE_FLOCKFILE 1
| #define HAVE_FUNLOCKFILE 1
| #define HAVE_PATHCONF 1
| #define HAVE_BTOWC 1
| #define HAVE_MBRTOWC 1
| #define HAVE_MBSINIT 1
| #define HAVE_CANONICALIZE_FILE_NAME 1
| #define HAVE_REALPATH 1
| #define HAVE_LSTAT 1
| #define HAVE_CHOWN 1
| #define HAVE_FCHOWN 1
| #define HAVE_FCHDIR 1
| #define HAVE_FDOPENDIR 1
| #define HAVE_FCHMODAT 1
| #define HAVE_LCHMOD 1
| #define HAVE_FCNTL 1
| #define HAVE_SYMLINK 1
| #define HAVE_LISTXATTR 1
| #define HAVE_FNMATCH 1
| #define HAVE_MBSRTOWCS 1
| #define HAVE_FSTATAT 1
| #define HAVE_GETDTABLESIZE 1
| /* end confdefs.h.  */
| /* Define getexecname to an innocuous variant, in case <limits.h> declares getexecname.
|    For example, HP-UX 11i <limits.h> declares gettimeofday.  */
| #define getexecname innocuous_getexecname
| 
| /* System header to define __stub macros and hopefully few prototypes,
|    which can conflict with char getexecname (); below.  */
| 
| #include <limits.h>
| #undef getexecname
| 
| /* Override any GCC internal prototype to avoid an error.
|    Use char because int might match the return type of a GCC
|    builtin and then its argument prototype would still apply.  */
| #ifdef __cplusplus
| extern "C"
| #endif
| char getexecname ();
| /* The GNU C library defines this for functions which it implements
|     to always fail with ENOSYS.  Some functions are actually named
|     something starting with __ and the normal name is an alias.  */
| #if defined __stub_getexecname || defined __stub___getexecname
| choke me
| #endif
| 
| int
| main (void)
| {
| return getexecname ();
|   ;
|   return 0;
| }
configure:9186: result: no
configure:9186: checking for gettimeofday
configure:9186: gcc -o conftest -g -O2   conftest.c -lacl  >&5
configure:9186: $? = 0
configure:9186: result: yes
configure:9186: checking for isblank
configure:9186: gcc -o conftest -g -O2   conftest.c -lacl  >&5
conftest.c:119:6: warning: conflicting types for built-in function 'isblank'; expected 'int(int)' [-Wbuiltin-declaration-mismatch]
  119 | char isblank ();
      |      ^~~~~~~
conftest.c:111:1: note: 'isblank' is declared in header '<ctype.h>'
  110 | #include <limits.h>
  111 | #undef isblank
configure:9186: $? = 0
configure:9186: result: yes
configure:9186: checking for iswcntrl
configure:9186: gcc -o conftest -g -O2   conftest.c -lacl  >&5
conftest.c:120:6: warning: conflicting types for built-in function 'iswcntrl'; expected 'int(unsigned int)' [-Wbuiltin-declaration-mismatch]
  120 | char iswcntrl ();
      |      ^~~~~~~~
conftest.c:112:1: note: 'iswcntrl' is declared in header '<wctype.h>'
  111 | #include <limits.h>
  112 | #undef iswcntrl
configure:9186: $? = 0
configure:9186: result: yes
configure:9186: checking for link
configure:9186: gcc -o conftest -g -O2   conftest.c -lacl  >&5
configure:9186: $? = 0
configure:9186: result: yes
configure:9186: checking for readlink
configure:9186: gcc -o conftest -g -O2   conftest.c -lacl  >&5
configure:9186: $? = 0
configure:9186: result: yes
configure:9186: checking for openat
configure:9186: gcc -o conftest -g -O2   conftest.c -lacl  >&5
configure:9186: $? = 0
configure:9186: result: yes
configure:9186: checking for mprotect
configure:9186: gcc -o conftest -g -O2   conftest.c -lacl  >&5
configure:9186: $? = 0
configure:9186: result: yes
configure:9186: checking for mkdirat
configure:9186: gcc -o conftest -g -O2   conftest.c -lacl  >&5
configure:9186: $? = 0
configure:9186: result: yes
configure:9186: checking for mknod
configure:9186: gcc -o conftest -g -O2   conftest.c -lacl  >&5
configure:9186: $? = 0
configure:9186: result: yes
configure:9186: checking for pipe
configure:9186: gcc -o conftest -g -O2   conftest.c -lacl  >&5
configure:9186: $? = 0
configure:9186: result: yes
configure:9186: checking for iswctype
configure:9186: gcc -o conftest -g -O2   conftest.c -lacl  >&5
configure:9186: $? = 0
configure:9186: result: yes
configure:9186: checking for renameat
configure:9186: gcc -o conftest -g -O2   conftest.c -lacl  >&5
configure:9186: $? = 0
configure:9186: result: yes
configure:9186: checking for setenv
configure:9186: gcc -o conftest -g -O2   conftest.c -lacl  >&5
configure:9186: $? = 0
configure:9186: result: yes
configure:9186: checking for sleep
configure:9186: gcc -o conftest -g -O2   conftest.c -lacl  >&5
configure:9186: $? = 0
configure:9186: result: yes
configure:9186: checking for snprintf
configure:9186: gcc -o conftest -g -O2   conftest.c -lacl  >&5
conftest.c:132:6: warning: conflicting types for built-in function 'snprintf'; expected 'int(char *, long unsigned int,  const char *, ...)' [-Wbuiltin-declaration-mismatch]
  132 | char snprintf ();
      |      ^~~~~~~~
conftest.c:124:1: note: 'snprintf' is declared in header '<stdio.h>'
  123 | #include <limits.h>
  124 | #undef snprintf
configure:9186: $? = 0
configure:9186: result: yes
configure:9186: checking for strndup
configure:9186: gcc -o conftest -g -O2   conftest.c -lacl  >&5
conftest.c:133:6: warning: conflicting types for built-in function 'strndup'; expected 'char *(const char *, long unsigned int)' [-Wbuiltin-declaration-mismatch]
  133 | char strndup ();
      |      ^~~~~~~
configure:9186: $? = 0
configure:9186: result: yes
configure:9186: checking for strtoimax
configure:9186: gcc -o conftest -g -O2   conftest.c -lacl  >&5
configure:9186: $? = 0
configure:9186: result: yes
configure:9186: checking for strtoumax
configure:9186: gcc -o conftest -g -O2   conftest.c -lacl  >&5
configure:9186: $? = 0
configure:9186: result: yes
configure:9186: checking for localtime_r
configure:9186: gcc -o conftest -g -O2   conftest.c -lacl  >&5
configure:9186: $? = 0
configure:9186: result: yes
configure:9186: checking for unlinkat
configure:9186: gcc -o conftest -g -O2   conftest.c -lacl  >&5
configure:9186: $? = 0
configure:9186: result: yes
configure:9186: checking for vasnprintf
configure:9186: gcc -o conftest -g -O2   conftest.c -lacl  >&5
/usr/x86_64-pc-linux-gnu/binutils-bin/2.46.0/ld: /tmp/cctFalAJ.o: in function `main':
/home/gentoo/bfs-linux-install/ports/core/tar/work/src/tar-1.35/conftest.c:149:(.text.startup+0x9): undefined reference to `vasnprintf'
collect2: error: ld returned 1 exit status
configure:9186: $? = 1
configure: failed program was:
| /* confdefs.h */
| #define PACKAGE_NAME "GNU tar"
| #define PACKAGE_TARNAME "tar"
| #define PACKAGE_VERSION "1.35"
| #define PACKAGE_STRING "GNU tar 1.35"
| #define PACKAGE_BUGREPORT "bug-tar@gnu.org"
| #define PACKAGE_URL "https://www.gnu.org/software/tar/"
| #define PACKAGE "tar"
| #define VERSION "1.35"
| #define HAVE_STDIO_H 1
| #define HAVE_STDLIB_H 1
| #define HAVE_STRING_H 1
| #define HAVE_INTTYPES_H 1
| #define HAVE_STDINT_H 1
| #define HAVE_STRINGS_H 1
| #define HAVE_SYS_STAT_H 1
| #define HAVE_SYS_TYPES_H 1
| #define HAVE_UNISTD_H 1
| #define HAVE_WCHAR_H 1
| #define HAVE_FCNTL_H 1
| #define HAVE_LINUX_FD_H 1
| #define HAVE_MEMORY_H 1
| #define HAVE_SGTTY_H 1
| #define HAVE_SYS_PARAM_H 1
| #define HAVE_SYS_MTIO_H 1
| #define HAVE_SYS_TIME_H 1
| #define HAVE_LOCALE_H 1
| #define HAVE_FEATURES_H 1
| #define HAVE_UCHAR_H 1
| #define HAVE_SYS_SOCKET_H 1
| #define HAVE_DIRENT_H 1
| #define HAVE_ERROR_H 1
| #define HAVE_LINUX_XATTR_H 1
| #define HAVE_FNMATCH_H 1
| #define HAVE_STDIO_EXT_H 1
| #define HAVE_GETOPT_H 1
| #define HAVE_SYS_CDEFS_H 1
| #define HAVE_THREADS_H 1
| #define HAVE_LIMITS_H 1
| #define HAVE_WCTYPE_H 1
| #define HAVE_LANGINFO_H 1
| #define HAVE_SYS_MMAN_H 1
| #define HAVE_MALLOC_H 1
| #define HAVE_STDBOOL_H 1
| #define HAVE_STDCKDINT_H 1
| #define HAVE_SYS_RANDOM_H 1
| #define HAVE_SYSEXITS_H 1
| #define HAVE_UTIME_H 1
| #define HAVE_NETDB_H 1
| #define HAVE_SYS_WAIT_H 1
| #define HAVE_PWD_H 1
| #define HAVE_GRP_H 1
| #define STDC_HEADERS 1
| #define _ALL_SOURCE 1
| #define _DARWIN_C_SOURCE 1
| #define _GNU_SOURCE 1
| #define _HPUX_ALT_XOPEN_SOCKET_API 1
| #define _NETBSD_SOURCE 1
| #define _OPENBSD_SOURCE 1
| #define _POSIX_PTHREAD_SEMANTICS 1
| #define __STDC_WANT_IEC_60559_ATTRIBS_EXT__ 1
| #define __STDC_WANT_IEC_60559_BFP_EXT__ 1
| #define __STDC_WANT_IEC_60559_DFP_EXT__ 1
| #define __STDC_WANT_IEC_60559_EXT__ 1
| #define __STDC_WANT_IEC_60559_FUNCS_EXT__ 1
| #define __STDC_WANT_IEC_60559_TYPES_EXT__ 1
| #define __STDC_WANT_LIB_EXT2__ 1
| #define __STDC_WANT_MATH_SPEC_FUNCS__ 1
| #define _TANDEM_SOURCE 1
| #define __EXTENSIONS__ 1
| #define HAVE_FSEEKO 1
| #define __USE_MINGW_ANSI_STDIO 1
| #define MAJOR_IN_SYSMACROS 1
| #define HAVE_SYS_ACL_H 1
| #define HAVE_POSIX_ACLS /**/
| #define major_t int
| #define minor_t int
| #define HAVE_FCHMOD 1
| #define HAVE_FLOCKFILE 1
| #define HAVE_FUNLOCKFILE 1
| #define HAVE_PATHCONF 1
| #define HAVE_BTOWC 1
| #define HAVE_MBRTOWC 1
| #define HAVE_MBSINIT 1
| #define HAVE_CANONICALIZE_FILE_NAME 1
| #define HAVE_REALPATH 1
| #define HAVE_LSTAT 1
| #define HAVE_CHOWN 1
| #define HAVE_FCHOWN 1
| #define HAVE_FCHDIR 1
| #define HAVE_FDOPENDIR 1
| #define HAVE_FCHMODAT 1
| #define HAVE_LCHMOD 1
| #define HAVE_FCNTL 1
| #define HAVE_SYMLINK 1
| #define HAVE_LISTXATTR 1
| #define HAVE_FNMATCH 1
| #define HAVE_MBSRTOWCS 1
| #define HAVE_FSTATAT 1
| #define HAVE_GETDTABLESIZE 1
| #define HAVE_GETTIMEOFDAY 1
| #define HAVE_ISBLANK 1
| #define HAVE_ISWCNTRL 1
| #define HAVE_LINK 1
| #define HAVE_READLINK 1
| #define HAVE_OPENAT 1
| #define HAVE_MPROTECT 1
| #define HAVE_MKDIRAT 1
| #define HAVE_MKNOD 1
| #define HAVE_PIPE 1
| #define HAVE_ISWCTYPE 1
| #define HAVE_RENAMEAT 1
| #define HAVE_SETENV 1
| #define HAVE_SLEEP 1
| #define HAVE_SNPRINTF 1
| #define HAVE_STRNDUP 1
| #define HAVE_STRTOIMAX 1
| #define HAVE_STRTOUMAX 1
| #define HAVE_LOCALTIME_R 1
| #define HAVE_UNLINKAT 1
| /* end confdefs.h.  */
| /* Define vasnprintf to an innocuous variant, in case <limits.h> declares vasnprintf.
|    For example, HP-UX 11i <limits.h> declares gettimeofday.  */
| #define vasnprintf innocuous_vasnprintf
| 
| /* System header to define __stub macros and hopefully few prototypes,
|    which can conflict with char vasnprintf (); below.  */
| 
| #include <limits.h>
| #undef vasnprintf
| 
| /* Override any GCC internal prototype to avoid an error.
|    Use char because int might match the return type of a GCC
|    builtin and then its argument prototype would still apply.  */
| #ifdef __cplusplus
| extern "C"
| #endif
| char vasnprintf ();
| /* The GNU C library defines this for functions which it implements
|     to always fail with ENOSYS.  Some functions are actually named
|     something starting with __ and the normal name is an alias.  */
| #if defined __stub_vasnprintf || defined __stub___vasnprintf
| choke me
| #endif
| 
| int
| main (void)
| {
| return vasnprintf ();
|   ;
|   return 0;
| }
configure:9186: result: no
configure:9186: checking for wcrtomb
configure:9186: gcc -o conftest -g -O2   conftest.c -lacl  >&5
configure:9186: $? = 0
configure:9186: result: yes
configure:9186: checking for wcwidth
configure:9186: gcc -o conftest -g -O2   conftest.c -lacl  >&5
configure:9186: $? = 0
configure:9186: result: yes
configure:9186: checking for mkfifo
configure:9186: gcc -o conftest -g -O2   conftest.c -lacl  >&5
configure:9186: $? = 0
configure:9186: result: yes
configure:9186: checking for setlocale
configure:9186: gcc -o conftest -g -O2   conftest.c -lacl  >&5
configure:9186: $? = 0
configure:9186: result: yes
configure:9186: checking for fsync
configure:9186: gcc -o conftest -g -O2   conftest.c -lacl  >&5
configure:9186: $? = 0
configure:9186: result: yes
configure:9201: checking for sys/acl.h
configure:9201: result: yes
configure:9212: checking for library containing acl_get_file
configure:9262: result: -lacl
configure:9271: checking for acl_get_file
configure:9271: gcc -o conftest -g -O2   conftest.c -lacl -lacl  >&5
configure:9271: $? = 0
configure:9271: result: yes
configure:9277: checking for acl_get_fd
configure:9277: gcc -o conftest -g -O2   conftest.c -lacl -lacl  >&5
configure:9277: $? = 0
configure:9277: result: yes
configure:9283: checking for acl_set_file
configure:9283: gcc -o conftest -g -O2   conftest.c -lacl -lacl  >&5
configure:9283: $? = 0
configure:9283: result: yes
configure:9289: checking for acl_set_fd
configure:9289: gcc -o conftest -g -O2   conftest.c -lacl -lacl  >&5
configure:9289: $? = 0
configure:9289: result: yes
configure:9295: checking for acl_free
configure:9295: gcc -o conftest -g -O2   conftest.c -lacl -lacl  >&5
configure:9295: $? = 0
configure:9295: result: yes
configure:9301: checking for acl_from_mode
configure:9301: gcc -o conftest -g -O2   conftest.c -lacl -lacl  >&5
configure:9301: $? = 0
configure:9301: result: yes
configure:9307: checking for acl_from_text
configure:9307: gcc -o conftest -g -O2   conftest.c -lacl -lacl  >&5
configure:9307: $? = 0
configure:9307: result: yes
configure:9313: checking for acl_delete_def_file
configure:9313: gcc -o conftest -g -O2   conftest.c -lacl -lacl  >&5
configure:9313: $? = 0
configure:9313: result: yes
configure:9319: checking for acl_extended_file
configure:9319: gcc -o conftest -g -O2   conftest.c -lacl -lacl  >&5
configure:9319: $? = 0
configure:9319: result: yes
configure:9325: checking for acl_delete_fd_np
configure:9325: gcc -o conftest -g -O2   conftest.c -lacl -lacl  >&5
/usr/x86_64-pc-linux-gnu/binutils-bin/2.46.0/ld: /tmp/ccgWGKU8.o: in function `main':
/home/gentoo/bfs-linux-install/ports/core/tar/work/src/tar-1.35/conftest.c:164:(.text.startup+0x9): undefined reference to `acl_delete_fd_np'
collect2: error: ld returned 1 exit status
configure:9325: $? = 1
configure: failed program was:
| /* confdefs.h */
| #define PACKAGE_NAME "GNU tar"
| #define PACKAGE_TARNAME "tar"
| #define PACKAGE_VERSION "1.35"
| #define PACKAGE_STRING "GNU tar 1.35"
| #define PACKAGE_BUGREPORT "bug-tar@gnu.org"
| #define PACKAGE_URL "https://www.gnu.org/software/tar/"
| #define PACKAGE "tar"
| #define VERSION "1.35"
| #define HAVE_STDIO_H 1
| #define HAVE_STDLIB_H 1
| #define HAVE_STRING_H 1
| #define HAVE_INTTYPES_H 1
| #define HAVE_STDINT_H 1
| #define HAVE_STRINGS_H 1
| #define HAVE_SYS_STAT_H 1
| #define HAVE_SYS_TYPES_H 1
| #define HAVE_UNISTD_H 1
| #define HAVE_WCHAR_H 1
| #define HAVE_FCNTL_H 1
| #define HAVE_LINUX_FD_H 1
| #define HAVE_MEMORY_H 1
| #define HAVE_SGTTY_H 1
| #define HAVE_SYS_PARAM_H 1
| #define HAVE_SYS_MTIO_H 1
| #define HAVE_SYS_TIME_H 1
| #define HAVE_LOCALE_H 1
| #define HAVE_FEATURES_H 1
| #define HAVE_UCHAR_H 1
| #define HAVE_SYS_SOCKET_H 1
| #define HAVE_DIRENT_H 1
| #define HAVE_ERROR_H 1
| #define HAVE_LINUX_XATTR_H 1
| #define HAVE_FNMATCH_H 1
| #define HAVE_STDIO_EXT_H 1
| #define HAVE_GETOPT_H 1
| #define HAVE_SYS_CDEFS_H 1
| #define HAVE_THREADS_H 1
| #define HAVE_LIMITS_H 1
| #define HAVE_WCTYPE_H 1
| #define HAVE_LANGINFO_H 1
| #define HAVE_SYS_MMAN_H 1
| #define HAVE_MALLOC_H 1
| #define HAVE_STDBOOL_H 1
| #define HAVE_STDCKDINT_H 1
| #define HAVE_SYS_RANDOM_H 1
| #define HAVE_SYSEXITS_H 1
| #define HAVE_UTIME_H 1
| #define HAVE_NETDB_H 1
| #define HAVE_SYS_WAIT_H 1
| #define HAVE_PWD_H 1
| #define HAVE_GRP_H 1
| #define STDC_HEADERS 1
| #define _ALL_SOURCE 1
| #define _DARWIN_C_SOURCE 1
| #define _GNU_SOURCE 1
| #define _HPUX_ALT_XOPEN_SOCKET_API 1
| #define _NETBSD_SOURCE 1
| #define _OPENBSD_SOURCE 1
| #define _POSIX_PTHREAD_SEMANTICS 1
| #define __STDC_WANT_IEC_60559_ATTRIBS_EXT__ 1
| #define __STDC_WANT_IEC_60559_BFP_EXT__ 1
| #define __STDC_WANT_IEC_60559_DFP_EXT__ 1
| #define __STDC_WANT_IEC_60559_EXT__ 1
| #define __STDC_WANT_IEC_60559_FUNCS_EXT__ 1
| #define __STDC_WANT_IEC_60559_TYPES_EXT__ 1
| #define __STDC_WANT_LIB_EXT2__ 1
| #define __STDC_WANT_MATH_SPEC_FUNCS__ 1
| #define _TANDEM_SOURCE 1
| #define __EXTENSIONS__ 1
| #define HAVE_FSEEKO 1
| #define __USE_MINGW_ANSI_STDIO 1
| #define MAJOR_IN_SYSMACROS 1
| #define HAVE_SYS_ACL_H 1
| #define HAVE_POSIX_ACLS /**/
| #define major_t int
| #define minor_t int
| #define HAVE_FCHMOD 1
| #define HAVE_FLOCKFILE 1
| #define HAVE_FUNLOCKFILE 1
| #define HAVE_PATHCONF 1
| #define HAVE_BTOWC 1
| #define HAVE_MBRTOWC 1
| #define HAVE_MBSINIT 1
| #define HAVE_CANONICALIZE_FILE_NAME 1
| #define HAVE_REALPATH 1
| #define HAVE_LSTAT 1
| #define HAVE_CHOWN 1
| #define HAVE_FCHOWN 1
| #define HAVE_FCHDIR 1
| #define HAVE_FDOPENDIR 1
| #define HAVE_FCHMODAT 1
| #define HAVE_LCHMOD 1
| #define HAVE_FCNTL 1
| #define HAVE_SYMLINK 1
| #define HAVE_LISTXATTR 1
| #define HAVE_FNMATCH 1
| #define HAVE_MBSRTOWCS 1
| #define HAVE_FSTATAT 1
| #define HAVE_GETDTABLESIZE 1
| #define HAVE_GETTIMEOFDAY 1
| #define HAVE_ISBLANK 1
| #define HAVE_ISWCNTRL 1
| #define HAVE_LINK 1
| #define HAVE_READLINK 1
| #define HAVE_OPENAT 1
| #define HAVE_MPROTECT 1
| #define HAVE_MKDIRAT 1
| #define HAVE_MKNOD 1
| #define HAVE_PIPE 1
| #define HAVE_ISWCTYPE 1
| #define HAVE_RENAMEAT 1
| #define HAVE_SETENV 1
| #define HAVE_SLEEP 1
| #define HAVE_SNPRINTF 1
| #define HAVE_STRNDUP 1
| #define HAVE_STRTOIMAX 1
| #define HAVE_STRTOUMAX 1
| #define HAVE_LOCALTIME_R 1
| #define HAVE_UNLINKAT 1
| #define HAVE_WCRTOMB 1
| #define HAVE_WCWIDTH 1
| #define HAVE_MKFIFO 1
| #define HAVE_SETLOCALE 1
| #define HAVE_FSYNC 1
| #define HAVE_SYS_ACL_H 1
| #define HAVE_ACL_GET_FILE 1
| #define HAVE_ACL_GET_FD 1
| #define HAVE_ACL_SET_FILE 1
| #define HAVE_ACL_SET_FD 1
| #define HAVE_ACL_FREE 1
| #define HAVE_ACL_FROM_MODE 1
| #define HAVE_ACL_FROM_TEXT 1
| #define HAVE_ACL_DELETE_DEF_FILE 1
| #define HAVE_ACL_EXTENDED_FILE 1
| /* end confdefs.h.  */
| /* Define acl_delete_fd_np to an innocuous variant, in case <limits.h> declares acl_delete_fd_np.
|    For example, HP-UX 11i <limits.h> declares gettimeofday.  */
| #define acl_delete_fd_np innocuous_acl_delete_fd_np
| 
| /* System header to define __stub macros and hopefully few prototypes,
|    which can conflict with char acl_delete_fd_np (); below.  */
| 
| #include <limits.h>
| #undef acl_delete_fd_np
| 
| /* Override any GCC internal prototype to avoid an error.
|    Use char because int might match the return type of a GCC
|    builtin and then its argument prototype would still apply.  */
| #ifdef __cplusplus
| extern "C"
| #endif
| char acl_delete_fd_np ();
| /* The GNU C library defines this for functions which it implements
|     to always fail with ENOSYS.  Some functions are actually named
|     something starting with __ and the normal name is an alias.  */
| #if defined __stub_acl_delete_fd_np || defined __stub___acl_delete_fd_np
| choke me
| #endif
| 
| int
| main (void)
| {
| return acl_delete_fd_np ();
|   ;
|   return 0;
| }
configure:9325: result: no
configure:9331: checking for acl_delete_file_np
configure:9331: gcc -o conftest -g -O2   conftest.c -lacl -lacl  >&5
/usr/x86_64-pc-linux-gnu/binutils-bin/2.46.0/ld: /tmp/cckxNMpq.o: in function `main':
/home/gentoo/bfs-linux-install/ports/core/tar/work/src/tar-1.35/conftest.c:164:(.text.startup+0x9): undefined reference to `acl_delete_file_np'
collect2: error: ld returned 1 exit status
configure:9331: $? = 1
configure: failed program was:
| /* confdefs.h */
| #define PACKAGE_NAME "GNU tar"
| #define PACKAGE_TARNAME "tar"
| #define PACKAGE_VERSION "1.35"
| #define PACKAGE_STRING "GNU tar 1.35"
| #define PACKAGE_BUGREPORT "bug-tar@gnu.org"
| #define PACKAGE_URL "https://www.gnu.org/software/tar/"
| #define PACKAGE "tar"
| #define VERSION "1.35"
| #define HAVE_STDIO_H 1
| #define HAVE_STDLIB_H 1
| #define HAVE_STRING_H 1
| #define HAVE_INTTYPES_H 1
| #define HAVE_STDINT_H 1
| #define HAVE_STRINGS_H 1
| #define HAVE_SYS_STAT_H 1
| #define HAVE_SYS_TYPES_H 1
| #define HAVE_UNISTD_H 1
| #define HAVE_WCHAR_H 1
| #define HAVE_FCNTL_H 1
| #define HAVE_LINUX_FD_H 1
| #define HAVE_MEMORY_H 1
| #define HAVE_SGTTY_H 1
| #define HAVE_SYS_PARAM_H 1
| #define HAVE_SYS_MTIO_H 1
| #define HAVE_SYS_TIME_H 1
| #define HAVE_LOCALE_H 1
| #define HAVE_FEATURES_H 1
| #define HAVE_UCHAR_H 1
| #define HAVE_SYS_SOCKET_H 1
| #define HAVE_DIRENT_H 1
| #define HAVE_ERROR_H 1
| #define HAVE_LINUX_XATTR_H 1
| #define HAVE_FNMATCH_H 1
| #define HAVE_STDIO_EXT_H 1
| #define HAVE_GETOPT_H 1
| #define HAVE_SYS_CDEFS_H 1
| #define HAVE_THREADS_H 1
| #define HAVE_LIMITS_H 1
| #define HAVE_WCTYPE_H 1
| #define HAVE_LANGINFO_H 1
| #define HAVE_SYS_MMAN_H 1
| #define HAVE_MALLOC_H 1
| #define HAVE_STDBOOL_H 1
| #define HAVE_STDCKDINT_H 1
| #define HAVE_SYS_RANDOM_H 1
| #define HAVE_SYSEXITS_H 1
| #define HAVE_UTIME_H 1
| #define HAVE_NETDB_H 1
| #define HAVE_SYS_WAIT_H 1
| #define HAVE_PWD_H 1
| #define HAVE_GRP_H 1
| #define STDC_HEADERS 1
| #define _ALL_SOURCE 1
| #define _DARWIN_C_SOURCE 1
| #define _GNU_SOURCE 1
| #define _HPUX_ALT_XOPEN_SOCKET_API 1
| #define _NETBSD_SOURCE 1
| #define _OPENBSD_SOURCE 1
| #define _POSIX_PTHREAD_SEMANTICS 1
| #define __STDC_WANT_IEC_60559_ATTRIBS_EXT__ 1
| #define __STDC_WANT_IEC_60559_BFP_EXT__ 1
| #define __STDC_WANT_IEC_60559_DFP_EXT__ 1
| #define __STDC_WANT_IEC_60559_EXT__ 1
| #define __STDC_WANT_IEC_60559_FUNCS_EXT__ 1
| #define __STDC_WANT_IEC_60559_TYPES_EXT__ 1
| #define __STDC_WANT_LIB_EXT2__ 1
| #define __STDC_WANT_MATH_SPEC_FUNCS__ 1
| #define _TANDEM_SOURCE 1
| #define __EXTENSIONS__ 1
| #define HAVE_FSEEKO 1
| #define __USE_MINGW_ANSI_STDIO 1
| #define MAJOR_IN_SYSMACROS 1
| #define HAVE_SYS_ACL_H 1
| #define HAVE_POSIX_ACLS /**/
| #define major_t int
| #define minor_t int
| #define HAVE_FCHMOD 1
| #define HAVE_FLOCKFILE 1
| #define HAVE_FUNLOCKFILE 1
| #define HAVE_PATHCONF 1
| #define HAVE_BTOWC 1
| #define HAVE_MBRTOWC 1
| #define HAVE_MBSINIT 1
| #define HAVE_CANONICALIZE_FILE_NAME 1
| #define HAVE_REALPATH 1
| #define HAVE_LSTAT 1
| #define HAVE_CHOWN 1
| #define HAVE_FCHOWN 1
| #define HAVE_FCHDIR 1
| #define HAVE_FDOPENDIR 1
| #define HAVE_FCHMODAT 1
| #define HAVE_LCHMOD 1
| #define HAVE_FCNTL 1
| #define HAVE_SYMLINK 1
| #define HAVE_LISTXATTR 1
| #define HAVE_FNMATCH 1
| #define HAVE_MBSRTOWCS 1
| #define HAVE_FSTATAT 1
| #define HAVE_GETDTABLESIZE 1
| #define HAVE_GETTIMEOFDAY 1
| #define HAVE_ISBLANK 1
| #define HAVE_ISWCNTRL 1
| #define HAVE_LINK 1
| #define HAVE_READLINK 1
| #define HAVE_OPENAT 1
| #define HAVE_MPROTECT 1
| #define HAVE_MKDIRAT 1
| #define HAVE_MKNOD 1
| #define HAVE_PIPE 1
| #define HAVE_ISWCTYPE 1
| #define HAVE_RENAMEAT 1
| #define HAVE_SETENV 1
| #define HAVE_SLEEP 1
| #define HAVE_SNPRINTF 1
| #define HAVE_STRNDUP 1
| #define HAVE_STRTOIMAX 1
| #define HAVE_STRTOUMAX 1
| #define HAVE_LOCALTIME_R 1
| #define HAVE_UNLINKAT 1
| #define HAVE_WCRTOMB 1
| #define HAVE_WCWIDTH 1
| #define HAVE_MKFIFO 1
| #define HAVE_SETLOCALE 1
| #define HAVE_FSYNC 1
| #define HAVE_SYS_ACL_H 1
| #define HAVE_ACL_GET_FILE 1
| #define HAVE_ACL_GET_FD 1
| #define HAVE_ACL_SET_FILE 1
| #define HAVE_ACL_SET_FD 1
| #define HAVE_ACL_FREE 1
| #define HAVE_ACL_FROM_MODE 1
| #define HAVE_ACL_FROM_TEXT 1
| #define HAVE_ACL_DELETE_DEF_FILE 1
| #define HAVE_ACL_EXTENDED_FILE 1
| /* end confdefs.h.  */
| /* Define acl_delete_file_np to an innocuous variant, in case <limits.h> declares acl_delete_file_np.
|    For example, HP-UX 11i <limits.h> declares gettimeofday.  */
| #define acl_delete_file_np innocuous_acl_delete_file_np
| 
| /* System header to define __stub macros and hopefully few prototypes,
|    which can conflict with char acl_delete_file_np (); below.  */
| 
| #include <limits.h>
| #undef acl_delete_file_np
| 
| /* Override any GCC internal prototype to avoid an error.
|    Use char because int might match the return type of a GCC
|    builtin and then its argument prototype would still apply.  */
| #ifdef __cplusplus
| extern "C"
| #endif
| char acl_delete_file_np ();
| /* The GNU C library defines this for functions which it implements
|     to always fail with ENOSYS.  Some functions are actually named
|     something starting with __ and the normal name is an alias.  */
| #if defined __stub_acl_delete_file_np || defined __stub___acl_delete_file_np
| choke me
| #endif
| 
| int
| main (void)
| {
| return acl_delete_file_np ();
|   ;
|   return 0;
| }
configure:9331: result: no
configure:9337: checking for acl_copy_ext_native
configure:9337: gcc -o conftest -g -O2   conftest.c -lacl -lacl  >&5
/usr/x86_64-pc-linux-gnu/binutils-bin/2.46.0/ld: /tmp/ccnnPurP.o: in function `main':
/home/gentoo/bfs-linux-install/ports/core/tar/work/src/tar-1.35/conftest.c:164:(.text.startup+0x9): undefined reference to `acl_copy_ext_native'
collect2: error: ld returned 1 exit status
configure:9337: $? = 1
configure: failed program was:
| /* confdefs.h */
| #define PACKAGE_NAME "GNU tar"
| #define PACKAGE_TARNAME "tar"
| #define PACKAGE_VERSION "1.35"
| #define PACKAGE_STRING "GNU tar 1.35"
| #define PACKAGE_BUGREPORT "bug-tar@gnu.org"
| #define PACKAGE_URL "https://www.gnu.org/software/tar/"
| #define PACKAGE "tar"
| #define VERSION "1.35"
| #define HAVE_STDIO_H 1
| #define HAVE_STDLIB_H 1
| #define HAVE_STRING_H 1
| #define HAVE_INTTYPES_H 1
| #define HAVE_STDINT_H 1
| #define HAVE_STRINGS_H 1
| #define HAVE_SYS_STAT_H 1
| #define HAVE_SYS_TYPES_H 1
| #define HAVE_UNISTD_H 1
| #define HAVE_WCHAR_H 1
| #define HAVE_FCNTL_H 1
| #define HAVE_LINUX_FD_H 1
| #define HAVE_MEMORY_H 1
| #define HAVE_SGTTY_H 1
| #define HAVE_SYS_PARAM_H 1
| #define HAVE_SYS_MTIO_H 1
| #define HAVE_SYS_TIME_H 1
| #define HAVE_LOCALE_H 1
| #define HAVE_FEATURES_H 1
| #define HAVE_UCHAR_H 1
| #define HAVE_SYS_SOCKET_H 1
| #define HAVE_DIRENT_H 1
| #define HAVE_ERROR_H 1
| #define HAVE_LINUX_XATTR_H 1
| #define HAVE_FNMATCH_H 1
| #define HAVE_STDIO_EXT_H 1
| #define HAVE_GETOPT_H 1
| #define HAVE_SYS_CDEFS_H 1
| #define HAVE_THREADS_H 1
| #define HAVE_LIMITS_H 1
| #define HAVE_WCTYPE_H 1
| #define HAVE_LANGINFO_H 1
| #define HAVE_SYS_MMAN_H 1
| #define HAVE_MALLOC_H 1
| #define HAVE_STDBOOL_H 1
| #define HAVE_STDCKDINT_H 1
| #define HAVE_SYS_RANDOM_H 1
| #define HAVE_SYSEXITS_H 1
| #define HAVE_UTIME_H 1
| #define HAVE_NETDB_H 1
| #define HAVE_SYS_WAIT_H 1
| #define HAVE_PWD_H 1
| #define HAVE_GRP_H 1
| #define STDC_HEADERS 1
| #define _ALL_SOURCE 1
| #define _DARWIN_C_SOURCE 1
| #define _GNU_SOURCE 1
| #define _HPUX_ALT_XOPEN_SOCKET_API 1
| #define _NETBSD_SOURCE 1
| #define _OPENBSD_SOURCE 1
| #define _POSIX_PTHREAD_SEMANTICS 1
| #define __STDC_WANT_IEC_60559_ATTRIBS_EXT__ 1
| #define __STDC_WANT_IEC_60559_BFP_EXT__ 1
| #define __STDC_WANT_IEC_60559_DFP_EXT__ 1
| #define __STDC_WANT_IEC_60559_EXT__ 1
| #define __STDC_WANT_IEC_60559_FUNCS_EXT__ 1
| #define __STDC_WANT_IEC_60559_TYPES_EXT__ 1
| #define __STDC_WANT_LIB_EXT2__ 1
| #define __STDC_WANT_MATH_SPEC_FUNCS__ 1
| #define _TANDEM_SOURCE 1
| #define __EXTENSIONS__ 1
| #define HAVE_FSEEKO 1
| #define __USE_MINGW_ANSI_STDIO 1
| #define MAJOR_IN_SYSMACROS 1
| #define HAVE_SYS_ACL_H 1
| #define HAVE_POSIX_ACLS /**/
| #define major_t int
| #define minor_t int
| #define HAVE_FCHMOD 1
| #define HAVE_FLOCKFILE 1
| #define HAVE_FUNLOCKFILE 1
| #define HAVE_PATHCONF 1
| #define HAVE_BTOWC 1
| #define HAVE_MBRTOWC 1
| #define HAVE_MBSINIT 1
| #define HAVE_CANONICALIZE_FILE_NAME 1
| #define HAVE_REALPATH 1
| #define HAVE_LSTAT 1
| #define HAVE_CHOWN 1
| #define HAVE_FCHOWN 1
| #define HAVE_FCHDIR 1
| #define HAVE_FDOPENDIR 1
| #define HAVE_FCHMODAT 1
| #define HAVE_LCHMOD 1
| #define HAVE_FCNTL 1
| #define HAVE_SYMLINK 1
| #define HAVE_LISTXATTR 1
| #define HAVE_FNMATCH 1
| #define HAVE_MBSRTOWCS 1
| #define HAVE_FSTATAT 1
| #define HAVE_GETDTABLESIZE 1
| #define HAVE_GETTIMEOFDAY 1
| #define HAVE_ISBLANK 1
| #define HAVE_ISWCNTRL 1
| #define HAVE_LINK 1
| #define HAVE_READLINK 1
| #define HAVE_OPENAT 1
| #define HAVE_MPROTECT 1
| #define HAVE_MKDIRAT 1
| #define HAVE_MKNOD 1
| #define HAVE_PIPE 1
| #define HAVE_ISWCTYPE 1
| #define HAVE_RENAMEAT 1
| #define HAVE_SETENV 1
| #define HAVE_SLEEP 1
| #define HAVE_SNPRINTF 1
| #define HAVE_STRNDUP 1
| #define HAVE_STRTOIMAX 1
| #define HAVE_STRTOUMAX 1
| #define HAVE_LOCALTIME_R 1
| #define HAVE_UNLINKAT 1
| #define HAVE_WCRTOMB 1
| #define HAVE_WCWIDTH 1
| #define HAVE_MKFIFO 1
| #define HAVE_SETLOCALE 1
| #define HAVE_FSYNC 1
| #define HAVE_SYS_ACL_H 1
| #define HAVE_ACL_GET_FILE 1
| #define HAVE_ACL_GET_FD 1
| #define HAVE_ACL_SET_FILE 1
| #define HAVE_ACL_SET_FD 1
| #define HAVE_ACL_FREE 1
| #define HAVE_ACL_FROM_MODE 1
| #define HAVE_ACL_FROM_TEXT 1
| #define HAVE_ACL_DELETE_DEF_FILE 1
| #define HAVE_ACL_EXTENDED_FILE 1
| /* end confdefs.h.  */
| /* Define acl_copy_ext_native to an innocuous variant, in case <limits.h> declares acl_copy_ext_native.
|    For example, HP-UX 11i <limits.h> declares gettimeofday.  */
| #define acl_copy_ext_native innocuous_acl_copy_ext_native
| 
| /* System header to define __stub macros and hopefully few prototypes,
|    which can conflict with char acl_copy_ext_native (); below.  */
| 
| #include <limits.h>
| #undef acl_copy_ext_native
| 
| /* Override any GCC internal prototype to avoid an error.
|    Use char because int might match the return type of a GCC
|    builtin and then its argument prototype would still apply.  */
| #ifdef __cplusplus
| extern "C"
| #endif
| char acl_copy_ext_native ();
| /* The GNU C library defines this for functions which it implements
|     to always fail with ENOSYS.  Some functions are actually named
|     something starting with __ and the normal name is an alias.  */
| #if defined __stub_acl_copy_ext_native || defined __stub___acl_copy_ext_native
| choke me
| #endif
| 
| int
| main (void)
| {
| return acl_copy_ext_native ();
|   ;
|   return 0;
| }
configure:9337: result: no
configure:9343: checking for acl_create_entry_np
configure:9343: gcc -o conftest -g -O2   conftest.c -lacl -lacl  >&5
/usr/x86_64-pc-linux-gnu/binutils-bin/2.46.0/ld: /tmp/cc7HJsPa.o: in function `main':
/home/gentoo/bfs-linux-install/ports/core/tar/work/src/tar-1.35/conftest.c:164:(.text.startup+0x9): undefined reference to `acl_create_entry_np'
collect2: error: ld returned 1 exit status
configure:9343: $? = 1
configure: failed program was:
| /* confdefs.h */
| #define PACKAGE_NAME "GNU tar"
| #define PACKAGE_TARNAME "tar"
| #define PACKAGE_VERSION "1.35"
| #define PACKAGE_STRING "GNU tar 1.35"
| #define PACKAGE_BUGREPORT "bug-tar@gnu.org"
| #define PACKAGE_URL "https://www.gnu.org/software/tar/"
| #define PACKAGE "tar"
| #define VERSION "1.35"
| #define HAVE_STDIO_H 1
| #define HAVE_STDLIB_H 1
| #define HAVE_STRING_H 1
| #define HAVE_INTTYPES_H 1
| #define HAVE_STDINT_H 1
| #define HAVE_STRINGS_H 1
| #define HAVE_SYS_STAT_H 1
| #define HAVE_SYS_TYPES_H 1
| #define HAVE_UNISTD_H 1
| #define HAVE_WCHAR_H 1
| #define HAVE_FCNTL_H 1
| #define HAVE_LINUX_FD_H 1
| #define HAVE_MEMORY_H 1
| #define HAVE_SGTTY_H 1
| #define HAVE_SYS_PARAM_H 1
| #define HAVE_SYS_MTIO_H 1
| #define HAVE_SYS_TIME_H 1
| #define HAVE_LOCALE_H 1
| #define HAVE_FEATURES_H 1
| #define HAVE_UCHAR_H 1
| #define HAVE_SYS_SOCKET_H 1
| #define HAVE_DIRENT_H 1
| #define HAVE_ERROR_H 1
| #define HAVE_LINUX_XATTR_H 1
| #define HAVE_FNMATCH_H 1
| #define HAVE_STDIO_EXT_H 1
| #define HAVE_GETOPT_H 1
| #define HAVE_SYS_CDEFS_H 1
| #define HAVE_THREADS_H 1
| #define HAVE_LIMITS_H 1
| #define HAVE_WCTYPE_H 1
| #define HAVE_LANGINFO_H 1
| #define HAVE_SYS_MMAN_H 1
| #define HAVE_MALLOC_H 1
| #define HAVE_STDBOOL_H 1
| #define HAVE_STDCKDINT_H 1
| #define HAVE_SYS_RANDOM_H 1
| #define HAVE_SYSEXITS_H 1
| #define HAVE_UTIME_H 1
| #define HAVE_NETDB_H 1
| #define HAVE_SYS_WAIT_H 1
| #define HAVE_PWD_H 1
| #define HAVE_GRP_H 1
| #define STDC_HEADERS 1
| #define _ALL_SOURCE 1
| #define _DARWIN_C_SOURCE 1
| #define _GNU_SOURCE 1
| #define _HPUX_ALT_XOPEN_SOCKET_API 1
| #define _NETBSD_SOURCE 1
| #define _OPENBSD_SOURCE 1
| #define _POSIX_PTHREAD_SEMANTICS 1
| #define __STDC_WANT_IEC_60559_ATTRIBS_EXT__ 1
| #define __STDC_WANT_IEC_60559_BFP_EXT__ 1
| #define __STDC_WANT_IEC_60559_DFP_EXT__ 1
| #define __STDC_WANT_IEC_60559_EXT__ 1
| #define __STDC_WANT_IEC_60559_FUNCS_EXT__ 1
| #define __STDC_WANT_IEC_60559_TYPES_EXT__ 1
| #define __STDC_WANT_LIB_EXT2__ 1
| #define __STDC_WANT_MATH_SPEC_FUNCS__ 1
| #define _TANDEM_SOURCE 1
| #define __EXTENSIONS__ 1
| #define HAVE_FSEEKO 1
| #define __USE_MINGW_ANSI_STDIO 1
| #define MAJOR_IN_SYSMACROS 1
| #define HAVE_SYS_ACL_H 1
| #define HAVE_POSIX_ACLS /**/
| #define major_t int
| #define minor_t int
| #define HAVE_FCHMOD 1
| #define HAVE_FLOCKFILE 1
| #define HAVE_FUNLOCKFILE 1
| #define HAVE_PATHCONF 1
| #define HAVE_BTOWC 1
| #define HAVE_MBRTOWC 1
| #define HAVE_MBSINIT 1
| #define HAVE_CANONICALIZE_FILE_NAME 1
| #define HAVE_REALPATH 1
| #define HAVE_LSTAT 1
| #define HAVE_CHOWN 1
| #define HAVE_FCHOWN 1
| #define HAVE_FCHDIR 1
| #define HAVE_FDOPENDIR 1
| #define HAVE_FCHMODAT 1
| #define HAVE_LCHMOD 1
| #define HAVE_FCNTL 1
| #define HAVE_SYMLINK 1
| #define HAVE_LISTXATTR 1
| #define HAVE_FNMATCH 1
| #define HAVE_MBSRTOWCS 1
| #define HAVE_FSTATAT 1
| #define HAVE_GETDTABLESIZE 1
| #define HAVE_GETTIMEOFDAY 1
| #define HAVE_ISBLANK 1
| #define HAVE_ISWCNTRL 1
| #define HAVE_LINK 1
| #define HAVE_READLINK 1
| #define HAVE_OPENAT 1
| #define HAVE_MPROTECT 1
| #define HAVE_MKDIRAT 1
| #define HAVE_MKNOD 1
| #define HAVE_PIPE 1
| #define HAVE_ISWCTYPE 1
| #define HAVE_RENAMEAT 1
| #define HAVE_SETENV 1
| #define HAVE_SLEEP 1
| #define HAVE_SNPRINTF 1
| #define HAVE_STRNDUP 1
| #define HAVE_STRTOIMAX 1
| #define HAVE_STRTOUMAX 1
| #define HAVE_LOCALTIME_R 1
| #define HAVE_UNLINKAT 1
| #define HAVE_WCRTOMB 1
| #define HAVE_WCWIDTH 1
| #define HAVE_MKFIFO 1
| #define HAVE_SETLOCALE 1
| #define HAVE_FSYNC 1
| #define HAVE_SYS_ACL_H 1
| #define HAVE_ACL_GET_FILE 1
| #define HAVE_ACL_GET_FD 1
| #define HAVE_ACL_SET_FILE 1
| #define HAVE_ACL_SET_FD 1
| #define HAVE_ACL_FREE 1
| #define HAVE_ACL_FROM_MODE 1
| #define HAVE_ACL_FROM_TEXT 1
| #define HAVE_ACL_DELETE_DEF_FILE 1
| #define HAVE_ACL_EXTENDED_FILE 1
| /* end confdefs.h.  */
| /* Define acl_create_entry_np to an innocuous variant, in case <limits.h> declares acl_create_entry_np.
|    For example, HP-UX 11i <limits.h> declares gettimeofday.  */
| #define acl_create_entry_np innocuous_acl_create_entry_np
| 
| /* System header to define __stub macros and hopefully few prototypes,
|    which can conflict with char acl_create_entry_np (); below.  */
| 
| #include <limits.h>
| #undef acl_create_entry_np
| 
| /* Override any GCC internal prototype to avoid an error.
|    Use char because int might match the return type of a GCC
|    builtin and then its argument prototype would still apply.  */
| #ifdef __cplusplus
| extern "C"
| #endif
| char acl_create_entry_np ();
| /* The GNU C library defines this for functions which it implements
|     to always fail with ENOSYS.  Some functions are actually named
|     something starting with __ and the normal name is an alias.  */
| #if defined __stub_acl_create_entry_np || defined __stub___acl_create_entry_np
| choke me
| #endif
| 
| int
| main (void)
| {
| return acl_create_entry_np ();
|   ;
|   return 0;
| }
configure:9343: result: no
configure:9349: checking for acl_to_short_text
configure:9349: gcc -o conftest -g -O2   conftest.c -lacl -lacl  >&5
/usr/x86_64-pc-linux-gnu/binutils-bin/2.46.0/ld: /tmp/ccUZLC0e.o: in function `main':
/home/gentoo/bfs-linux-install/ports/core/tar/work/src/tar-1.35/conftest.c:164:(.text.startup+0x9): undefined reference to `acl_to_short_text'
collect2: error: ld returned 1 exit status
configure:9349: $? = 1
configure: failed program was:
| /* confdefs.h */
| #define PACKAGE_NAME "GNU tar"
| #define PACKAGE_TARNAME "tar"
| #define PACKAGE_VERSION "1.35"
| #define PACKAGE_STRING "GNU tar 1.35"
| #define PACKAGE_BUGREPORT "bug-tar@gnu.org"
| #define PACKAGE_URL "https://www.gnu.org/software/tar/"
| #define PACKAGE "tar"
| #define VERSION "1.35"
| #define HAVE_STDIO_H 1
| #define HAVE_STDLIB_H 1
| #define HAVE_STRING_H 1
| #define HAVE_INTTYPES_H 1
| #define HAVE_STDINT_H 1
| #define HAVE_STRINGS_H 1
| #define HAVE_SYS_STAT_H 1
| #define HAVE_SYS_TYPES_H 1
| #define HAVE_UNISTD_H 1
| #define HAVE_WCHAR_H 1
| #define HAVE_FCNTL_H 1
| #define HAVE_LINUX_FD_H 1
| #define HAVE_MEMORY_H 1
| #define HAVE_SGTTY_H 1
| #define HAVE_SYS_PARAM_H 1
| #define HAVE_SYS_MTIO_H 1
| #define HAVE_SYS_TIME_H 1
| #define HAVE_LOCALE_H 1
| #define HAVE_FEATURES_H 1
| #define HAVE_UCHAR_H 1
| #define HAVE_SYS_SOCKET_H 1
| #define HAVE_DIRENT_H 1
| #define HAVE_ERROR_H 1
| #define HAVE_LINUX_XATTR_H 1
| #define HAVE_FNMATCH_H 1
| #define HAVE_STDIO_EXT_H 1
| #define HAVE_GETOPT_H 1
| #define HAVE_SYS_CDEFS_H 1
| #define HAVE_THREADS_H 1
| #define HAVE_LIMITS_H 1
| #define HAVE_WCTYPE_H 1
| #define HAVE_LANGINFO_H 1
| #define HAVE_SYS_MMAN_H 1
| #define HAVE_MALLOC_H 1
| #define HAVE_STDBOOL_H 1
| #define HAVE_STDCKDINT_H 1
| #define HAVE_SYS_RANDOM_H 1
| #define HAVE_SYSEXITS_H 1
| #define HAVE_UTIME_H 1
| #define HAVE_NETDB_H 1
| #define HAVE_SYS_WAIT_H 1
| #define HAVE_PWD_H 1
| #define HAVE_GRP_H 1
| #define STDC_HEADERS 1
| #define _ALL_SOURCE 1
| #define _DARWIN_C_SOURCE 1
| #define _GNU_SOURCE 1
| #define _HPUX_ALT_XOPEN_SOCKET_API 1
| #define _NETBSD_SOURCE 1
| #define _OPENBSD_SOURCE 1
| #define _POSIX_PTHREAD_SEMANTICS 1
| #define __STDC_WANT_IEC_60559_ATTRIBS_EXT__ 1
| #define __STDC_WANT_IEC_60559_BFP_EXT__ 1
| #define __STDC_WANT_IEC_60559_DFP_EXT__ 1
| #define __STDC_WANT_IEC_60559_EXT__ 1
| #define __STDC_WANT_IEC_60559_FUNCS_EXT__ 1
| #define __STDC_WANT_IEC_60559_TYPES_EXT__ 1
| #define __STDC_WANT_LIB_EXT2__ 1
| #define __STDC_WANT_MATH_SPEC_FUNCS__ 1
| #define _TANDEM_SOURCE 1
| #define __EXTENSIONS__ 1
| #define HAVE_FSEEKO 1
| #define __USE_MINGW_ANSI_STDIO 1
| #define MAJOR_IN_SYSMACROS 1
| #define HAVE_SYS_ACL_H 1
| #define HAVE_POSIX_ACLS /**/
| #define major_t int
| #define minor_t int
| #define HAVE_FCHMOD 1
| #define HAVE_FLOCKFILE 1
| #define HAVE_FUNLOCKFILE 1
| #define HAVE_PATHCONF 1
| #define HAVE_BTOWC 1
| #define HAVE_MBRTOWC 1
| #define HAVE_MBSINIT 1
| #define HAVE_CANONICALIZE_FILE_NAME 1
| #define HAVE_REALPATH 1
| #define HAVE_LSTAT 1
| #define HAVE_CHOWN 1
| #define HAVE_FCHOWN 1
| #define HAVE_FCHDIR 1
| #define HAVE_FDOPENDIR 1
| #define HAVE_FCHMODAT 1
| #define HAVE_LCHMOD 1
| #define HAVE_FCNTL 1
| #define HAVE_SYMLINK 1
| #define HAVE_LISTXATTR 1
| #define HAVE_FNMATCH 1
| #define HAVE_MBSRTOWCS 1
| #define HAVE_FSTATAT 1
| #define HAVE_GETDTABLESIZE 1
| #define HAVE_GETTIMEOFDAY 1
| #define HAVE_ISBLANK 1
| #define HAVE_ISWCNTRL 1
| #define HAVE_LINK 1
| #define HAVE_READLINK 1
| #define HAVE_OPENAT 1
| #define HAVE_MPROTECT 1
| #define HAVE_MKDIRAT 1
| #define HAVE_MKNOD 1
| #define HAVE_PIPE 1
| #define HAVE_ISWCTYPE 1
| #define HAVE_RENAMEAT 1
| #define HAVE_SETENV 1
| #define HAVE_SLEEP 1
| #define HAVE_SNPRINTF 1
| #define HAVE_STRNDUP 1
| #define HAVE_STRTOIMAX 1
| #define HAVE_STRTOUMAX 1
| #define HAVE_LOCALTIME_R 1
| #define HAVE_UNLINKAT 1
| #define HAVE_WCRTOMB 1
| #define HAVE_WCWIDTH 1
| #define HAVE_MKFIFO 1
| #define HAVE_SETLOCALE 1
| #define HAVE_FSYNC 1
| #define HAVE_SYS_ACL_H 1
| #define HAVE_ACL_GET_FILE 1
| #define HAVE_ACL_GET_FD 1
| #define HAVE_ACL_SET_FILE 1
| #define HAVE_ACL_SET_FD 1
| #define HAVE_ACL_FREE 1
| #define HAVE_ACL_FROM_MODE 1
| #define HAVE_ACL_FROM_TEXT 1
| #define HAVE_ACL_DELETE_DEF_FILE 1
| #define HAVE_ACL_EXTENDED_FILE 1
| /* end confdefs.h.  */
| /* Define acl_to_short_text to an innocuous variant, in case <limits.h> declares acl_to_short_text.
|    For example, HP-UX 11i <limits.h> declares gettimeofday.  */
| #define acl_to_short_text innocuous_acl_to_short_text
| 
| /* System header to define __stub macros and hopefully few prototypes,
|    which can conflict with char acl_to_short_text (); below.  */
| 
| #include <limits.h>
| #undef acl_to_short_text
| 
| /* Override any GCC internal prototype to avoid an error.
|    Use char because int might match the return type of a GCC
|    builtin and then its argument prototype would still apply.  */
| #ifdef __cplusplus
| extern "C"
| #endif
| char acl_to_short_text ();
| /* The GNU C library defines this for functions which it implements
|     to always fail with ENOSYS.  Some functions are actually named
|     something starting with __ and the normal name is an alias.  */
| #if defined __stub_acl_to_short_text || defined __stub___acl_to_short_text
| choke me
| #endif
| 
| int
| main (void)
| {
| return acl_to_short_text ();
|   ;
|   return 0;
| }
configure:9349: result: no
configure:9355: checking for acl_free_text
configure:9355: gcc -o conftest -g -O2   conftest.c -lacl -lacl  >&5
/usr/x86_64-pc-linux-gnu/binutils-bin/2.46.0/ld: /tmp/ccpcGQqz.o: in function `main':
/home/gentoo/bfs-linux-install/ports/core/tar/work/src/tar-1.35/conftest.c:164:(.text.startup+0x9): undefined reference to `acl_free_text'
collect2: error: ld returned 1 exit status
configure:9355: $? = 1
configure: failed program was:
| /* confdefs.h */
| #define PACKAGE_NAME "GNU tar"
| #define PACKAGE_TARNAME "tar"
| #define PACKAGE_VERSION "1.35"
| #define PACKAGE_STRING "GNU tar 1.35"
| #define PACKAGE_BUGREPORT "bug-tar@gnu.org"
| #define PACKAGE_URL "https://www.gnu.org/software/tar/"
| #define PACKAGE "tar"
| #define VERSION "1.35"
| #define HAVE_STDIO_H 1
| #define HAVE_STDLIB_H 1
| #define HAVE_STRING_H 1
| #define HAVE_INTTYPES_H 1
| #define HAVE_STDINT_H 1
| #define HAVE_STRINGS_H 1
| #define HAVE_SYS_STAT_H 1
| #define HAVE_SYS_TYPES_H 1
| #define HAVE_UNISTD_H 1
| #define HAVE_WCHAR_H 1
| #define HAVE_FCNTL_H 1
| #define HAVE_LINUX_FD_H 1
| #define HAVE_MEMORY_H 1
| #define HAVE_SGTTY_H 1
| #define HAVE_SYS_PARAM_H 1
| #define HAVE_SYS_MTIO_H 1
| #define HAVE_SYS_TIME_H 1
| #define HAVE_LOCALE_H 1
| #define HAVE_FEATURES_H 1
| #define HAVE_UCHAR_H 1
| #define HAVE_SYS_SOCKET_H 1
| #define HAVE_DIRENT_H 1
| #define HAVE_ERROR_H 1
| #define HAVE_LINUX_XATTR_H 1
| #define HAVE_FNMATCH_H 1
| #define HAVE_STDIO_EXT_H 1
| #define HAVE_GETOPT_H 1
| #define HAVE_SYS_CDEFS_H 1
| #define HAVE_THREADS_H 1
| #define HAVE_LIMITS_H 1
| #define HAVE_WCTYPE_H 1
| #define HAVE_LANGINFO_H 1
| #define HAVE_SYS_MMAN_H 1
| #define HAVE_MALLOC_H 1
| #define HAVE_STDBOOL_H 1
| #define HAVE_STDCKDINT_H 1
| #define HAVE_SYS_RANDOM_H 1
| #define HAVE_SYSEXITS_H 1
| #define HAVE_UTIME_H 1
| #define HAVE_NETDB_H 1
| #define HAVE_SYS_WAIT_H 1
| #define HAVE_PWD_H 1
| #define HAVE_GRP_H 1
| #define STDC_HEADERS 1
| #define _ALL_SOURCE 1
| #define _DARWIN_C_SOURCE 1
| #define _GNU_SOURCE 1
| #define _HPUX_ALT_XOPEN_SOCKET_API 1
| #define _NETBSD_SOURCE 1
| #define _OPENBSD_SOURCE 1
| #define _POSIX_PTHREAD_SEMANTICS 1
| #define __STDC_WANT_IEC_60559_ATTRIBS_EXT__ 1
| #define __STDC_WANT_IEC_60559_BFP_EXT__ 1
| #define __STDC_WANT_IEC_60559_DFP_EXT__ 1
| #define __STDC_WANT_IEC_60559_EXT__ 1
| #define __STDC_WANT_IEC_60559_FUNCS_EXT__ 1
| #define __STDC_WANT_IEC_60559_TYPES_EXT__ 1
| #define __STDC_WANT_LIB_EXT2__ 1
| #define __STDC_WANT_MATH_SPEC_FUNCS__ 1
| #define _TANDEM_SOURCE 1
| #define __EXTENSIONS__ 1
| #define HAVE_FSEEKO 1
| #define __USE_MINGW_ANSI_STDIO 1
| #define MAJOR_IN_SYSMACROS 1
| #define HAVE_SYS_ACL_H 1
| #define HAVE_POSIX_ACLS /**/
| #define major_t int
| #define minor_t int
| #define HAVE_FCHMOD 1
| #define HAVE_FLOCKFILE 1
| #define HAVE_FUNLOCKFILE 1
| #define HAVE_PATHCONF 1
| #define HAVE_BTOWC 1
| #define HAVE_MBRTOWC 1
| #define HAVE_MBSINIT 1
| #define HAVE_CANONICALIZE_FILE_NAME 1
| #define HAVE_REALPATH 1
| #define HAVE_LSTAT 1
| #define HAVE_CHOWN 1
| #define HAVE_FCHOWN 1
| #define HAVE_FCHDIR 1
| #define HAVE_FDOPENDIR 1
| #define HAVE_FCHMODAT 1
| #define HAVE_LCHMOD 1
| #define HAVE_FCNTL 1
| #define HAVE_SYMLINK 1
| #define HAVE_LISTXATTR 1
| #define HAVE_FNMATCH 1
| #define HAVE_MBSRTOWCS 1
| #define HAVE_FSTATAT 1
| #define HAVE_GETDTABLESIZE 1
| #define HAVE_GETTIMEOFDAY 1
| #define HAVE_ISBLANK 1
| #define HAVE_ISWCNTRL 1
| #define HAVE_LINK 1
| #define HAVE_READLINK 1
| #define HAVE_OPENAT 1
| #define HAVE_MPROTECT 1
| #define HAVE_MKDIRAT 1
| #define HAVE_MKNOD 1
| #define HAVE_PIPE 1
| #define HAVE_ISWCTYPE 1
| #define HAVE_RENAMEAT 1
| #define HAVE_SETENV 1
| #define HAVE_SLEEP 1
| #define HAVE_SNPRINTF 1
| #define HAVE_STRNDUP 1
| #define HAVE_STRTOIMAX 1
| #define HAVE_STRTOUMAX 1
| #define HAVE_LOCALTIME_R 1
| #define HAVE_UNLINKAT 1
| #define HAVE_WCRTOMB 1
| #define HAVE_WCWIDTH 1
| #define HAVE_MKFIFO 1
| #define HAVE_SETLOCALE 1
| #define HAVE_FSYNC 1
| #define HAVE_SYS_ACL_H 1
| #define HAVE_ACL_GET_FILE 1
| #define HAVE_ACL_GET_FD 1
| #define HAVE_ACL_SET_FILE 1
| #define HAVE_ACL_SET_FD 1
| #define HAVE_ACL_FREE 1
| #define HAVE_ACL_FROM_MODE 1
| #define HAVE_ACL_FROM_TEXT 1
| #define HAVE_ACL_DELETE_DEF_FILE 1
| #define HAVE_ACL_EXTENDED_FILE 1
| /* end confdefs.h.  */
| /* Define acl_free_text to an innocuous variant, in case <limits.h> declares acl_free_text.
|    For example, HP-UX 11i <limits.h> declares gettimeofday.  */
| #define acl_free_text innocuous_acl_free_text
| 
| /* System header to define __stub macros and hopefully few prototypes,
|    which can conflict with char acl_free_text (); below.  */
| 
| #include <limits.h>
| #undef acl_free_text
| 
| /* Override any GCC internal prototype to avoid an error.
|    Use char because int might match the return type of a GCC
|    builtin and then its argument prototype would still apply.  */
| #ifdef __cplusplus
| extern "C"
| #endif
| char acl_free_text ();
| /* The GNU C library defines this for functions which it implements
|     to always fail with ENOSYS.  Some functions are actually named
|     something starting with __ and the normal name is an alias.  */
| #if defined __stub_acl_free_text || defined __stub___acl_free_text
| choke me
| #endif
| 
| int
| main (void)
| {
| return acl_free_text ();
|   ;
|   return 0;
| }
configure:9355: result: no
configure:9364: checking for working acl_get_file
configure:9387: gcc -o conftest -g -O2   conftest.c -lacl -lacl  >&5
configure:9387: $? = 0
configure:9398: result: yes
configure:9406: checking for acl/libacl.h
configure:9406: gcc -c -g -O2  conftest.c >&5
configure:9406: $? = 0
configure:9406: result: yes
configure:9424: checking for acl_entries
configure:9424: gcc -o conftest -g -O2   conftest.c -lacl -lacl  >&5
configure:9424: $? = 0
configure:9424: result: yes
configure:9437: checking for ACL_FIRST_ENTRY
configure:9456: gcc -c -g -O2  conftest.c >&5
configure:9456: $? = 0
configure:9464: result: yes
configure:9471: checking for ACL_TYPE_EXTENDED
configure:9490: gcc -c -g -O2  conftest.c >&5
conftest.c:142:12: error: 'ACL_TYPE_EXTENDED' undeclared here (not in a function)
  142 | int type = ACL_TYPE_EXTENDED;
      |            ^~~~~~~~~~~~~~~~~
configure:9490: $? = 1
configure: failed program was:
| /* confdefs.h */
| #define PACKAGE_NAME "GNU tar"
| #define PACKAGE_TARNAME "tar"
| #define PACKAGE_VERSION "1.35"
| #define PACKAGE_STRING "GNU tar 1.35"
| #define PACKAGE_BUGREPORT "bug-tar@gnu.org"
| #define PACKAGE_URL "https://www.gnu.org/software/tar/"
| #define PACKAGE "tar"
| #define VERSION "1.35"
| #define HAVE_STDIO_H 1
| #define HAVE_STDLIB_H 1
| #define HAVE_STRING_H 1
| #define HAVE_INTTYPES_H 1
| #define HAVE_STDINT_H 1
| #define HAVE_STRINGS_H 1
| #define HAVE_SYS_STAT_H 1
| #define HAVE_SYS_TYPES_H 1
| #define HAVE_UNISTD_H 1
| #define HAVE_WCHAR_H 1
| #define HAVE_FCNTL_H 1
| #define HAVE_LINUX_FD_H 1
| #define HAVE_MEMORY_H 1
| #define HAVE_SGTTY_H 1
| #define HAVE_SYS_PARAM_H 1
| #define HAVE_SYS_MTIO_H 1
| #define HAVE_SYS_TIME_H 1
| #define HAVE_LOCALE_H 1
| #define HAVE_FEATURES_H 1
| #define HAVE_UCHAR_H 1
| #define HAVE_SYS_SOCKET_H 1
| #define HAVE_DIRENT_H 1
| #define HAVE_ERROR_H 1
| #define HAVE_LINUX_XATTR_H 1
| #define HAVE_FNMATCH_H 1
| #define HAVE_STDIO_EXT_H 1
| #define HAVE_GETOPT_H 1
| #define HAVE_SYS_CDEFS_H 1
| #define HAVE_THREADS_H 1
| #define HAVE_LIMITS_H 1
| #define HAVE_WCTYPE_H 1
| #define HAVE_LANGINFO_H 1
| #define HAVE_SYS_MMAN_H 1
| #define HAVE_MALLOC_H 1
| #define HAVE_STDBOOL_H 1
| #define HAVE_STDCKDINT_H 1
| #define HAVE_SYS_RANDOM_H 1
| #define HAVE_SYSEXITS_H 1
| #define HAVE_UTIME_H 1
| #define HAVE_NETDB_H 1
| #define HAVE_SYS_WAIT_H 1
| #define HAVE_PWD_H 1
| #define HAVE_GRP_H 1
| #define STDC_HEADERS 1
| #define _ALL_SOURCE 1
| #define _DARWIN_C_SOURCE 1
| #define _GNU_SOURCE 1
| #define _HPUX_ALT_XOPEN_SOCKET_API 1
| #define _NETBSD_SOURCE 1
| #define _OPENBSD_SOURCE 1
| #define _POSIX_PTHREAD_SEMANTICS 1
| #define __STDC_WANT_IEC_60559_ATTRIBS_EXT__ 1
| #define __STDC_WANT_IEC_60559_BFP_EXT__ 1
| #define __STDC_WANT_IEC_60559_DFP_EXT__ 1
| #define __STDC_WANT_IEC_60559_EXT__ 1
| #define __STDC_WANT_IEC_60559_FUNCS_EXT__ 1
| #define __STDC_WANT_IEC_60559_TYPES_EXT__ 1
| #define __STDC_WANT_LIB_EXT2__ 1
| #define __STDC_WANT_MATH_SPEC_FUNCS__ 1
| #define _TANDEM_SOURCE 1
| #define __EXTENSIONS__ 1
| #define HAVE_FSEEKO 1
| #define __USE_MINGW_ANSI_STDIO 1
| #define MAJOR_IN_SYSMACROS 1
| #define HAVE_SYS_ACL_H 1
| #define HAVE_POSIX_ACLS /**/
| #define major_t int
| #define minor_t int
| #define HAVE_FCHMOD 1
| #define HAVE_FLOCKFILE 1
| #define HAVE_FUNLOCKFILE 1
| #define HAVE_PATHCONF 1
| #define HAVE_BTOWC 1
| #define HAVE_MBRTOWC 1
| #define HAVE_MBSINIT 1
| #define HAVE_CANONICALIZE_FILE_NAME 1
| #define HAVE_REALPATH 1
| #define HAVE_LSTAT 1
| #define HAVE_CHOWN 1
| #define HAVE_FCHOWN 1
| #define HAVE_FCHDIR 1
| #define HAVE_FDOPENDIR 1
| #define HAVE_FCHMODAT 1
| #define HAVE_LCHMOD 1
| #define HAVE_FCNTL 1
| #define HAVE_SYMLINK 1
| #define HAVE_LISTXATTR 1
| #define HAVE_FNMATCH 1
| #define HAVE_MBSRTOWCS 1
| #define HAVE_FSTATAT 1
| #define HAVE_GETDTABLESIZE 1
| #define HAVE_GETTIMEOFDAY 1
| #define HAVE_ISBLANK 1
| #define HAVE_ISWCNTRL 1
| #define HAVE_LINK 1
| #define HAVE_READLINK 1
| #define HAVE_OPENAT 1
| #define HAVE_MPROTECT 1
| #define HAVE_MKDIRAT 1
| #define HAVE_MKNOD 1
| #define HAVE_PIPE 1
| #define HAVE_ISWCTYPE 1
| #define HAVE_RENAMEAT 1
| #define HAVE_SETENV 1
| #define HAVE_SLEEP 1
| #define HAVE_SNPRINTF 1
| #define HAVE_STRNDUP 1
| #define HAVE_STRTOIMAX 1
| #define HAVE_STRTOUMAX 1
| #define HAVE_LOCALTIME_R 1
| #define HAVE_UNLINKAT 1
| #define HAVE_WCRTOMB 1
| #define HAVE_WCWIDTH 1
| #define HAVE_MKFIFO 1
| #define HAVE_SETLOCALE 1
| #define HAVE_FSYNC 1
| #define HAVE_SYS_ACL_H 1
| #define HAVE_ACL_GET_FILE 1
| #define HAVE_ACL_GET_FD 1
| #define HAVE_ACL_SET_FILE 1
| #define HAVE_ACL_SET_FD 1
| #define HAVE_ACL_FREE 1
| #define HAVE_ACL_FROM_MODE 1
| #define HAVE_ACL_FROM_TEXT 1
| #define HAVE_ACL_DELETE_DEF_FILE 1
| #define HAVE_ACL_EXTENDED_FILE 1
| #define HAVE_ACL_LIBACL_H 1
| #define HAVE_ACL_ENTRIES 1
| #define HAVE_ACL_FIRST_ENTRY 1
| /* end confdefs.h.  */
| #include <sys/types.h>
| #include <sys/acl.h>
| int type = ACL_TYPE_EXTENDED;
| int
| main (void)
| {
| 
|   ;
|   return 0;
| }
configure:9498: result: no
configure:9677: checking for size_t
configure:9677: gcc -c -g -O2  conftest.c >&5
configure:9677: $? = 0
configure:9677: gcc -c -g -O2  conftest.c >&5
conftest.c: In function 'main':
conftest.c:172:21: error: expected expression before ')' token
  172 | if (sizeof ((size_t)))
      |                     ^
configure:9677: $? = 1
configure: failed program was:
| /* confdefs.h */
| #define PACKAGE_NAME "GNU tar"
| #define PACKAGE_TARNAME "tar"
| #define PACKAGE_VERSION "1.35"
| #define PACKAGE_STRING "GNU tar 1.35"
| #define PACKAGE_BUGREPORT "bug-tar@gnu.org"
| #define PACKAGE_URL "https://www.gnu.org/software/tar/"
| #define PACKAGE "tar"
| #define VERSION "1.35"
| #define HAVE_STDIO_H 1
| #define HAVE_STDLIB_H 1
| #define HAVE_STRING_H 1
| #define HAVE_INTTYPES_H 1
| #define HAVE_STDINT_H 1
| #define HAVE_STRINGS_H 1
| #define HAVE_SYS_STAT_H 1
| #define HAVE_SYS_TYPES_H 1
| #define HAVE_UNISTD_H 1
| #define HAVE_WCHAR_H 1
| #define HAVE_FCNTL_H 1
| #define HAVE_LINUX_FD_H 1
| #define HAVE_MEMORY_H 1
| #define HAVE_SGTTY_H 1
| #define HAVE_SYS_PARAM_H 1
| #define HAVE_SYS_MTIO_H 1
| #define HAVE_SYS_TIME_H 1
| #define HAVE_LOCALE_H 1
| #define HAVE_FEATURES_H 1
| #define HAVE_UCHAR_H 1
| #define HAVE_SYS_SOCKET_H 1
| #define HAVE_DIRENT_H 1
| #define HAVE_ERROR_H 1
| #define HAVE_LINUX_XATTR_H 1
| #define HAVE_FNMATCH_H 1
| #define HAVE_STDIO_EXT_H 1
| #define HAVE_GETOPT_H 1
| #define HAVE_SYS_CDEFS_H 1
| #define HAVE_THREADS_H 1
| #define HAVE_LIMITS_H 1
| #define HAVE_WCTYPE_H 1
| #define HAVE_LANGINFO_H 1
| #define HAVE_SYS_MMAN_H 1
| #define HAVE_MALLOC_H 1
| #define HAVE_STDBOOL_H 1
| #define HAVE_STDCKDINT_H 1
| #define HAVE_SYS_RANDOM_H 1
| #define HAVE_SYSEXITS_H 1
| #define HAVE_UTIME_H 1
| #define HAVE_NETDB_H 1
| #define HAVE_SYS_WAIT_H 1
| #define HAVE_PWD_H 1
| #define HAVE_GRP_H 1
| #define STDC_HEADERS 1
| #define _ALL_SOURCE 1
| #define _DARWIN_C_SOURCE 1
| #define _GNU_SOURCE 1
| #define _HPUX_ALT_XOPEN_SOCKET_API 1
| #define _NETBSD_SOURCE 1
| #define _OPENBSD_SOURCE 1
| #define _POSIX_PTHREAD_SEMANTICS 1
| #define __STDC_WANT_IEC_60559_ATTRIBS_EXT__ 1
| #define __STDC_WANT_IEC_60559_BFP_EXT__ 1
| #define __STDC_WANT_IEC_60559_DFP_EXT__ 1
| #define __STDC_WANT_IEC_60559_EXT__ 1
| #define __STDC_WANT_IEC_60559_FUNCS_EXT__ 1
| #define __STDC_WANT_IEC_60559_TYPES_EXT__ 1
| #define __STDC_WANT_LIB_EXT2__ 1
| #define __STDC_WANT_MATH_SPEC_FUNCS__ 1
| #define _TANDEM_SOURCE 1
| #define __EXTENSIONS__ 1
| #define HAVE_FSEEKO 1
| #define __USE_MINGW_ANSI_STDIO 1
| #define MAJOR_IN_SYSMACROS 1
| #define HAVE_SYS_ACL_H 1
| #define HAVE_POSIX_ACLS /**/
| #define major_t int
| #define minor_t int
| #define HAVE_FCHMOD 1
| #define HAVE_FLOCKFILE 1
| #define HAVE_FUNLOCKFILE 1
| #define HAVE_PATHCONF 1
| #define HAVE_BTOWC 1
| #define HAVE_MBRTOWC 1
| #define HAVE_MBSINIT 1
| #define HAVE_CANONICALIZE_FILE_NAME 1
| #define HAVE_REALPATH 1
| #define HAVE_LSTAT 1
| #define HAVE_CHOWN 1
| #define HAVE_FCHOWN 1
| #define HAVE_FCHDIR 1
| #define HAVE_FDOPENDIR 1
| #define HAVE_FCHMODAT 1
| #define HAVE_LCHMOD 1
| #define HAVE_FCNTL 1
| #define HAVE_SYMLINK 1
| #define HAVE_LISTXATTR 1
| #define HAVE_FNMATCH 1
| #define HAVE_MBSRTOWCS 1
| #define HAVE_FSTATAT 1
| #define HAVE_GETDTABLESIZE 1
| #define HAVE_GETTIMEOFDAY 1
| #define HAVE_ISBLANK 1
| #define HAVE_ISWCNTRL 1
| #define HAVE_LINK 1
| #define HAVE_READLINK 1
| #define HAVE_OPENAT 1
| #define HAVE_MPROTECT 1
| #define HAVE_MKDIRAT 1
| #define HAVE_MKNOD 1
| #define HAVE_PIPE 1
| #define HAVE_ISWCTYPE 1
| #define HAVE_RENAMEAT 1
| #define HAVE_SETENV 1
| #define HAVE_SLEEP 1
| #define HAVE_SNPRINTF 1
| #define HAVE_STRNDUP 1
| #define HAVE_STRTOIMAX 1
| #define HAVE_STRTOUMAX 1
| #define HAVE_LOCALTIME_R 1
| #define HAVE_UNLINKAT 1
| #define HAVE_WCRTOMB 1
| #define HAVE_WCWIDTH 1
| #define HAVE_MKFIFO 1
| #define HAVE_SETLOCALE 1
| #define HAVE_FSYNC 1
| #define HAVE_SYS_ACL_H 1
| #define HAVE_ACL_GET_FILE 1
| #define HAVE_ACL_GET_FD 1
| #define HAVE_ACL_SET_FILE 1
| #define HAVE_ACL_SET_FD 1
| #define HAVE_ACL_FREE 1
| #define HAVE_ACL_FROM_MODE 1
| #define HAVE_ACL_FROM_TEXT 1
| #define HAVE_ACL_DELETE_DEF_FILE 1
| #define HAVE_ACL_EXTENDED_FILE 1
| #define HAVE_ACL_LIBACL_H 1
| #define HAVE_ACL_ENTRIES 1
| #define HAVE_ACL_FIRST_ENTRY 1
| #define USE_ACL 1
| /* end confdefs.h.  */
| #include <stddef.h>
| #ifdef HAVE_STDIO_H
| # include <stdio.h>
| #endif
| #ifdef HAVE_STDLIB_H
| # include <stdlib.h>
| #endif
| #ifdef HAVE_STRING_H
| # include <string.h>
| #endif
| #ifdef HAVE_INTTYPES_H
| # include <inttypes.h>
| #endif
| #ifdef HAVE_STDINT_H
| # include <stdint.h>
| #endif
| #ifdef HAVE_STRINGS_H
| # include <strings.h>
| #endif
| #ifdef HAVE_SYS_TYPES_H
| # include <sys/types.h>
| #endif
| #ifdef HAVE_SYS_STAT_H
| # include <sys/stat.h>
| #endif
| #ifdef HAVE_UNISTD_H
| # include <unistd.h>
| #endif
| int
| main (void)
| {
| if (sizeof ((size_t)))
| 	    return 0;
|   ;
|   return 0;
| }
configure:9677: result: yes
configure:9689: checking for working alloca.h
configure:9707: gcc -o conftest -g -O2   conftest.c -lacl  >&5
configure:9707: $? = 0
configure:9716: result: yes
configure:9724: checking for alloca
configure:9769: result: yes
configure:9840: checking for inline
configure:9857: gcc -c -g -O2  conftest.c >&5
configure:9857: $? = 0
configure:9866: result: inline
configure:9884: checking for C/C++ restrict keyword
configure:9914: gcc -c -g -O2  conftest.c >&5
configure:9914: $? = 0
configure:9923: result: __restrict__
configure:9934: checking for gcc options needed to detect all undeclared functions
configure:9956: gcc -c -g -O2   conftest.c >&5
conftest.c: In function 'main':
conftest.c:148:8: error: 'strchr' undeclared (first use in this function)
  148 | (void) strchr;
      |        ^~~~~~
conftest.c:1:1: note: 'strchr' is defined in header '<string.h>'; this is probably fixable by adding '#include <string.h>'
    1 | /* confdefs.h */
conftest.c:148:8: note: each undeclared identifier is reported only once for each function it appears in
  148 | (void) strchr;
      |        ^~~~~~
configure:9956: $? = 1
configure: failed program was:
| /* confdefs.h */
| #define PACKAGE_NAME "GNU tar"
| #define PACKAGE_TARNAME "tar"
| #define PACKAGE_VERSION "1.35"
| #define PACKAGE_STRING "GNU tar 1.35"
| #define PACKAGE_BUGREPORT "bug-tar@gnu.org"
| #define PACKAGE_URL "https://www.gnu.org/software/tar/"
| #define PACKAGE "tar"
| #define VERSION "1.35"
| #define HAVE_STDIO_H 1
| #define HAVE_STDLIB_H 1
| #define HAVE_STRING_H 1
| #define HAVE_INTTYPES_H 1
| #define HAVE_STDINT_H 1
| #define HAVE_STRINGS_H 1
| #define HAVE_SYS_STAT_H 1
| #define HAVE_SYS_TYPES_H 1
| #define HAVE_UNISTD_H 1
| #define HAVE_WCHAR_H 1
| #define HAVE_FCNTL_H 1
| #define HAVE_LINUX_FD_H 1
| #define HAVE_MEMORY_H 1
| #define HAVE_SGTTY_H 1
| #define HAVE_SYS_PARAM_H 1
| #define HAVE_SYS_MTIO_H 1
| #define HAVE_SYS_TIME_H 1
| #define HAVE_LOCALE_H 1
| #define HAVE_FEATURES_H 1
| #define HAVE_UCHAR_H 1
| #define HAVE_SYS_SOCKET_H 1
| #define HAVE_DIRENT_H 1
| #define HAVE_ERROR_H 1
| #define HAVE_LINUX_XATTR_H 1
| #define HAVE_FNMATCH_H 1
| #define HAVE_STDIO_EXT_H 1
| #define HAVE_GETOPT_H 1
| #define HAVE_SYS_CDEFS_H 1
| #define HAVE_THREADS_H 1
| #define HAVE_LIMITS_H 1
| #define HAVE_WCTYPE_H 1
| #define HAVE_LANGINFO_H 1
| #define HAVE_SYS_MMAN_H 1
| #define HAVE_MALLOC_H 1
| #define HAVE_STDBOOL_H 1
| #define HAVE_STDCKDINT_H 1
| #define HAVE_SYS_RANDOM_H 1
| #define HAVE_SYSEXITS_H 1
| #define HAVE_UTIME_H 1
| #define HAVE_NETDB_H 1
| #define HAVE_SYS_WAIT_H 1
| #define HAVE_PWD_H 1
| #define HAVE_GRP_H 1
| #define STDC_HEADERS 1
| #define _ALL_SOURCE 1
| #define _DARWIN_C_SOURCE 1
| #define _GNU_SOURCE 1
| #define _HPUX_ALT_XOPEN_SOCKET_API 1
| #define _NETBSD_SOURCE 1
| #define _OPENBSD_SOURCE 1
| #define _POSIX_PTHREAD_SEMANTICS 1
| #define __STDC_WANT_IEC_60559_ATTRIBS_EXT__ 1
| #define __STDC_WANT_IEC_60559_BFP_EXT__ 1
| #define __STDC_WANT_IEC_60559_DFP_EXT__ 1
| #define __STDC_WANT_IEC_60559_EXT__ 1
| #define __STDC_WANT_IEC_60559_FUNCS_EXT__ 1
| #define __STDC_WANT_IEC_60559_TYPES_EXT__ 1
| #define __STDC_WANT_LIB_EXT2__ 1
| #define __STDC_WANT_MATH_SPEC_FUNCS__ 1
| #define _TANDEM_SOURCE 1
| #define __EXTENSIONS__ 1
| #define HAVE_FSEEKO 1
| #define __USE_MINGW_ANSI_STDIO 1
| #define MAJOR_IN_SYSMACROS 1
| #define HAVE_SYS_ACL_H 1
| #define HAVE_POSIX_ACLS /**/
| #define major_t int
| #define minor_t int
| #define HAVE_FCHMOD 1
| #define HAVE_FLOCKFILE 1
| #define HAVE_FUNLOCKFILE 1
| #define HAVE_PATHCONF 1
| #define HAVE_BTOWC 1
| #define HAVE_MBRTOWC 1
| #define HAVE_MBSINIT 1
| #define HAVE_CANONICALIZE_FILE_NAME 1
| #define HAVE_REALPATH 1
| #define HAVE_LSTAT 1
| #define HAVE_CHOWN 1
| #define HAVE_FCHOWN 1
| #define HAVE_FCHDIR 1
| #define HAVE_FDOPENDIR 1
| #define HAVE_FCHMODAT 1
| #define HAVE_LCHMOD 1
| #define HAVE_FCNTL 1
| #define HAVE_SYMLINK 1
| #define HAVE_LISTXATTR 1
| #define HAVE_FNMATCH 1
| #define HAVE_MBSRTOWCS 1
| #define HAVE_FSTATAT 1
| #define HAVE_GETDTABLESIZE 1
| #define HAVE_GETTIMEOFDAY 1
| #define HAVE_ISBLANK 1
| #define HAVE_ISWCNTRL 1
| #define HAVE_LINK 1
| #define HAVE_READLINK 1
| #define HAVE_OPENAT 1
| #define HAVE_MPROTECT 1
| #define HAVE_MKDIRAT 1
| #define HAVE_MKNOD 1
| #define HAVE_PIPE 1
| #define HAVE_ISWCTYPE 1
| #define HAVE_RENAMEAT 1
| #define HAVE_SETENV 1
| #define HAVE_SLEEP 1
| #define HAVE_SNPRINTF 1
| #define HAVE_STRNDUP 1
| #define HAVE_STRTOIMAX 1
| #define HAVE_STRTOUMAX 1
| #define HAVE_LOCALTIME_R 1
| #define HAVE_UNLINKAT 1
| #define HAVE_WCRTOMB 1
| #define HAVE_WCWIDTH 1
| #define HAVE_MKFIFO 1
| #define HAVE_SETLOCALE 1
| #define HAVE_FSYNC 1
| #define HAVE_SYS_ACL_H 1
| #define HAVE_ACL_GET_FILE 1
| #define HAVE_ACL_GET_FD 1
| #define HAVE_ACL_SET_FILE 1
| #define HAVE_ACL_SET_FD 1
| #define HAVE_ACL_FREE 1
| #define HAVE_ACL_FROM_MODE 1
| #define HAVE_ACL_FROM_TEXT 1
| #define HAVE_ACL_DELETE_DEF_FILE 1
| #define HAVE_ACL_EXTENDED_FILE 1
| #define HAVE_ACL_LIBACL_H 1
| #define HAVE_ACL_ENTRIES 1
| #define HAVE_ACL_FIRST_ENTRY 1
| #define USE_ACL 1
| #define HAVE_ALLOCA_H 1
| #define HAVE_ALLOCA 1
| #define restrict __restrict__
| /* end confdefs.h.  */
| 
| int
| main (void)
| {
| (void) strchr;
|   ;
|   return 0;
| }
configure:9983: gcc -c -g -O2   conftest.c >&5
configure:9983: $? = 0
configure:10000: result: none needed
configure:10014: checking whether clearerr_unlocked is declared
configure:10014: gcc -c -g -O2   conftest.c >&5
configure:10014: $? = 0
configure:10014: result: yes
configure:10023: checking whether feof_unlocked is declared
configure:10023: gcc -c -g -O2   conftest.c >&5
configure:10023: $? = 0
configure:10023: result: yes
configure:10032: checking whether ferror_unlocked is declared
configure:10032: gcc -c -g -O2   conftest.c >&5
configure:10032: $? = 0
configure:10032: result: yes
configure:10041: checking whether fflush_unlocked is declared
configure:10041: gcc -c -g -O2   conftest.c >&5
configure:10041: $? = 0
configure:10041: result: yes
configure:10050: checking whether fgets_unlocked is declared
configure:10050: gcc -c -g -O2   conftest.c >&5
configure:10050: $? = 0
configure:10050: result: yes
configure:10059: checking whether fputc_unlocked is declared
configure:10059: gcc -c -g -O2   conftest.c >&5
configure:10059: $? = 0
configure:10059: result: yes
configure:10068: checking whether fputs_unlocked is declared
configure:10068: gcc -c -g -O2   conftest.c >&5
configure:10068: $? = 0
configure:10068: result: yes
configure:10077: checking whether fread_unlocked is declared
configure:10077: gcc -c -g -O2   conftest.c >&5
configure:10077: $? = 0
configure:10077: result: yes
configure:10086: checking whether fwrite_unlocked is declared
configure:10086: gcc -c -g -O2   conftest.c >&5
configure:10086: $? = 0
configure:10086: result: yes
configure:10095: checking whether getc_unlocked is declared
configure:10095: gcc -c -g -O2   conftest.c >&5
configure:10095: $? = 0
configure:10095: result: yes
configure:10104: checking whether getchar_unlocked is declared
configure:10104: gcc -c -g -O2   conftest.c >&5
configure:10104: $? = 0
configure:10104: result: yes
configure:10113: checking whether putc_unlocked is declared
configure:10113: gcc -c -g -O2   conftest.c >&5
configure:10113: $? = 0
configure:10113: result: yes
configure:10122: checking whether putchar_unlocked is declared
configure:10122: gcc -c -g -O2   conftest.c >&5
configure:10122: $? = 0
configure:10122: result: yes
configure:10135: checking whether strerror_r is declared
configure:10135: gcc -c -g -O2   conftest.c >&5
configure:10135: $? = 0
configure:10135: result: yes
configure:10154: checking whether strerror_r returns char *
configure:10179: gcc -c -g -O2  conftest.c >&5
configure:10179: $? = 0
configure:10188: result: yes
configure:10201: checking whether the preprocessor supports include_next
configure:10240: gcc -c -g -O2  -Iconftestd1b -Iconftestd2 conftest.c >&5
configure:10240: $? = 0
configure:10263: result: yes
configure:10285: checking whether source code line length is unlimited
configure:10310: result: yes
configure:10319: checking for d_ino member in directory struct
configure:10369: gcc -o conftest -g -O2   conftest.c -lacl  >&5
configure:10369: $? = 0
configure:10369: ./conftest
configure:10369: $? = 4
configure: program exited with status 4
configure: failed program was:
| /* confdefs.h */
| #define PACKAGE_NAME "GNU tar"
| #define PACKAGE_TARNAME "tar"
| #define PACKAGE_VERSION "1.35"
| #define PACKAGE_STRING "GNU tar 1.35"
| #define PACKAGE_BUGREPORT "bug-tar@gnu.org"
| #define PACKAGE_URL "https://www.gnu.org/software/tar/"
| #define PACKAGE "tar"
| #define VERSION "1.35"
| #define HAVE_STDIO_H 1
| #define HAVE_STDLIB_H 1
| #define HAVE_STRING_H 1
| #define HAVE_INTTYPES_H 1
| #define HAVE_STDINT_H 1
| #define HAVE_STRINGS_H 1
| #define HAVE_SYS_STAT_H 1
| #define HAVE_SYS_TYPES_H 1
| #define HAVE_UNISTD_H 1
| #define HAVE_WCHAR_H 1
| #define HAVE_FCNTL_H 1
| #define HAVE_LINUX_FD_H 1
| #define HAVE_MEMORY_H 1
| #define HAVE_SGTTY_H 1
| #define HAVE_SYS_PARAM_H 1
| #define HAVE_SYS_MTIO_H 1
| #define HAVE_SYS_TIME_H 1
| #define HAVE_LOCALE_H 1
| #define HAVE_FEATURES_H 1
| #define HAVE_UCHAR_H 1
| #define HAVE_SYS_SOCKET_H 1
| #define HAVE_DIRENT_H 1
| #define HAVE_ERROR_H 1
| #define HAVE_LINUX_XATTR_H 1
| #define HAVE_FNMATCH_H 1
| #define HAVE_STDIO_EXT_H 1
| #define HAVE_GETOPT_H 1
| #define HAVE_SYS_CDEFS_H 1
| #define HAVE_THREADS_H 1
| #define HAVE_LIMITS_H 1
| #define HAVE_WCTYPE_H 1
| #define HAVE_LANGINFO_H 1
| #define HAVE_SYS_MMAN_H 1
| #define HAVE_MALLOC_H 1
| #define HAVE_STDBOOL_H 1
| #define HAVE_STDCKDINT_H 1
| #define HAVE_SYS_RANDOM_H 1
| #define HAVE_SYSEXITS_H 1
| #define HAVE_UTIME_H 1
| #define HAVE_NETDB_H 1
| #define HAVE_SYS_WAIT_H 1
| #define HAVE_PWD_H 1
| #define HAVE_GRP_H 1
| #define STDC_HEADERS 1
| #define _ALL_SOURCE 1
| #define _DARWIN_C_SOURCE 1
| #define _GNU_SOURCE 1
| #define _HPUX_ALT_XOPEN_SOCKET_API 1
| #define _NETBSD_SOURCE 1
| #define _OPENBSD_SOURCE 1
| #define _POSIX_PTHREAD_SEMANTICS 1
| #define __STDC_WANT_IEC_60559_ATTRIBS_EXT__ 1
| #define __STDC_WANT_IEC_60559_BFP_EXT__ 1
| #define __STDC_WANT_IEC_60559_DFP_EXT__ 1
| #define __STDC_WANT_IEC_60559_EXT__ 1
| #define __STDC_WANT_IEC_60559_FUNCS_EXT__ 1
| #define __STDC_WANT_IEC_60559_TYPES_EXT__ 1
| #define __STDC_WANT_LIB_EXT2__ 1
| #define __STDC_WANT_MATH_SPEC_FUNCS__ 1
| #define _TANDEM_SOURCE 1
| #define __EXTENSIONS__ 1
| #define HAVE_FSEEKO 1
| #define __USE_MINGW_ANSI_STDIO 1
| #define MAJOR_IN_SYSMACROS 1
| #define HAVE_SYS_ACL_H 1
| #define HAVE_POSIX_ACLS /**/
| #define major_t int
| #define minor_t int
| #define HAVE_FCHMOD 1
| #define HAVE_FLOCKFILE 1
| #define HAVE_FUNLOCKFILE 1
| #define HAVE_PATHCONF 1
| #define HAVE_BTOWC 1
| #define HAVE_MBRTOWC 1
| #define HAVE_MBSINIT 1
| #define HAVE_CANONICALIZE_FILE_NAME 1
| #define HAVE_REALPATH 1
| #define HAVE_LSTAT 1
| #define HAVE_CHOWN 1
| #define HAVE_FCHOWN 1
| #define HAVE_FCHDIR 1
| #define HAVE_FDOPENDIR 1
| #define HAVE_FCHMODAT 1
| #define HAVE_LCHMOD 1
| #define HAVE_FCNTL 1
| #define HAVE_SYMLINK 1
| #define HAVE_LISTXATTR 1
| #define HAVE_FNMATCH 1
| #define HAVE_MBSRTOWCS 1
| #define HAVE_FSTATAT 1
| #define HAVE_GETDTABLESIZE 1
| #define HAVE_GETTIMEOFDAY 1
| #define HAVE_ISBLANK 1
| #define HAVE_ISWCNTRL 1
| #define HAVE_LINK 1
| #define HAVE_READLINK 1
| #define HAVE_OPENAT 1
| #define HAVE_MPROTECT 1
| #define HAVE_MKDIRAT 1
| #define HAVE_MKNOD 1
| #define HAVE_PIPE 1
| #define HAVE_ISWCTYPE 1
| #define HAVE_RENAMEAT 1
| #define HAVE_SETENV 1
| #define HAVE_SLEEP 1
| #define HAVE_SNPRINTF 1
| #define HAVE_STRNDUP 1
| #define HAVE_STRTOIMAX 1
| #define HAVE_STRTOUMAX 1
| #define HAVE_LOCALTIME_R 1
| #define HAVE_UNLINKAT 1
| #define HAVE_WCRTOMB 1
| #define HAVE_WCWIDTH 1
| #define HAVE_MKFIFO 1
| #define HAVE_SETLOCALE 1
| #define HAVE_FSYNC 1
| #define HAVE_SYS_ACL_H 1
| #define HAVE_ACL_GET_FILE 1
| #define HAVE_ACL_GET_FD 1
| #define HAVE_ACL_SET_FILE 1
| #define HAVE_ACL_SET_FD 1
| #define HAVE_ACL_FREE 1
| #define HAVE_ACL_FROM_MODE 1
| #define HAVE_ACL_FROM_TEXT 1
| #define HAVE_ACL_DELETE_DEF_FILE 1
| #define HAVE_ACL_EXTENDED_FILE 1
| #define HAVE_ACL_LIBACL_H 1
| #define HAVE_ACL_ENTRIES 1
| #define HAVE_ACL_FIRST_ENTRY 1
| #define USE_ACL 1
| #define HAVE_ALLOCA_H 1
| #define HAVE_ALLOCA 1
| #define restrict __restrict__
| #define HAVE_DECL_CLEARERR_UNLOCKED 1
| #define HAVE_DECL_FEOF_UNLOCKED 1
| #define HAVE_DECL_FERROR_UNLOCKED 1
| #define HAVE_DECL_FFLUSH_UNLOCKED 1
| #define HAVE_DECL_FGETS_UNLOCKED 1
| #define HAVE_DECL_FPUTC_UNLOCKED 1
| #define HAVE_DECL_FPUTS_UNLOCKED 1
| #define HAVE_DECL_FREAD_UNLOCKED 1
| #define HAVE_DECL_FWRITE_UNLOCKED 1
| #define HAVE_DECL_GETC_UNLOCKED 1
| #define HAVE_DECL_GETCHAR_UNLOCKED 1
| #define HAVE_DECL_PUTC_UNLOCKED 1
| #define HAVE_DECL_PUTCHAR_UNLOCKED 1
| #define HAVE_DECL_STRERROR_R 1
| #define HAVE_STRERROR_R 1
| #define STRERROR_R_CHAR_P 1
| /* end confdefs.h.  */
| #include <sys/types.h>
|              #include <sys/stat.h>
|              #include <dirent.h>
| 
| int
| main (void)
| {
| DIR *dp = opendir (".");
|              struct dirent *e;
|              struct stat st;
|              if (! dp)
|                return 1;
|              e = readdir (dp);
|              if (! e)
|                { closedir (dp); return 2; }
|              if (lstat (e->d_name, &st) != 0)
|                { closedir (dp); return 3; }
|              if (e->d_ino != st.st_ino)
|                { closedir (dp); return 4; }
|              closedir (dp);
|              return 0;
| 
|   ;
|   return 0;
| }
configure:10380: result: no
configure:10391: checking for long file names
configure:10424: result: yes
configure:10499: checking whether <wchar.h> uses 'inline' correctly
configure:10521: gcc -c -g -O2  conftest1.c >&5
configure:10524: $? = 0
configure:10537: gcc -c -g -O2  conftest2.c >&5
configure:10540: $? = 0
configure:10555: result: yes
configure:10571: checking for nl_langinfo and CODESET
configure:10588: gcc -o conftest -g -O2   conftest.c -lacl  >&5
configure:10588: $? = 0
configure:10598: result: yes
configure:10609: checking for a traditional french locale
configure:10685: gcc -o conftest -g -O2   conftest.c -lacl  >&5
configure:10688: $? = 0
configure:10744: result: fr_FR
configure:11220: checking whether char8_t is correctly defined
configure:11244: gcc -c -g -O2  conftest.c >&5
configure:11244: $? = 0
configure:11253: result: yes
configure:11263: checking whether char16_t is correctly defined
configure:11289: gcc -c -g -O2  conftest.c >&5
configure:11289: $? = 0
configure:11298: result: yes
configure:11308: checking whether char32_t is correctly defined
configure:11334: gcc -c -g -O2  conftest.c >&5
configure:11334: $? = 0
configure:11343: result: yes
configure:11519: checking for bit size of wchar_t
configure:11525: gcc -o conftest -g -O2   conftest.c -lacl  >&5
configure:11525: $? = 0
configure:11525: ./conftest
configure:11525: $? = 0
configure:11543: result: 32
configure:11569: checking for mbstate_t
configure:11587: gcc -c -g -O2  conftest.c >&5
configure:11587: $? = 0
configure:11595: result: yes
configure:11611: checking for a traditional japanese locale
configure:11691: gcc -o conftest -g -O2   conftest.c -lacl  >&5
configure:11694: $? = 0
configure:11752: result: ja_JP
configure:11760: checking for a french Unicode locale
configure:11838: gcc -o conftest -g -O2   conftest.c -lacl  >&5
configure:11841: $? = 0
configure:11889: result: fr_FR.UTF-8
configure:11916: checking for a transitional chinese locale
configure:11997: gcc -o conftest -g -O2   conftest.c -lacl  >&5
configure:12000: $? = 0
configure:12051: result: zh_CN.GB18030
configure:12072: checking whether mbrtowc handles incomplete characters
configure:12112: gcc -o conftest -g -O2   conftest.c -lacl  >&5
configure:12112: $? = 0
configure:12112: ./conftest
configure:12112: $? = 0
configure:12164: result: yes
configure:12170: checking whether mbrtowc works as well as mbtowc
configure:12214: gcc -o conftest -g -O2   conftest.c -lacl  >&5
configure:12214: $? = 0
configure:12214: ./conftest
configure:12214: $? = 0
configure:12227: result: yes
configure:12244: checking whether mbrtoc32 is declared
configure:12244: gcc -c -g -O2   conftest.c >&5
configure:12244: $? = 0
configure:12244: result: yes
configure:12255: checking for mbrtoc32
configure:12280: gcc -o conftest -g -O2   conftest.c -lacl  >&5
configure:12280: $? = 0
configure:12290: result: yes
configure:12305: checking whether mbrtoc32 works as well as mbrtowc
configure:12378: gcc -o conftest -g -O2   conftest.c -lacl  >&5
configure:12378: $? = 0
configure:12378: ./conftest
configure:12378: $? = 0
configure:12391: result: yes
configure:12516: checking whether malloc is ptrdiff_t safe
configure:12553: gcc -c -g -O2  conftest.c >&5
configure:12553: $? = 0
configure:12562: result: yes
configure:12572: checking whether malloc, realloc, calloc set errno on failure
configure:12590: result: yes
configure:12613: checking whether lstat correctly handles trailing slash
configure:12660: gcc -o conftest -g -O2   conftest.c -lacl  >&5
configure:12660: $? = 0
configure:12660: ./conftest
configure:12660: $? = 0
configure:12673: result: yes
configure:12686: checking whether // is distinct from /
configure:12716: result: no
configure:12728: checking whether realpath works
configure:12942: gcc -o conftest -g -O2   conftest.c -lacl  >&5
configure:12942: $? = 0
configure:12942: ./conftest
configure:12942: $? = 0
configure:12959: result: yes
configure:12980: checking for faccessat
configure:13017: checking for faccessat
configure:13017: gcc -o conftest -g -O2   conftest.c -lacl  >&5
configure:13017: $? = 0
configure:13017: result: yes
configure:13032: result: yes
configure:13050: checking for getcwd
configure:13050: gcc -o conftest -g -O2   conftest.c -lacl  >&5
configure:13050: $? = 0
configure:13050: result: yes
configure:13676: checking for unistd.h
configure:13676: result: yes
configure:13683: checking for working chown
configure:13733: gcc -o conftest -g -O2   conftest.c -lacl  >&5
configure:13733: $? = 0
configure:13733: ./conftest
configure:13733: $? = 0
configure:13746: result: yes
configure:13757: checking whether chown dereferences symlinks
configure:13799: gcc -o conftest -g -O2   conftest.c -lacl  >&5
configure:13799: $? = 0
configure:13799: ./conftest
configure:13799: $? = 0
configure:13812: result: yes
configure:13850: checking whether chown honors trailing slash
configure:13889: gcc -o conftest -g -O2   conftest.c -lacl  >&5
configure:13889: $? = 0
configure:13889: ./conftest
configure:13889: $? = 0
configure:13901: result: yes
configure:13913: checking whether chown always updates ctime
configure:13958: gcc -o conftest -g -O2   conftest.c -lacl  >&5
configure:13958: $? = 0
configure:13958: ./conftest
configure:13958: $? = 0
configure:13970: result: yes
configure:14333: checking if environ is properly declared
configure:14357: gcc -c -g -O2  conftest.c >&5
conftest.c:179:26: error: conflicting types for 'environ'; have 'foo_t'
  179 |             extern foo_t environ;
      |                          ^~~~~~~
In file included from conftest.c:173:
/usr/include/unistd.h:566:15: note: previous declaration of 'environ' with type 'char **'
  566 | extern char **environ;
      |               ^~~~~~~
configure:14357: $? = 1
configure: failed program was:
| /* confdefs.h */
| #define PACKAGE_NAME "GNU tar"
| #define PACKAGE_TARNAME "tar"
| #define PACKAGE_VERSION "1.35"
| #define PACKAGE_STRING "GNU tar 1.35"
| #define PACKAGE_BUGREPORT "bug-tar@gnu.org"
| #define PACKAGE_URL "https://www.gnu.org/software/tar/"
| #define PACKAGE "tar"
| #define VERSION "1.35"
| #define HAVE_STDIO_H 1
| #define HAVE_STDLIB_H 1
| #define HAVE_STRING_H 1
| #define HAVE_INTTYPES_H 1
| #define HAVE_STDINT_H 1
| #define HAVE_STRINGS_H 1
| #define HAVE_SYS_STAT_H 1
| #define HAVE_SYS_TYPES_H 1
| #define HAVE_UNISTD_H 1
| #define HAVE_WCHAR_H 1
| #define HAVE_FCNTL_H 1
| #define HAVE_LINUX_FD_H 1
| #define HAVE_MEMORY_H 1
| #define HAVE_SGTTY_H 1
| #define HAVE_SYS_PARAM_H 1
| #define HAVE_SYS_MTIO_H 1
| #define HAVE_SYS_TIME_H 1
| #define HAVE_LOCALE_H 1
| #define HAVE_FEATURES_H 1
| #define HAVE_UCHAR_H 1
| #define HAVE_SYS_SOCKET_H 1
| #define HAVE_DIRENT_H 1
| #define HAVE_ERROR_H 1
| #define HAVE_LINUX_XATTR_H 1
| #define HAVE_FNMATCH_H 1
| #define HAVE_STDIO_EXT_H 1
| #define HAVE_GETOPT_H 1
| #define HAVE_SYS_CDEFS_H 1
| #define HAVE_THREADS_H 1
| #define HAVE_LIMITS_H 1
| #define HAVE_WCTYPE_H 1
| #define HAVE_LANGINFO_H 1
| #define HAVE_SYS_MMAN_H 1
| #define HAVE_MALLOC_H 1
| #define HAVE_STDBOOL_H 1
| #define HAVE_STDCKDINT_H 1
| #define HAVE_SYS_RANDOM_H 1
| #define HAVE_SYSEXITS_H 1
| #define HAVE_UTIME_H 1
| #define HAVE_NETDB_H 1
| #define HAVE_SYS_WAIT_H 1
| #define HAVE_PWD_H 1
| #define HAVE_GRP_H 1
| #define STDC_HEADERS 1
| #define _ALL_SOURCE 1
| #define _DARWIN_C_SOURCE 1
| #define _GNU_SOURCE 1
| #define _HPUX_ALT_XOPEN_SOCKET_API 1
| #define _NETBSD_SOURCE 1
| #define _OPENBSD_SOURCE 1
| #define _POSIX_PTHREAD_SEMANTICS 1
| #define __STDC_WANT_IEC_60559_ATTRIBS_EXT__ 1
| #define __STDC_WANT_IEC_60559_BFP_EXT__ 1
| #define __STDC_WANT_IEC_60559_DFP_EXT__ 1
| #define __STDC_WANT_IEC_60559_EXT__ 1
| #define __STDC_WANT_IEC_60559_FUNCS_EXT__ 1
| #define __STDC_WANT_IEC_60559_TYPES_EXT__ 1
| #define __STDC_WANT_LIB_EXT2__ 1
| #define __STDC_WANT_MATH_SPEC_FUNCS__ 1
| #define _TANDEM_SOURCE 1
| #define __EXTENSIONS__ 1
| #define HAVE_FSEEKO 1
| #define __USE_MINGW_ANSI_STDIO 1
| #define MAJOR_IN_SYSMACROS 1
| #define HAVE_SYS_ACL_H 1
| #define HAVE_POSIX_ACLS /**/
| #define major_t int
| #define minor_t int
| #define HAVE_FCHMOD 1
| #define HAVE_FLOCKFILE 1
| #define HAVE_FUNLOCKFILE 1
| #define HAVE_PATHCONF 1
| #define HAVE_BTOWC 1
| #define HAVE_MBRTOWC 1
| #define HAVE_MBSINIT 1
| #define HAVE_CANONICALIZE_FILE_NAME 1
| #define HAVE_REALPATH 1
| #define HAVE_LSTAT 1
| #define HAVE_CHOWN 1
| #define HAVE_FCHOWN 1
| #define HAVE_FCHDIR 1
| #define HAVE_FDOPENDIR 1
| #define HAVE_FCHMODAT 1
| #define HAVE_LCHMOD 1
| #define HAVE_FCNTL 1
| #define HAVE_SYMLINK 1
| #define HAVE_LISTXATTR 1
| #define HAVE_FNMATCH 1
| #define HAVE_MBSRTOWCS 1
| #define HAVE_FSTATAT 1
| #define HAVE_GETDTABLESIZE 1
| #define HAVE_GETTIMEOFDAY 1
| #define HAVE_ISBLANK 1
| #define HAVE_ISWCNTRL 1
| #define HAVE_LINK 1
| #define HAVE_READLINK 1
| #define HAVE_OPENAT 1
| #define HAVE_MPROTECT 1
| #define HAVE_MKDIRAT 1
| #define HAVE_MKNOD 1
| #define HAVE_PIPE 1
| #define HAVE_ISWCTYPE 1
| #define HAVE_RENAMEAT 1
| #define HAVE_SETENV 1
| #define HAVE_SLEEP 1
| #define HAVE_SNPRINTF 1
| #define HAVE_STRNDUP 1
| #define HAVE_STRTOIMAX 1
| #define HAVE_STRTOUMAX 1
| #define HAVE_LOCALTIME_R 1
| #define HAVE_UNLINKAT 1
| #define HAVE_WCRTOMB 1
| #define HAVE_WCWIDTH 1
| #define HAVE_MKFIFO 1
| #define HAVE_SETLOCALE 1
| #define HAVE_FSYNC 1
| #define HAVE_SYS_ACL_H 1
| #define HAVE_ACL_GET_FILE 1
| #define HAVE_ACL_GET_FD 1
| #define HAVE_ACL_SET_FILE 1
| #define HAVE_ACL_SET_FD 1
| #define HAVE_ACL_FREE 1
| #define HAVE_ACL_FROM_MODE 1
| #define HAVE_ACL_FROM_TEXT 1
| #define HAVE_ACL_DELETE_DEF_FILE 1
| #define HAVE_ACL_EXTENDED_FILE 1
| #define HAVE_ACL_LIBACL_H 1
| #define HAVE_ACL_ENTRIES 1
| #define HAVE_ACL_FIRST_ENTRY 1
| #define USE_ACL 1
| #define HAVE_ALLOCA_H 1
| #define HAVE_ALLOCA 1
| #define restrict __restrict__
| #define HAVE_DECL_CLEARERR_UNLOCKED 1
| #define HAVE_DECL_FEOF_UNLOCKED 1
| #define HAVE_DECL_FERROR_UNLOCKED 1
| #define HAVE_DECL_FFLUSH_UNLOCKED 1
| #define HAVE_DECL_FGETS_UNLOCKED 1
| #define HAVE_DECL_FPUTC_UNLOCKED 1
| #define HAVE_DECL_FPUTS_UNLOCKED 1
| #define HAVE_DECL_FREAD_UNLOCKED 1
| #define HAVE_DECL_FWRITE_UNLOCKED 1
| #define HAVE_DECL_GETC_UNLOCKED 1
| #define HAVE_DECL_GETCHAR_UNLOCKED 1
| #define HAVE_DECL_PUTC_UNLOCKED 1
| #define HAVE_DECL_PUTCHAR_UNLOCKED 1
| #define HAVE_DECL_STRERROR_R 1
| #define HAVE_STRERROR_R 1
| #define STRERROR_R_CHAR_P 1
| #define HAVE_LONG_FILE_NAMES 1
| #define HAVE_LANGINFO_CODESET 1
| #define BITSIZEOF_WCHAR_T 32
| #define HAVE_MBSTATE_T 1
| #define HAVE_WORKING_MBRTOC32 1
| #define HAVE_MALLOC_POSIX 1
| #define LSTAT_FOLLOWS_SLASHED_SYMLINK 1
| #define FUNC_REALPATH_WORKS 1
| #define HAVE_FACCESSAT 1
| #define HAVE_GETCWD 1
| #define HAVE_UNISTD_H 1
| #define HAVE_CHOWN 1
| /* end confdefs.h.  */
| #if HAVE_UNISTD_H
|      #include <unistd.h>
|      #endif
|      /* mingw, BeOS, Haiku declare environ in <stdlib.h>, not in <unistd.h>.  */
|      #include <stdlib.h>
| 
|             typedef struct { int foo; } foo_t;
|             extern foo_t environ;
| int
| main (void)
| {
| environ.foo = 1;
|   ;
|   return 0;
| }
configure:14365: result: yes
configure:14380: checking for complete errno.h
configure:14455: result: yes
configure:14853: checking for error
configure:14890: checking for error
configure:14890: gcc -o conftest -g -O2   conftest.c -lacl  >&5
configure:14890: $? = 0
configure:14890: result: yes
configure:14905: result: yes
configure:14928: checking whether error_at_line is declared
configure:14928: gcc -c -g -O2   conftest.c >&5
configure:14928: $? = 0
configure:14928: result: yes
configure:14935: checking for error_at_line
configure:14952: gcc -o conftest -g -O2   conftest.c -lacl  >&5
configure:14952: $? = 0
configure:14961: result: yes
configure:14974: checking for working error function
configure:14999: gcc -o conftest -g -O2   conftest.c -lacl  >&5
configure:14999: $? = 0
configure:15054: result: yes
configure:15076: checking type of array argument to getgroups
configure:15112: gcc -o conftest -g -O2   conftest.c -lacl  >&5
configure:15112: $? = 0
configure:15112: ./conftest
configure:15112: $? = 0
configure:15139: result: gid_t
configure:15146: checking whether ctype.h defines __header_inline
configure:15160: gcc -E  conftest.c
conftest.c:177:28: error: #error "<ctype.h> does not define __header_inline"
  177 |                           #error "<ctype.h> does not define __header_inline"
      |                            ^~~~~
configure:15160: $? = 1
configure: failed program was:
| /* confdefs.h */
| #define PACKAGE_NAME "GNU tar"
| #define PACKAGE_TARNAME "tar"
| #define PACKAGE_VERSION "1.35"
| #define PACKAGE_STRING "GNU tar 1.35"
| #define PACKAGE_BUGREPORT "bug-tar@gnu.org"
| #define PACKAGE_URL "https://www.gnu.org/software/tar/"
| #define PACKAGE "tar"
| #define VERSION "1.35"
| #define HAVE_STDIO_H 1
| #define HAVE_STDLIB_H 1
| #define HAVE_STRING_H 1
| #define HAVE_INTTYPES_H 1
| #define HAVE_STDINT_H 1
| #define HAVE_STRINGS_H 1
| #define HAVE_SYS_STAT_H 1
| #define HAVE_SYS_TYPES_H 1
| #define HAVE_UNISTD_H 1
| #define HAVE_WCHAR_H 1
| #define HAVE_FCNTL_H 1
| #define HAVE_LINUX_FD_H 1
| #define HAVE_MEMORY_H 1
| #define HAVE_SGTTY_H 1
| #define HAVE_SYS_PARAM_H 1
| #define HAVE_SYS_MTIO_H 1
| #define HAVE_SYS_TIME_H 1
| #define HAVE_LOCALE_H 1
| #define HAVE_FEATURES_H 1
| #define HAVE_UCHAR_H 1
| #define HAVE_SYS_SOCKET_H 1
| #define HAVE_DIRENT_H 1
| #define HAVE_ERROR_H 1
| #define HAVE_LINUX_XATTR_H 1
| #define HAVE_FNMATCH_H 1
| #define HAVE_STDIO_EXT_H 1
| #define HAVE_GETOPT_H 1
| #define HAVE_SYS_CDEFS_H 1
| #define HAVE_THREADS_H 1
| #define HAVE_LIMITS_H 1
| #define HAVE_WCTYPE_H 1
| #define HAVE_LANGINFO_H 1
| #define HAVE_SYS_MMAN_H 1
| #define HAVE_MALLOC_H 1
| #define HAVE_STDBOOL_H 1
| #define HAVE_STDCKDINT_H 1
| #define HAVE_SYS_RANDOM_H 1
| #define HAVE_SYSEXITS_H 1
| #define HAVE_UTIME_H 1
| #define HAVE_NETDB_H 1
| #define HAVE_SYS_WAIT_H 1
| #define HAVE_PWD_H 1
| #define HAVE_GRP_H 1
| #define STDC_HEADERS 1
| #define _ALL_SOURCE 1
| #define _DARWIN_C_SOURCE 1
| #define _GNU_SOURCE 1
| #define _HPUX_ALT_XOPEN_SOCKET_API 1
| #define _NETBSD_SOURCE 1
| #define _OPENBSD_SOURCE 1
| #define _POSIX_PTHREAD_SEMANTICS 1
| #define __STDC_WANT_IEC_60559_ATTRIBS_EXT__ 1
| #define __STDC_WANT_IEC_60559_BFP_EXT__ 1
| #define __STDC_WANT_IEC_60559_DFP_EXT__ 1
| #define __STDC_WANT_IEC_60559_EXT__ 1
| #define __STDC_WANT_IEC_60559_FUNCS_EXT__ 1
| #define __STDC_WANT_IEC_60559_TYPES_EXT__ 1
| #define __STDC_WANT_LIB_EXT2__ 1
| #define __STDC_WANT_MATH_SPEC_FUNCS__ 1
| #define _TANDEM_SOURCE 1
| #define __EXTENSIONS__ 1
| #define HAVE_FSEEKO 1
| #define __USE_MINGW_ANSI_STDIO 1
| #define MAJOR_IN_SYSMACROS 1
| #define HAVE_SYS_ACL_H 1
| #define HAVE_POSIX_ACLS /**/
| #define major_t int
| #define minor_t int
| #define HAVE_FCHMOD 1
| #define HAVE_FLOCKFILE 1
| #define HAVE_FUNLOCKFILE 1
| #define HAVE_PATHCONF 1
| #define HAVE_BTOWC 1
| #define HAVE_MBRTOWC 1
| #define HAVE_MBSINIT 1
| #define HAVE_CANONICALIZE_FILE_NAME 1
| #define HAVE_REALPATH 1
| #define HAVE_LSTAT 1
| #define HAVE_CHOWN 1
| #define HAVE_FCHOWN 1
| #define HAVE_FCHDIR 1
| #define HAVE_FDOPENDIR 1
| #define HAVE_FCHMODAT 1
| #define HAVE_LCHMOD 1
| #define HAVE_FCNTL 1
| #define HAVE_SYMLINK 1
| #define HAVE_LISTXATTR 1
| #define HAVE_FNMATCH 1
| #define HAVE_MBSRTOWCS 1
| #define HAVE_FSTATAT 1
| #define HAVE_GETDTABLESIZE 1
| #define HAVE_GETTIMEOFDAY 1
| #define HAVE_ISBLANK 1
| #define HAVE_ISWCNTRL 1
| #define HAVE_LINK 1
| #define HAVE_READLINK 1
| #define HAVE_OPENAT 1
| #define HAVE_MPROTECT 1
| #define HAVE_MKDIRAT 1
| #define HAVE_MKNOD 1
| #define HAVE_PIPE 1
| #define HAVE_ISWCTYPE 1
| #define HAVE_RENAMEAT 1
| #define HAVE_SETENV 1
| #define HAVE_SLEEP 1
| #define HAVE_SNPRINTF 1
| #define HAVE_STRNDUP 1
| #define HAVE_STRTOIMAX 1
| #define HAVE_STRTOUMAX 1
| #define HAVE_LOCALTIME_R 1
| #define HAVE_UNLINKAT 1
| #define HAVE_WCRTOMB 1
| #define HAVE_WCWIDTH 1
| #define HAVE_MKFIFO 1
| #define HAVE_SETLOCALE 1
| #define HAVE_FSYNC 1
| #define HAVE_SYS_ACL_H 1
| #define HAVE_ACL_GET_FILE 1
| #define HAVE_ACL_GET_FD 1
| #define HAVE_ACL_SET_FILE 1
| #define HAVE_ACL_SET_FD 1
| #define HAVE_ACL_FREE 1
| #define HAVE_ACL_FROM_MODE 1
| #define HAVE_ACL_FROM_TEXT 1
| #define HAVE_ACL_DELETE_DEF_FILE 1
| #define HAVE_ACL_EXTENDED_FILE 1
| #define HAVE_ACL_LIBACL_H 1
| #define HAVE_ACL_ENTRIES 1
| #define HAVE_ACL_FIRST_ENTRY 1
| #define USE_ACL 1
| #define HAVE_ALLOCA_H 1
| #define HAVE_ALLOCA 1
| #define restrict __restrict__
| #define HAVE_DECL_CLEARERR_UNLOCKED 1
| #define HAVE_DECL_FEOF_UNLOCKED 1
| #define HAVE_DECL_FERROR_UNLOCKED 1
| #define HAVE_DECL_FFLUSH_UNLOCKED 1
| #define HAVE_DECL_FGETS_UNLOCKED 1
| #define HAVE_DECL_FPUTC_UNLOCKED 1
| #define HAVE_DECL_FPUTS_UNLOCKED 1
| #define HAVE_DECL_FREAD_UNLOCKED 1
| #define HAVE_DECL_FWRITE_UNLOCKED 1
| #define HAVE_DECL_GETC_UNLOCKED 1
| #define HAVE_DECL_GETCHAR_UNLOCKED 1
| #define HAVE_DECL_PUTC_UNLOCKED 1
| #define HAVE_DECL_PUTCHAR_UNLOCKED 1
| #define HAVE_DECL_STRERROR_R 1
| #define HAVE_STRERROR_R 1
| #define STRERROR_R_CHAR_P 1
| #define HAVE_LONG_FILE_NAMES 1
| #define HAVE_LANGINFO_CODESET 1
| #define BITSIZEOF_WCHAR_T 32
| #define HAVE_MBSTATE_T 1
| #define HAVE_WORKING_MBRTOC32 1
| #define HAVE_MALLOC_POSIX 1
| #define LSTAT_FOLLOWS_SLASHED_SYMLINK 1
| #define FUNC_REALPATH_WORKS 1
| #define HAVE_FACCESSAT 1
| #define HAVE_GETCWD 1
| #define HAVE_UNISTD_H 1
| #define HAVE_CHOWN 1
| #define HAVE_ENVIRON_DECL 1
| #define HAVE_ERROR 1
| #define GETGROUPS_T gid_t
| /* end confdefs.h.  */
| #include <ctype.h>
|                          #ifndef __header_inline
|                           #error "<ctype.h> does not define __header_inline"
|                          #endif
| 
configure:15168: result: no
configure:15178: checking whether fchdir is declared
configure:15178: gcc -c -g -O2   conftest.c >&5
configure:15178: $? = 0
configure:15178: result: yes
configure:15234: checking for working fcntl.h
configure:15348: gcc -o conftest -g -O2   conftest.c -lacl  >&5
configure:15348: $? = 0
configure:15348: ./conftest
configure:15348: $? = 0
configure:15365: result: yes
configure:15470: checking for promoted mode_t type
configure:15488: gcc -c -g -O2  conftest.c >&5
conftest.c: In function 'main':
conftest.c:182:13: error: size of array 'array' is negative
  182 | typedef int array[2 * (sizeof (mode_t) < sizeof (int)) - 1];
      |             ^~~~~
configure:15488: $? = 1
configure: failed program was:
| /* confdefs.h */
| #define PACKAGE_NAME "GNU tar"
| #define PACKAGE_TARNAME "tar"
| #define PACKAGE_VERSION "1.35"
| #define PACKAGE_STRING "GNU tar 1.35"
| #define PACKAGE_BUGREPORT "bug-tar@gnu.org"
| #define PACKAGE_URL "https://www.gnu.org/software/tar/"
| #define PACKAGE "tar"
| #define VERSION "1.35"
| #define HAVE_STDIO_H 1
| #define HAVE_STDLIB_H 1
| #define HAVE_STRING_H 1
| #define HAVE_INTTYPES_H 1
| #define HAVE_STDINT_H 1
| #define HAVE_STRINGS_H 1
| #define HAVE_SYS_STAT_H 1
| #define HAVE_SYS_TYPES_H 1
| #define HAVE_UNISTD_H 1
| #define HAVE_WCHAR_H 1
| #define HAVE_FCNTL_H 1
| #define HAVE_LINUX_FD_H 1
| #define HAVE_MEMORY_H 1
| #define HAVE_SGTTY_H 1
| #define HAVE_SYS_PARAM_H 1
| #define HAVE_SYS_MTIO_H 1
| #define HAVE_SYS_TIME_H 1
| #define HAVE_LOCALE_H 1
| #define HAVE_FEATURES_H 1
| #define HAVE_UCHAR_H 1
| #define HAVE_SYS_SOCKET_H 1
| #define HAVE_DIRENT_H 1
| #define HAVE_ERROR_H 1
| #define HAVE_LINUX_XATTR_H 1
| #define HAVE_FNMATCH_H 1
| #define HAVE_STDIO_EXT_H 1
| #define HAVE_GETOPT_H 1
| #define HAVE_SYS_CDEFS_H 1
| #define HAVE_THREADS_H 1
| #define HAVE_LIMITS_H 1
| #define HAVE_WCTYPE_H 1
| #define HAVE_LANGINFO_H 1
| #define HAVE_SYS_MMAN_H 1
| #define HAVE_MALLOC_H 1
| #define HAVE_STDBOOL_H 1
| #define HAVE_STDCKDINT_H 1
| #define HAVE_SYS_RANDOM_H 1
| #define HAVE_SYSEXITS_H 1
| #define HAVE_UTIME_H 1
| #define HAVE_NETDB_H 1
| #define HAVE_SYS_WAIT_H 1
| #define HAVE_PWD_H 1
| #define HAVE_GRP_H 1
| #define STDC_HEADERS 1
| #define _ALL_SOURCE 1
| #define _DARWIN_C_SOURCE 1
| #define _GNU_SOURCE 1
| #define _HPUX_ALT_XOPEN_SOCKET_API 1
| #define _NETBSD_SOURCE 1
| #define _OPENBSD_SOURCE 1
| #define _POSIX_PTHREAD_SEMANTICS 1
| #define __STDC_WANT_IEC_60559_ATTRIBS_EXT__ 1
| #define __STDC_WANT_IEC_60559_BFP_EXT__ 1
| #define __STDC_WANT_IEC_60559_DFP_EXT__ 1
| #define __STDC_WANT_IEC_60559_EXT__ 1
| #define __STDC_WANT_IEC_60559_FUNCS_EXT__ 1
| #define __STDC_WANT_IEC_60559_TYPES_EXT__ 1
| #define __STDC_WANT_LIB_EXT2__ 1
| #define __STDC_WANT_MATH_SPEC_FUNCS__ 1
| #define _TANDEM_SOURCE 1
| #define __EXTENSIONS__ 1
| #define HAVE_FSEEKO 1
| #define __USE_MINGW_ANSI_STDIO 1
| #define MAJOR_IN_SYSMACROS 1
| #define HAVE_SYS_ACL_H 1
| #define HAVE_POSIX_ACLS /**/
| #define major_t int
| #define minor_t int
| #define HAVE_FCHMOD 1
| #define HAVE_FLOCKFILE 1
| #define HAVE_FUNLOCKFILE 1
| #define HAVE_PATHCONF 1
| #define HAVE_BTOWC 1
| #define HAVE_MBRTOWC 1
| #define HAVE_MBSINIT 1
| #define HAVE_CANONICALIZE_FILE_NAME 1
| #define HAVE_REALPATH 1
| #define HAVE_LSTAT 1
| #define HAVE_CHOWN 1
| #define HAVE_FCHOWN 1
| #define HAVE_FCHDIR 1
| #define HAVE_FDOPENDIR 1
| #define HAVE_FCHMODAT 1
| #define HAVE_LCHMOD 1
| #define HAVE_FCNTL 1
| #define HAVE_SYMLINK 1
| #define HAVE_LISTXATTR 1
| #define HAVE_FNMATCH 1
| #define HAVE_MBSRTOWCS 1
| #define HAVE_FSTATAT 1
| #define HAVE_GETDTABLESIZE 1
| #define HAVE_GETTIMEOFDAY 1
| #define HAVE_ISBLANK 1
| #define HAVE_ISWCNTRL 1
| #define HAVE_LINK 1
| #define HAVE_READLINK 1
| #define HAVE_OPENAT 1
| #define HAVE_MPROTECT 1
| #define HAVE_MKDIRAT 1
| #define HAVE_MKNOD 1
| #define HAVE_PIPE 1
| #define HAVE_ISWCTYPE 1
| #define HAVE_RENAMEAT 1
| #define HAVE_SETENV 1
| #define HAVE_SLEEP 1
| #define HAVE_SNPRINTF 1
| #define HAVE_STRNDUP 1
| #define HAVE_STRTOIMAX 1
| #define HAVE_STRTOUMAX 1
| #define HAVE_LOCALTIME_R 1
| #define HAVE_UNLINKAT 1
| #define HAVE_WCRTOMB 1
| #define HAVE_WCWIDTH 1
| #define HAVE_MKFIFO 1
| #define HAVE_SETLOCALE 1
| #define HAVE_FSYNC 1
| #define HAVE_SYS_ACL_H 1
| #define HAVE_ACL_GET_FILE 1
| #define HAVE_ACL_GET_FD 1
| #define HAVE_ACL_SET_FILE 1
| #define HAVE_ACL_SET_FD 1
| #define HAVE_ACL_FREE 1
| #define HAVE_ACL_FROM_MODE 1
| #define HAVE_ACL_FROM_TEXT 1
| #define HAVE_ACL_DELETE_DEF_FILE 1
| #define HAVE_ACL_EXTENDED_FILE 1
| #define HAVE_ACL_LIBACL_H 1
| #define HAVE_ACL_ENTRIES 1
| #define HAVE_ACL_FIRST_ENTRY 1
| #define USE_ACL 1
| #define HAVE_ALLOCA_H 1
| #define HAVE_ALLOCA 1
| #define restrict __restrict__
| #define HAVE_DECL_CLEARERR_UNLOCKED 1
| #define HAVE_DECL_FEOF_UNLOCKED 1
| #define HAVE_DECL_FERROR_UNLOCKED 1
| #define HAVE_DECL_FFLUSH_UNLOCKED 1
| #define HAVE_DECL_FGETS_UNLOCKED 1
| #define HAVE_DECL_FPUTC_UNLOCKED 1
| #define HAVE_DECL_FPUTS_UNLOCKED 1
| #define HAVE_DECL_FREAD_UNLOCKED 1
| #define HAVE_DECL_FWRITE_UNLOCKED 1
| #define HAVE_DECL_GETC_UNLOCKED 1
| #define HAVE_DECL_GETCHAR_UNLOCKED 1
| #define HAVE_DECL_PUTC_UNLOCKED 1
| #define HAVE_DECL_PUTCHAR_UNLOCKED 1
| #define HAVE_DECL_STRERROR_R 1
| #define HAVE_STRERROR_R 1
| #define STRERROR_R_CHAR_P 1
| #define HAVE_LONG_FILE_NAMES 1
| #define HAVE_LANGINFO_CODESET 1
| #define BITSIZEOF_WCHAR_T 32
| #define HAVE_MBSTATE_T 1
| #define HAVE_WORKING_MBRTOC32 1
| #define HAVE_MALLOC_POSIX 1
| #define LSTAT_FOLLOWS_SLASHED_SYMLINK 1
| #define FUNC_REALPATH_WORKS 1
| #define HAVE_FACCESSAT 1
| #define HAVE_GETCWD 1
| #define HAVE_UNISTD_H 1
| #define HAVE_CHOWN 1
| #define HAVE_ENVIRON_DECL 1
| #define HAVE_ERROR 1
| #define GETGROUPS_T gid_t
| #define HAVE_DECL_FCHDIR 1
| #define HAVE_WORKING_O_NOATIME 1
| #define HAVE_WORKING_O_NOFOLLOW 1
| /* end confdefs.h.  */
| #include <sys/types.h>
| int
| main (void)
| {
| typedef int array[2 * (sizeof (mode_t) < sizeof (int)) - 1];
|   ;
|   return 0;
| }
configure:15497: result: mode_t
configure:15688: checking whether fopen recognizes a trailing slash
configure:15720: gcc -o conftest -g -O2   conftest.c -lacl  >&5
configure:15720: $? = 0
configure:15720: ./conftest
configure:15720: $? = 0
configure:15733: result: yes
configure:15752: checking whether fflush works on input streams
configure:15825: gcc -o conftest -g -O2   conftest.c -lacl  >&5
configure:15825: $? = 0
configure:15825: ./conftest
configure:15825: $? = 0
configure:15838: result: yes
configure:15866: checking whether fclose works on input streams
configure:15934: gcc -o conftest -g -O2   conftest.c -lacl  >&5
configure:15934: $? = 0
configure:15934: ./conftest
configure:15934: $? = 0
configure:15947: result: yes
configure:16200: checking whether stdin defaults to large file offsets
configure:16225: gcc -o conftest -g -O2   conftest.c -lacl  >&5
configure:16225: $? = 0
configure:16234: result: yes
configure:16418: checking whether fseeko is declared
configure:16418: gcc -c -g -O2   conftest.c >&5
configure:16418: $? = 0
configure:16418: result: yes
configure:16435: checking for fseeko
configure:16454: gcc -o conftest -g -O2   conftest.c -lacl  >&5
configure:16454: $? = 0
configure:16464: result: yes
configure:16484: checking whether fflush works on input streams
configure:16570: result: yes
configure:16588: checking whether stat file-mode macros are broken
configure:16616: gcc -c -g -O2  conftest.c >&5
configure:16616: $? = 0
configure:16624: result: no
configure:16729: checking for nlink_t
configure:16729: gcc -c -g -O2  conftest.c >&5
configure:16729: $? = 0
configure:16729: gcc -c -g -O2  conftest.c >&5
conftest.c: In function 'main':
conftest.c:189:22: error: expected expression before ')' token
  189 | if (sizeof ((nlink_t)))
      |                      ^
configure:16729: $? = 1
configure: failed program was:
| /* confdefs.h */
| #define PACKAGE_NAME "GNU tar"
| #define PACKAGE_TARNAME "tar"
| #define PACKAGE_VERSION "1.35"
| #define PACKAGE_STRING "GNU tar 1.35"
| #define PACKAGE_BUGREPORT "bug-tar@gnu.org"
| #define PACKAGE_URL "https://www.gnu.org/software/tar/"
| #define PACKAGE "tar"
| #define VERSION "1.35"
| #define HAVE_STDIO_H 1
| #define HAVE_STDLIB_H 1
| #define HAVE_STRING_H 1
| #define HAVE_INTTYPES_H 1
| #define HAVE_STDINT_H 1
| #define HAVE_STRINGS_H 1
| #define HAVE_SYS_STAT_H 1
| #define HAVE_SYS_TYPES_H 1
| #define HAVE_UNISTD_H 1
| #define HAVE_WCHAR_H 1
| #define HAVE_FCNTL_H 1
| #define HAVE_LINUX_FD_H 1
| #define HAVE_MEMORY_H 1
| #define HAVE_SGTTY_H 1
| #define HAVE_SYS_PARAM_H 1
| #define HAVE_SYS_MTIO_H 1
| #define HAVE_SYS_TIME_H 1
| #define HAVE_LOCALE_H 1
| #define HAVE_FEATURES_H 1
| #define HAVE_UCHAR_H 1
| #define HAVE_SYS_SOCKET_H 1
| #define HAVE_DIRENT_H 1
| #define HAVE_ERROR_H 1
| #define HAVE_LINUX_XATTR_H 1
| #define HAVE_FNMATCH_H 1
| #define HAVE_STDIO_EXT_H 1
| #define HAVE_GETOPT_H 1
| #define HAVE_SYS_CDEFS_H 1
| #define HAVE_THREADS_H 1
| #define HAVE_LIMITS_H 1
| #define HAVE_WCTYPE_H 1
| #define HAVE_LANGINFO_H 1
| #define HAVE_SYS_MMAN_H 1
| #define HAVE_MALLOC_H 1
| #define HAVE_STDBOOL_H 1
| #define HAVE_STDCKDINT_H 1
| #define HAVE_SYS_RANDOM_H 1
| #define HAVE_SYSEXITS_H 1
| #define HAVE_UTIME_H 1
| #define HAVE_NETDB_H 1
| #define HAVE_SYS_WAIT_H 1
| #define HAVE_PWD_H 1
| #define HAVE_GRP_H 1
| #define STDC_HEADERS 1
| #define _ALL_SOURCE 1
| #define _DARWIN_C_SOURCE 1
| #define _GNU_SOURCE 1
| #define _HPUX_ALT_XOPEN_SOCKET_API 1
| #define _NETBSD_SOURCE 1
| #define _OPENBSD_SOURCE 1
| #define _POSIX_PTHREAD_SEMANTICS 1
| #define __STDC_WANT_IEC_60559_ATTRIBS_EXT__ 1
| #define __STDC_WANT_IEC_60559_BFP_EXT__ 1
| #define __STDC_WANT_IEC_60559_DFP_EXT__ 1
| #define __STDC_WANT_IEC_60559_EXT__ 1
| #define __STDC_WANT_IEC_60559_FUNCS_EXT__ 1
| #define __STDC_WANT_IEC_60559_TYPES_EXT__ 1
| #define __STDC_WANT_LIB_EXT2__ 1
| #define __STDC_WANT_MATH_SPEC_FUNCS__ 1
| #define _TANDEM_SOURCE 1
| #define __EXTENSIONS__ 1
| #define HAVE_FSEEKO 1
| #define __USE_MINGW_ANSI_STDIO 1
| #define MAJOR_IN_SYSMACROS 1
| #define HAVE_SYS_ACL_H 1
| #define HAVE_POSIX_ACLS /**/
| #define major_t int
| #define minor_t int
| #define HAVE_FCHMOD 1
| #define HAVE_FLOCKFILE 1
| #define HAVE_FUNLOCKFILE 1
| #define HAVE_PATHCONF 1
| #define HAVE_BTOWC 1
| #define HAVE_MBRTOWC 1
| #define HAVE_MBSINIT 1
| #define HAVE_CANONICALIZE_FILE_NAME 1
| #define HAVE_REALPATH 1
| #define HAVE_LSTAT 1
| #define HAVE_CHOWN 1
| #define HAVE_FCHOWN 1
| #define HAVE_FCHDIR 1
| #define HAVE_FDOPENDIR 1
| #define HAVE_FCHMODAT 1
| #define HAVE_LCHMOD 1
| #define HAVE_FCNTL 1
| #define HAVE_SYMLINK 1
| #define HAVE_LISTXATTR 1
| #define HAVE_FNMATCH 1
| #define HAVE_MBSRTOWCS 1
| #define HAVE_FSTATAT 1
| #define HAVE_GETDTABLESIZE 1
| #define HAVE_GETTIMEOFDAY 1
| #define HAVE_ISBLANK 1
| #define HAVE_ISWCNTRL 1
| #define HAVE_LINK 1
| #define HAVE_READLINK 1
| #define HAVE_OPENAT 1
| #define HAVE_MPROTECT 1
| #define HAVE_MKDIRAT 1
| #define HAVE_MKNOD 1
| #define HAVE_PIPE 1
| #define HAVE_ISWCTYPE 1
| #define HAVE_RENAMEAT 1
| #define HAVE_SETENV 1
| #define HAVE_SLEEP 1
| #define HAVE_SNPRINTF 1
| #define HAVE_STRNDUP 1
| #define HAVE_STRTOIMAX 1
| #define HAVE_STRTOUMAX 1
| #define HAVE_LOCALTIME_R 1
| #define HAVE_UNLINKAT 1
| #define HAVE_WCRTOMB 1
| #define HAVE_WCWIDTH 1
| #define HAVE_MKFIFO 1
| #define HAVE_SETLOCALE 1
| #define HAVE_FSYNC 1
| #define HAVE_SYS_ACL_H 1
| #define HAVE_ACL_GET_FILE 1
| #define HAVE_ACL_GET_FD 1
| #define HAVE_ACL_SET_FILE 1
| #define HAVE_ACL_SET_FD 1
| #define HAVE_ACL_FREE 1
| #define HAVE_ACL_FROM_MODE 1
| #define HAVE_ACL_FROM_TEXT 1
| #define HAVE_ACL_DELETE_DEF_FILE 1
| #define HAVE_ACL_EXTENDED_FILE 1
| #define HAVE_ACL_LIBACL_H 1
| #define HAVE_ACL_ENTRIES 1
| #define HAVE_ACL_FIRST_ENTRY 1
| #define USE_ACL 1
| #define HAVE_ALLOCA_H 1
| #define HAVE_ALLOCA 1
| #define restrict __restrict__
| #define HAVE_DECL_CLEARERR_UNLOCKED 1
| #define HAVE_DECL_FEOF_UNLOCKED 1
| #define HAVE_DECL_FERROR_UNLOCKED 1
| #define HAVE_DECL_FFLUSH_UNLOCKED 1
| #define HAVE_DECL_FGETS_UNLOCKED 1
| #define HAVE_DECL_FPUTC_UNLOCKED 1
| #define HAVE_DECL_FPUTS_UNLOCKED 1
| #define HAVE_DECL_FREAD_UNLOCKED 1
| #define HAVE_DECL_FWRITE_UNLOCKED 1
| #define HAVE_DECL_GETC_UNLOCKED 1
| #define HAVE_DECL_GETCHAR_UNLOCKED 1
| #define HAVE_DECL_PUTC_UNLOCKED 1
| #define HAVE_DECL_PUTCHAR_UNLOCKED 1
| #define HAVE_DECL_STRERROR_R 1
| #define HAVE_STRERROR_R 1
| #define STRERROR_R_CHAR_P 1
| #define HAVE_LONG_FILE_NAMES 1
| #define HAVE_LANGINFO_CODESET 1
| #define BITSIZEOF_WCHAR_T 32
| #define HAVE_MBSTATE_T 1
| #define HAVE_WORKING_MBRTOC32 1
| #define HAVE_MALLOC_POSIX 1
| #define LSTAT_FOLLOWS_SLASHED_SYMLINK 1
| #define FUNC_REALPATH_WORKS 1
| #define HAVE_FACCESSAT 1
| #define HAVE_GETCWD 1
| #define HAVE_UNISTD_H 1
| #define HAVE_CHOWN 1
| #define HAVE_ENVIRON_DECL 1
| #define HAVE_ERROR 1
| #define GETGROUPS_T gid_t
| #define HAVE_DECL_FCHDIR 1
| #define HAVE_WORKING_O_NOATIME 1
| #define HAVE_WORKING_O_NOFOLLOW 1
| #define PROMOTED_MODE_T mode_t
| #define FUNC_FFLUSH_STDIN 1
| #define _USE_STD_STAT 1
| #define HAVE_DECL_FSEEKO 1
| #define FUNC_FFLUSH_STDIN 1
| /* end confdefs.h.  */
| #include <sys/types.h>
|      #include <sys/stat.h>
| 
| int
| main (void)
| {
| if (sizeof ((nlink_t)))
| 	    return 0;
|   ;
|   return 0;
| }
configure:16729: result: yes
configure:16765: checking whether getcwd (NULL, 0) allocates memory for result
configure:16832: gcc -o conftest -g -O2   conftest.c -lacl  >&5
conftest.c:248:16: error: conflicting types for 'getcwd'; have 'char *(void)'
  248 |          char *getcwd ();
      |                ^~~~~~
In file included from /usr/include/features.h:540,
                 from /usr/include/bits/libc-header-start.h:33,
                 from /usr/include/stdlib.h:26,
                 from conftest.c:184:
/usr/include/bits/unistd.h:111:1: note: previous definition of 'getcwd' with type 'char *(char *, size_t)' {aka 'char *(char *, long unsigned int)'}
  111 | __NTH (getcwd (__fortify_clang_overload_arg (char *, , __buf), size_t __size))
      | ^~~~~
conftest.c: In function 'main':
conftest.c:263:26: error: too many arguments to function 'getcwd'; expected 0, have 2
  263 |                char *f = getcwd (NULL, 0);
      |                          ^~~~~~  ~~~~
conftest.c:248:16: note: declared here
  248 |          char *getcwd ();
      |                ^~~~~~
configure:16832: $? = 1
configure: program exited with status 1
configure: failed program was:
| /* confdefs.h */
| #define PACKAGE_NAME "GNU tar"
| #define PACKAGE_TARNAME "tar"
| #define PACKAGE_VERSION "1.35"
| #define PACKAGE_STRING "GNU tar 1.35"
| #define PACKAGE_BUGREPORT "bug-tar@gnu.org"
| #define PACKAGE_URL "https://www.gnu.org/software/tar/"
| #define PACKAGE "tar"
| #define VERSION "1.35"
| #define HAVE_STDIO_H 1
| #define HAVE_STDLIB_H 1
| #define HAVE_STRING_H 1
| #define HAVE_INTTYPES_H 1
| #define HAVE_STDINT_H 1
| #define HAVE_STRINGS_H 1
| #define HAVE_SYS_STAT_H 1
| #define HAVE_SYS_TYPES_H 1
| #define HAVE_UNISTD_H 1
| #define HAVE_WCHAR_H 1
| #define HAVE_FCNTL_H 1
| #define HAVE_LINUX_FD_H 1
| #define HAVE_MEMORY_H 1
| #define HAVE_SGTTY_H 1
| #define HAVE_SYS_PARAM_H 1
| #define HAVE_SYS_MTIO_H 1
| #define HAVE_SYS_TIME_H 1
| #define HAVE_LOCALE_H 1
| #define HAVE_FEATURES_H 1
| #define HAVE_UCHAR_H 1
| #define HAVE_SYS_SOCKET_H 1
| #define HAVE_DIRENT_H 1
| #define HAVE_ERROR_H 1
| #define HAVE_LINUX_XATTR_H 1
| #define HAVE_FNMATCH_H 1
| #define HAVE_STDIO_EXT_H 1
| #define HAVE_GETOPT_H 1
| #define HAVE_SYS_CDEFS_H 1
| #define HAVE_THREADS_H 1
| #define HAVE_LIMITS_H 1
| #define HAVE_WCTYPE_H 1
| #define HAVE_LANGINFO_H 1
| #define HAVE_SYS_MMAN_H 1
| #define HAVE_MALLOC_H 1
| #define HAVE_STDBOOL_H 1
| #define HAVE_STDCKDINT_H 1
| #define HAVE_SYS_RANDOM_H 1
| #define HAVE_SYSEXITS_H 1
| #define HAVE_UTIME_H 1
| #define HAVE_NETDB_H 1
| #define HAVE_SYS_WAIT_H 1
| #define HAVE_PWD_H 1
| #define HAVE_GRP_H 1
| #define STDC_HEADERS 1
| #define _ALL_SOURCE 1
| #define _DARWIN_C_SOURCE 1
| #define _GNU_SOURCE 1
| #define _HPUX_ALT_XOPEN_SOCKET_API 1
| #define _NETBSD_SOURCE 1
| #define _OPENBSD_SOURCE 1
| #define _POSIX_PTHREAD_SEMANTICS 1
| #define __STDC_WANT_IEC_60559_ATTRIBS_EXT__ 1
| #define __STDC_WANT_IEC_60559_BFP_EXT__ 1
| #define __STDC_WANT_IEC_60559_DFP_EXT__ 1
| #define __STDC_WANT_IEC_60559_EXT__ 1
| #define __STDC_WANT_IEC_60559_FUNCS_EXT__ 1
| #define __STDC_WANT_IEC_60559_TYPES_EXT__ 1
| #define __STDC_WANT_LIB_EXT2__ 1
| #define __STDC_WANT_MATH_SPEC_FUNCS__ 1
| #define _TANDEM_SOURCE 1
| #define __EXTENSIONS__ 1
| #define HAVE_FSEEKO 1
| #define __USE_MINGW_ANSI_STDIO 1
| #define MAJOR_IN_SYSMACROS 1
| #define HAVE_SYS_ACL_H 1
| #define HAVE_POSIX_ACLS /**/
| #define major_t int
| #define minor_t int
| #define HAVE_FCHMOD 1
| #define HAVE_FLOCKFILE 1
| #define HAVE_FUNLOCKFILE 1
| #define HAVE_PATHCONF 1
| #define HAVE_BTOWC 1
| #define HAVE_MBRTOWC 1
| #define HAVE_MBSINIT 1
| #define HAVE_CANONICALIZE_FILE_NAME 1
| #define HAVE_REALPATH 1
| #define HAVE_LSTAT 1
| #define HAVE_CHOWN 1
| #define HAVE_FCHOWN 1
| #define HAVE_FCHDIR 1
| #define HAVE_FDOPENDIR 1
| #define HAVE_FCHMODAT 1
| #define HAVE_LCHMOD 1
| #define HAVE_FCNTL 1
| #define HAVE_SYMLINK 1
| #define HAVE_LISTXATTR 1
| #define HAVE_FNMATCH 1
| #define HAVE_MBSRTOWCS 1
| #define HAVE_FSTATAT 1
| #define HAVE_GETDTABLESIZE 1
| #define HAVE_GETTIMEOFDAY 1
| #define HAVE_ISBLANK 1
| #define HAVE_ISWCNTRL 1
| #define HAVE_LINK 1
| #define HAVE_READLINK 1
| #define HAVE_OPENAT 1
| #define HAVE_MPROTECT 1
| #define HAVE_MKDIRAT 1
| #define HAVE_MKNOD 1
| #define HAVE_PIPE 1
| #define HAVE_ISWCTYPE 1
| #define HAVE_RENAMEAT 1
| #define HAVE_SETENV 1
| #define HAVE_SLEEP 1
| #define HAVE_SNPRINTF 1
| #define HAVE_STRNDUP 1
| #define HAVE_STRTOIMAX 1
| #define HAVE_STRTOUMAX 1
| #define HAVE_LOCALTIME_R 1
| #define HAVE_UNLINKAT 1
| #define HAVE_WCRTOMB 1
| #define HAVE_WCWIDTH 1
| #define HAVE_MKFIFO 1
| #define HAVE_SETLOCALE 1
| #define HAVE_FSYNC 1
| #define HAVE_SYS_ACL_H 1
| #define HAVE_ACL_GET_FILE 1
| #define HAVE_ACL_GET_FD 1
| #define HAVE_ACL_SET_FILE 1
| #define HAVE_ACL_SET_FD 1
| #define HAVE_ACL_FREE 1
| #define HAVE_ACL_FROM_MODE 1
| #define HAVE_ACL_FROM_TEXT 1
| #define HAVE_ACL_DELETE_DEF_FILE 1
| #define HAVE_ACL_EXTENDED_FILE 1
| #define HAVE_ACL_LIBACL_H 1
| #define HAVE_ACL_ENTRIES 1
| #define HAVE_ACL_FIRST_ENTRY 1
| #define USE_ACL 1
| #define HAVE_ALLOCA_H 1
| #define HAVE_ALLOCA 1
| #define restrict __restrict__
| #define HAVE_DECL_CLEARERR_UNLOCKED 1
| #define HAVE_DECL_FEOF_UNLOCKED 1
| #define HAVE_DECL_FERROR_UNLOCKED 1
| #define HAVE_DECL_FFLUSH_UNLOCKED 1
| #define HAVE_DECL_FGETS_UNLOCKED 1
| #define HAVE_DECL_FPUTC_UNLOCKED 1
| #define HAVE_DECL_FPUTS_UNLOCKED 1
| #define HAVE_DECL_FREAD_UNLOCKED 1
| #define HAVE_DECL_FWRITE_UNLOCKED 1
| #define HAVE_DECL_GETC_UNLOCKED 1
| #define HAVE_DECL_GETCHAR_UNLOCKED 1
| #define HAVE_DECL_PUTC_UNLOCKED 1
| #define HAVE_DECL_PUTCHAR_UNLOCKED 1
| #define HAVE_DECL_STRERROR_R 1
| #define HAVE_STRERROR_R 1
| #define STRERROR_R_CHAR_P 1
| #define HAVE_LONG_FILE_NAMES 1
| #define HAVE_LANGINFO_CODESET 1
| #define BITSIZEOF_WCHAR_T 32
| #define HAVE_MBSTATE_T 1
| #define HAVE_WORKING_MBRTOC32 1
| #define HAVE_MALLOC_POSIX 1
| #define LSTAT_FOLLOWS_SLASHED_SYMLINK 1
| #define FUNC_REALPATH_WORKS 1
| #define HAVE_FACCESSAT 1
| #define HAVE_GETCWD 1
| #define HAVE_UNISTD_H 1
| #define HAVE_CHOWN 1
| #define HAVE_ENVIRON_DECL 1
| #define HAVE_ERROR 1
| #define GETGROUPS_T gid_t
| #define HAVE_DECL_FCHDIR 1
| #define HAVE_WORKING_O_NOATIME 1
| #define HAVE_WORKING_O_NOFOLLOW 1
| #define PROMOTED_MODE_T mode_t
| #define FUNC_FFLUSH_STDIN 1
| #define _USE_STD_STAT 1
| #define HAVE_DECL_FSEEKO 1
| #define FUNC_FFLUSH_STDIN 1
| /* end confdefs.h.  */
| 
| #	 include <stdlib.h>
| #        if HAVE_UNISTD_H
| #         include <unistd.h>
| #        else /* on Windows with MSVC */
| #         include <direct.h>
| #        endif
| 
| 
| 
| #if defined _WIN32 && !defined __CYGWIN__
| #define access    _access
| #define chdir     _chdir
| #define chmod     _chmod
| #define close     _close
| #define creat     _creat
| #define dup       _dup
| #define dup2      _dup2
| #define ecvt      _ecvt
| #define execl     _execl
| #define execle    _execle
| #define execlp    _execlp
| #define execv     _execv
| #define execve    _execve
| #define execvp    _execvp
| #define execvpe   _execvpe
| #define fcloseall _fcloseall
| #define fcvt      _fcvt
| #define fdopen    _fdopen
| #define fileno    _fileno
| #define gcvt      _gcvt
| #define getcwd    _getcwd
| #define getpid    _getpid
| #define getw      _getw
| #define isatty    _isatty
| #define j0        _j0
| #define j1        _j1
| #define jn        _jn
| #define lfind     _lfind
| #define lsearch   _lsearch
| #define lseek     _lseek
| #define memccpy   _memccpy
| #define mkdir     _mkdir
| #define mktemp    _mktemp
| #define open      _open
| #define putenv    _putenv
| #define putw      _putw
| #define read      _read
| #define rmdir     _rmdir
| #define strdup    _strdup
| #define swab      _swab
| #define tempnam   _tempnam
| #define tzset     _tzset
| #define umask     _umask
| #define unlink    _unlink
| #define utime     _utime
| #define wcsdup    _wcsdup
| #define write     _write
| #define y0        _y0
| #define y1        _y1
| #define yn        _yn
| #endif
| 
| 
| #        ifndef getcwd
|          char *getcwd ();
| #        endif
| 
| int
| main (void)
| {
| 
| #if defined _WIN32 && ! defined __CYGWIN__
| /* mingw cwd does not start with '/', but _getcwd does allocate.
|    However, mingw fails to honor non-zero size.  */
| #else
|            if (chdir ("/") != 0)
|              return 1;
|            else
|              {
|                char *f = getcwd (NULL, 0);
|                if (! f)
|                  return 2;
|                if (f[0] != '/')
|                  { free (f); return 3; }
|                if (f[1] != '\0')
|                  { free (f); return 4; }
|                free (f);
|                return 0;
|              }
| #endif
| 
|   ;
|   return 0;
| }
configure:16843: result: no
configure:16847: checking for getcwd with POSIX signature
configure:16874: gcc -c -g -O2  conftest.c >&5
configure:16874: $? = 0
configure:16883: result: yes
configure:16886: checking whether getcwd is declared
configure:16886: gcc -c -g -O2   conftest.c >&5
configure:16886: $? = 0
configure:16886: result: yes
configure:16895: checking whether getdelim is declared
configure:16895: gcc -c -g -O2   conftest.c >&5
configure:16895: $? = 0
configure:16895: result: yes
configure:16905: checking whether getdtablesize is declared
configure:16905: gcc -c -g -O2   conftest.c >&5
configure:16905: $? = 0
configure:16905: result: yes
configure:16914: checking whether getline is declared
configure:16914: gcc -c -g -O2   conftest.c >&5
configure:16914: $? = 0
configure:16914: result: yes
configure:17019: checking for getopt.h
configure:17019: result: yes
configure:17035: checking for getopt_long_only
configure:17035: gcc -o conftest -g -O2   conftest.c -lacl  >&5
configure:17035: $? = 0
configure:17035: result: yes
configure:17048: checking whether getopt is POSIX compatible
configure:17092: gcc -o conftest -g -O2   conftest.c -lacl  >&5
configure:17092: $? = 0
configure:17092: ./conftest
configure:17092: $? = 0
configure:17153: gcc -o conftest -g -O2   conftest.c -lacl  >&5
configure:17153: $? = 0
configure:17153: ./conftest
configure:17153: $? = 0
configure:17197: gcc -o conftest -g -O2   conftest.c -lacl  >&5
configure:17197: $? = 0
configure:17197: ./conftest
program: option requires an argument -- 'b'
configure:17197: $? = 0
configure:17216: result: yes
configure:17224: checking for working GNU getopt function
configure:17448: gcc -o conftest -g -O2   conftest.c -lacl  >&5
configure:17448: $? = 0
configure:17448: ./conftest
configure:17448: $? = 0
configure:17465: result: yes
configure:17470: checking for working GNU getopt_long function
configure:17517: gcc -o conftest -g -O2   conftest.c -lacl  >&5
configure:17517: $? = 0
configure:17517: ./conftest
configure:17517: $? = 0
configure:17529: result: yes
configure:17556: checking whether timespec_get is declared
configure:17556: gcc -c -g -O2   conftest.c >&5
configure:17556: $? = 0
configure:17556: result: yes
configure:17562: checking for timespec_get
configure:17583: gcc -o conftest -g -O2   conftest.c -lacl  >&5
configure:17583: $? = 0
configure:17603: result: yes
configure:17727: checking for struct timeval
configure:17751: gcc -c -g -O2  conftest.c >&5
configure:17751: $? = 0
configure:17760: result: yes
configure:17765: checking for wide-enough struct timeval.tv_sec member
configure:17793: gcc -c -g -O2  conftest.c >&5
configure:17793: $? = 0
configure:17802: result: yes
configure:17854: checking for pthread.h
configure:17854: gcc -c -g -O2  conftest.c >&5
configure:17854: $? = 0
configure:17854: result: yes
configure:17891: gcc -o conftest -g -O2   conftest.c -lacl   >&5
configure:17891: $? = 0
configure:17902: gl_pthread_api=yes
configure:17903: LIBPTHREAD=
configure:17929: gl_pthread_in_glibc=yes
configure:17936: checking for pthread_kill in -lpthread
configure:17959: gcc -o conftest -g -O2   conftest.c -lpthread  -lacl  >&5
configure:17959: $? = 0
configure:17969: result: yes
configure:18083: LIBPMULTITHREAD=
configure:18085: checking whether POSIX threads API is available
configure:18087: result: yes
configure:18108: gcc -o conftest -g -O2   conftest.c -lacl  >&5
configure:18108: $? = 0
configure:18212: checking whether setlocale (LC_ALL, NULL) is multithread-safe
configure:18254: result: yes
configure:18272: checking whether setlocale (category, NULL) is multithread-safe
configure:18291: result: yes
configure:18520: checking whether limits.h has WORD_BIT, BOOL_WIDTH etc.
configure:18547: gcc -c -g -O2  conftest.c >&5
configure:18547: $? = 0
configure:18555: result: yes
configure:18560: checking whether limits.h has SSIZE_MAX
configure:18574: gcc -c -g -O2  conftest.c >&5
configure:18574: $? = 0
configure:18582: result: yes
configure:18590: checking for wint_t
configure:18608: gcc -c -g -O2  conftest.c >&5
configure:18608: $? = 0
configure:18616: result: yes
configure:18623: checking whether wint_t is large enough
configure:18642: gcc -c -g -O2  conftest.c >&5
configure:18642: $? = 0
configure:18650: result: yes
configure:18663: checking whether the compiler produces multi-arch binaries
configure:18678: gcc -c -g -O2  conftest.c >&5
conftest.c:194:13: error: unknown type name 'not'
  194 |             not a universal capable compiler
      |             ^~~
conftest.c:194:19: error: expected '=', ',', ';', 'asm' or '__attribute__' before 'universal'
  194 |             not a universal capable compiler
      |                   ^~~~~~~~~
conftest.c:194:19: error: unknown type name 'universal'
configure:18678: $? = 1
configure: failed program was:
| /* confdefs.h */
| #define PACKAGE_NAME "GNU tar"
| #define PACKAGE_TARNAME "tar"
| #define PACKAGE_VERSION "1.35"
| #define PACKAGE_STRING "GNU tar 1.35"
| #define PACKAGE_BUGREPORT "bug-tar@gnu.org"
| #define PACKAGE_URL "https://www.gnu.org/software/tar/"
| #define PACKAGE "tar"
| #define VERSION "1.35"
| #define HAVE_STDIO_H 1
| #define HAVE_STDLIB_H 1
| #define HAVE_STRING_H 1
| #define HAVE_INTTYPES_H 1
| #define HAVE_STDINT_H 1
| #define HAVE_STRINGS_H 1
| #define HAVE_SYS_STAT_H 1
| #define HAVE_SYS_TYPES_H 1
| #define HAVE_UNISTD_H 1
| #define HAVE_WCHAR_H 1
| #define HAVE_FCNTL_H 1
| #define HAVE_LINUX_FD_H 1
| #define HAVE_MEMORY_H 1
| #define HAVE_SGTTY_H 1
| #define HAVE_SYS_PARAM_H 1
| #define HAVE_SYS_MTIO_H 1
| #define HAVE_SYS_TIME_H 1
| #define HAVE_LOCALE_H 1
| #define HAVE_FEATURES_H 1
| #define HAVE_UCHAR_H 1
| #define HAVE_SYS_SOCKET_H 1
| #define HAVE_DIRENT_H 1
| #define HAVE_ERROR_H 1
| #define HAVE_LINUX_XATTR_H 1
| #define HAVE_FNMATCH_H 1
| #define HAVE_STDIO_EXT_H 1
| #define HAVE_GETOPT_H 1
| #define HAVE_SYS_CDEFS_H 1
| #define HAVE_THREADS_H 1
| #define HAVE_LIMITS_H 1
| #define HAVE_WCTYPE_H 1
| #define HAVE_LANGINFO_H 1
| #define HAVE_SYS_MMAN_H 1
| #define HAVE_MALLOC_H 1
| #define HAVE_STDBOOL_H 1
| #define HAVE_STDCKDINT_H 1
| #define HAVE_SYS_RANDOM_H 1
| #define HAVE_SYSEXITS_H 1
| #define HAVE_UTIME_H 1
| #define HAVE_NETDB_H 1
| #define HAVE_SYS_WAIT_H 1
| #define HAVE_PWD_H 1
| #define HAVE_GRP_H 1
| #define STDC_HEADERS 1
| #define _ALL_SOURCE 1
| #define _DARWIN_C_SOURCE 1
| #define _GNU_SOURCE 1
| #define _HPUX_ALT_XOPEN_SOCKET_API 1
| #define _NETBSD_SOURCE 1
| #define _OPENBSD_SOURCE 1
| #define _POSIX_PTHREAD_SEMANTICS 1
| #define __STDC_WANT_IEC_60559_ATTRIBS_EXT__ 1
| #define __STDC_WANT_IEC_60559_BFP_EXT__ 1
| #define __STDC_WANT_IEC_60559_DFP_EXT__ 1
| #define __STDC_WANT_IEC_60559_EXT__ 1
| #define __STDC_WANT_IEC_60559_FUNCS_EXT__ 1
| #define __STDC_WANT_IEC_60559_TYPES_EXT__ 1
| #define __STDC_WANT_LIB_EXT2__ 1
| #define __STDC_WANT_MATH_SPEC_FUNCS__ 1
| #define _TANDEM_SOURCE 1
| #define __EXTENSIONS__ 1
| #define HAVE_FSEEKO 1
| #define __USE_MINGW_ANSI_STDIO 1
| #define MAJOR_IN_SYSMACROS 1
| #define HAVE_SYS_ACL_H 1
| #define HAVE_POSIX_ACLS /**/
| #define major_t int
| #define minor_t int
| #define HAVE_FCHMOD 1
| #define HAVE_FLOCKFILE 1
| #define HAVE_FUNLOCKFILE 1
| #define HAVE_PATHCONF 1
| #define HAVE_BTOWC 1
| #define HAVE_MBRTOWC 1
| #define HAVE_MBSINIT 1
| #define HAVE_CANONICALIZE_FILE_NAME 1
| #define HAVE_REALPATH 1
| #define HAVE_LSTAT 1
| #define HAVE_CHOWN 1
| #define HAVE_FCHOWN 1
| #define HAVE_FCHDIR 1
| #define HAVE_FDOPENDIR 1
| #define HAVE_FCHMODAT 1
| #define HAVE_LCHMOD 1
| #define HAVE_FCNTL 1
| #define HAVE_SYMLINK 1
| #define HAVE_LISTXATTR 1
| #define HAVE_FNMATCH 1
| #define HAVE_MBSRTOWCS 1
| #define HAVE_FSTATAT 1
| #define HAVE_GETDTABLESIZE 1
| #define HAVE_GETTIMEOFDAY 1
| #define HAVE_ISBLANK 1
| #define HAVE_ISWCNTRL 1
| #define HAVE_LINK 1
| #define HAVE_READLINK 1
| #define HAVE_OPENAT 1
| #define HAVE_MPROTECT 1
| #define HAVE_MKDIRAT 1
| #define HAVE_MKNOD 1
| #define HAVE_PIPE 1
| #define HAVE_ISWCTYPE 1
| #define HAVE_RENAMEAT 1
| #define HAVE_SETENV 1
| #define HAVE_SLEEP 1
| #define HAVE_SNPRINTF 1
| #define HAVE_STRNDUP 1
| #define HAVE_STRTOIMAX 1
| #define HAVE_STRTOUMAX 1
| #define HAVE_LOCALTIME_R 1
| #define HAVE_UNLINKAT 1
| #define HAVE_WCRTOMB 1
| #define HAVE_WCWIDTH 1
| #define HAVE_MKFIFO 1
| #define HAVE_SETLOCALE 1
| #define HAVE_FSYNC 1
| #define HAVE_SYS_ACL_H 1
| #define HAVE_ACL_GET_FILE 1
| #define HAVE_ACL_GET_FD 1
| #define HAVE_ACL_SET_FILE 1
| #define HAVE_ACL_SET_FD 1
| #define HAVE_ACL_FREE 1
| #define HAVE_ACL_FROM_MODE 1
| #define HAVE_ACL_FROM_TEXT 1
| #define HAVE_ACL_DELETE_DEF_FILE 1
| #define HAVE_ACL_EXTENDED_FILE 1
| #define HAVE_ACL_LIBACL_H 1
| #define HAVE_ACL_ENTRIES 1
| #define HAVE_ACL_FIRST_ENTRY 1
| #define USE_ACL 1
| #define HAVE_ALLOCA_H 1
| #define HAVE_ALLOCA 1
| #define restrict __restrict__
| #define HAVE_DECL_CLEARERR_UNLOCKED 1
| #define HAVE_DECL_FEOF_UNLOCKED 1
| #define HAVE_DECL_FERROR_UNLOCKED 1
| #define HAVE_DECL_FFLUSH_UNLOCKED 1
| #define HAVE_DECL_FGETS_UNLOCKED 1
| #define HAVE_DECL_FPUTC_UNLOCKED 1
| #define HAVE_DECL_FPUTS_UNLOCKED 1
| #define HAVE_DECL_FREAD_UNLOCKED 1
| #define HAVE_DECL_FWRITE_UNLOCKED 1
| #define HAVE_DECL_GETC_UNLOCKED 1
| #define HAVE_DECL_GETCHAR_UNLOCKED 1
| #define HAVE_DECL_PUTC_UNLOCKED 1
| #define HAVE_DECL_PUTCHAR_UNLOCKED 1
| #define HAVE_DECL_STRERROR_R 1
| #define HAVE_STRERROR_R 1
| #define STRERROR_R_CHAR_P 1
| #define HAVE_LONG_FILE_NAMES 1
| #define HAVE_LANGINFO_CODESET 1
| #define BITSIZEOF_WCHAR_T 32
| #define HAVE_MBSTATE_T 1
| #define HAVE_WORKING_MBRTOC32 1
| #define HAVE_MALLOC_POSIX 1
| #define LSTAT_FOLLOWS_SLASHED_SYMLINK 1
| #define FUNC_REALPATH_WORKS 1
| #define HAVE_FACCESSAT 1
| #define HAVE_GETCWD 1
| #define HAVE_UNISTD_H 1
| #define HAVE_CHOWN 1
| #define HAVE_ENVIRON_DECL 1
| #define HAVE_ERROR 1
| #define GETGROUPS_T gid_t
| #define HAVE_DECL_FCHDIR 1
| #define HAVE_WORKING_O_NOATIME 1
| #define HAVE_WORKING_O_NOFOLLOW 1
| #define PROMOTED_MODE_T mode_t
| #define FUNC_FFLUSH_STDIN 1
| #define _USE_STD_STAT 1
| #define HAVE_DECL_FSEEKO 1
| #define FUNC_FFLUSH_STDIN 1
| #define HAVE_DECL_GETCWD 1
| #define HAVE_DECL_GETDELIM 1
| #define HAVE_DECL_GETDTABLESIZE 1
| #define HAVE_DECL_GETLINE 1
| #define HAVE_GETOPT_H 1
| #define HAVE_GETOPT_LONG_ONLY 1
| #define HAVE_PTHREAD_API 1
| #define SETLOCALE_NULL_ALL_MTSAFE 1
| #define SETLOCALE_NULL_ONE_MTSAFE 1
| #define HAVE_WINT_T 1
| /* end confdefs.h.  */
| #ifndef __APPLE_CC__
|             not a universal capable compiler
|            #endif
|            typedef int dummy;
| 
configure:18706: result: no
configure:18838: checking whether stdint.h conforms to C99
configure:19015: gcc -c -g -O2  conftest.c >&5
configure:19015: $? = 0
configure:19100: gcc -o conftest -g -O2   conftest.c -lacl  >&5
configure:19100: $? = 0
configure:19100: ./conftest
configure:19100: $? = 0
configure:19113: result: yes
configure:19124: checking whether stdint.h works without ISO C predefines
configure:19157: gcc -c -g -O2  conftest.c >&5
configure:19157: $? = 0
configure:19164: result: yes
configure:19175: checking whether stdint.h has UINTMAX_WIDTH etc.
configure:19208: gcc -c -g -O2  conftest.c >&5
configure:19208: $? = 0
configure:19214: result: yes
configure:19691: gcc -c -g -O2  conftest.c >&5
conftest.c:197:23: error: conflicting types for 'foo'; have 'int'
  197 |            extern int foo;
      |                       ^~~
conftest.c:196:28: note: previous declaration of 'foo' with type 'intptr_t' {aka 'long int'}
  196 |            extern intptr_t foo;
      |                            ^~~
configure:19691: $? = 1
configure: failed program was:
| /* confdefs.h */
| #define PACKAGE_NAME "GNU tar"
| #define PACKAGE_TARNAME "tar"
| #define PACKAGE_VERSION "1.35"
| #define PACKAGE_STRING "GNU tar 1.35"
| #define PACKAGE_BUGREPORT "bug-tar@gnu.org"
| #define PACKAGE_URL "https://www.gnu.org/software/tar/"
| #define PACKAGE "tar"
| #define VERSION "1.35"
| #define HAVE_STDIO_H 1
| #define HAVE_STDLIB_H 1
| #define HAVE_STRING_H 1
| #define HAVE_INTTYPES_H 1
| #define HAVE_STDINT_H 1
| #define HAVE_STRINGS_H 1
| #define HAVE_SYS_STAT_H 1
| #define HAVE_SYS_TYPES_H 1
| #define HAVE_UNISTD_H 1
| #define HAVE_WCHAR_H 1
| #define HAVE_FCNTL_H 1
| #define HAVE_LINUX_FD_H 1
| #define HAVE_MEMORY_H 1
| #define HAVE_SGTTY_H 1
| #define HAVE_SYS_PARAM_H 1
| #define HAVE_SYS_MTIO_H 1
| #define HAVE_SYS_TIME_H 1
| #define HAVE_LOCALE_H 1
| #define HAVE_FEATURES_H 1
| #define HAVE_UCHAR_H 1
| #define HAVE_SYS_SOCKET_H 1
| #define HAVE_DIRENT_H 1
| #define HAVE_ERROR_H 1
| #define HAVE_LINUX_XATTR_H 1
| #define HAVE_FNMATCH_H 1
| #define HAVE_STDIO_EXT_H 1
| #define HAVE_GETOPT_H 1
| #define HAVE_SYS_CDEFS_H 1
| #define HAVE_THREADS_H 1
| #define HAVE_LIMITS_H 1
| #define HAVE_WCTYPE_H 1
| #define HAVE_LANGINFO_H 1
| #define HAVE_SYS_MMAN_H 1
| #define HAVE_MALLOC_H 1
| #define HAVE_STDBOOL_H 1
| #define HAVE_STDCKDINT_H 1
| #define HAVE_SYS_RANDOM_H 1
| #define HAVE_SYSEXITS_H 1
| #define HAVE_UTIME_H 1
| #define HAVE_NETDB_H 1
| #define HAVE_SYS_WAIT_H 1
| #define HAVE_PWD_H 1
| #define HAVE_GRP_H 1
| #define STDC_HEADERS 1
| #define _ALL_SOURCE 1
| #define _DARWIN_C_SOURCE 1
| #define _GNU_SOURCE 1
| #define _HPUX_ALT_XOPEN_SOCKET_API 1
| #define _NETBSD_SOURCE 1
| #define _OPENBSD_SOURCE 1
| #define _POSIX_PTHREAD_SEMANTICS 1
| #define __STDC_WANT_IEC_60559_ATTRIBS_EXT__ 1
| #define __STDC_WANT_IEC_60559_BFP_EXT__ 1
| #define __STDC_WANT_IEC_60559_DFP_EXT__ 1
| #define __STDC_WANT_IEC_60559_EXT__ 1
| #define __STDC_WANT_IEC_60559_FUNCS_EXT__ 1
| #define __STDC_WANT_IEC_60559_TYPES_EXT__ 1
| #define __STDC_WANT_LIB_EXT2__ 1
| #define __STDC_WANT_MATH_SPEC_FUNCS__ 1
| #define _TANDEM_SOURCE 1
| #define __EXTENSIONS__ 1
| #define HAVE_FSEEKO 1
| #define __USE_MINGW_ANSI_STDIO 1
| #define MAJOR_IN_SYSMACROS 1
| #define HAVE_SYS_ACL_H 1
| #define HAVE_POSIX_ACLS /**/
| #define major_t int
| #define minor_t int
| #define HAVE_FCHMOD 1
| #define HAVE_FLOCKFILE 1
| #define HAVE_FUNLOCKFILE 1
| #define HAVE_PATHCONF 1
| #define HAVE_BTOWC 1
| #define HAVE_MBRTOWC 1
| #define HAVE_MBSINIT 1
| #define HAVE_CANONICALIZE_FILE_NAME 1
| #define HAVE_REALPATH 1
| #define HAVE_LSTAT 1
| #define HAVE_CHOWN 1
| #define HAVE_FCHOWN 1
| #define HAVE_FCHDIR 1
| #define HAVE_FDOPENDIR 1
| #define HAVE_FCHMODAT 1
| #define HAVE_LCHMOD 1
| #define HAVE_FCNTL 1
| #define HAVE_SYMLINK 1
| #define HAVE_LISTXATTR 1
| #define HAVE_FNMATCH 1
| #define HAVE_MBSRTOWCS 1
| #define HAVE_FSTATAT 1
| #define HAVE_GETDTABLESIZE 1
| #define HAVE_GETTIMEOFDAY 1
| #define HAVE_ISBLANK 1
| #define HAVE_ISWCNTRL 1
| #define HAVE_LINK 1
| #define HAVE_READLINK 1
| #define HAVE_OPENAT 1
| #define HAVE_MPROTECT 1
| #define HAVE_MKDIRAT 1
| #define HAVE_MKNOD 1
| #define HAVE_PIPE 1
| #define HAVE_ISWCTYPE 1
| #define HAVE_RENAMEAT 1
| #define HAVE_SETENV 1
| #define HAVE_SLEEP 1
| #define HAVE_SNPRINTF 1
| #define HAVE_STRNDUP 1
| #define HAVE_STRTOIMAX 1
| #define HAVE_STRTOUMAX 1
| #define HAVE_LOCALTIME_R 1
| #define HAVE_UNLINKAT 1
| #define HAVE_WCRTOMB 1
| #define HAVE_WCWIDTH 1
| #define HAVE_MKFIFO 1
| #define HAVE_SETLOCALE 1
| #define HAVE_FSYNC 1
| #define HAVE_SYS_ACL_H 1
| #define HAVE_ACL_GET_FILE 1
| #define HAVE_ACL_GET_FD 1
| #define HAVE_ACL_SET_FILE 1
| #define HAVE_ACL_SET_FD 1
| #define HAVE_ACL_FREE 1
| #define HAVE_ACL_FROM_MODE 1
| #define HAVE_ACL_FROM_TEXT 1
| #define HAVE_ACL_DELETE_DEF_FILE 1
| #define HAVE_ACL_EXTENDED_FILE 1
| #define HAVE_ACL_LIBACL_H 1
| #define HAVE_ACL_ENTRIES 1
| #define HAVE_ACL_FIRST_ENTRY 1
| #define USE_ACL 1
| #define HAVE_ALLOCA_H 1
| #define HAVE_ALLOCA 1
| #define restrict __restrict__
| #define HAVE_DECL_CLEARERR_UNLOCKED 1
| #define HAVE_DECL_FEOF_UNLOCKED 1
| #define HAVE_DECL_FERROR_UNLOCKED 1
| #define HAVE_DECL_FFLUSH_UNLOCKED 1
| #define HAVE_DECL_FGETS_UNLOCKED 1
| #define HAVE_DECL_FPUTC_UNLOCKED 1
| #define HAVE_DECL_FPUTS_UNLOCKED 1
| #define HAVE_DECL_FREAD_UNLOCKED 1
| #define HAVE_DECL_FWRITE_UNLOCKED 1
| #define HAVE_DECL_GETC_UNLOCKED 1
| #define HAVE_DECL_GETCHAR_UNLOCKED 1
| #define HAVE_DECL_PUTC_UNLOCKED 1
| #define HAVE_DECL_PUTCHAR_UNLOCKED 1
| #define HAVE_DECL_STRERROR_R 1
| #define HAVE_STRERROR_R 1
| #define STRERROR_R_CHAR_P 1
| #define HAVE_LONG_FILE_NAMES 1
| #define HAVE_LANGINFO_CODESET 1
| #define BITSIZEOF_WCHAR_T 32
| #define HAVE_MBSTATE_T 1
| #define HAVE_WORKING_MBRTOC32 1
| #define HAVE_MALLOC_POSIX 1
| #define LSTAT_FOLLOWS_SLASHED_SYMLINK 1
| #define FUNC_REALPATH_WORKS 1
| #define HAVE_FACCESSAT 1
| #define HAVE_GETCWD 1
| #define HAVE_UNISTD_H 1
| #define HAVE_CHOWN 1
| #define HAVE_ENVIRON_DECL 1
| #define HAVE_ERROR 1
| #define GETGROUPS_T gid_t
| #define HAVE_DECL_FCHDIR 1
| #define HAVE_WORKING_O_NOATIME 1
| #define HAVE_WORKING_O_NOFOLLOW 1
| #define PROMOTED_MODE_T mode_t
| #define FUNC_FFLUSH_STDIN 1
| #define _USE_STD_STAT 1
| #define HAVE_DECL_FSEEKO 1
| #define FUNC_FFLUSH_STDIN 1
| #define HAVE_DECL_GETCWD 1
| #define HAVE_DECL_GETDELIM 1
| #define HAVE_DECL_GETDTABLESIZE 1
| #define HAVE_DECL_GETLINE 1
| #define HAVE_GETOPT_H 1
| #define HAVE_GETOPT_LONG_ONLY 1
| #define HAVE_PTHREAD_API 1
| #define SETLOCALE_NULL_ALL_MTSAFE 1
| #define SETLOCALE_NULL_ONE_MTSAFE 1
| #define HAVE_WINT_T 1
| #define HAVE_LONG_LONG_INT 1
| #define HAVE_UNSIGNED_LONG_LONG_INT 1
| /* end confdefs.h.  */
| #include <stdint.h>
|            extern intptr_t foo;
|            extern int foo;
| int
| main (void)
| {
| 
|   ;
|   return 0;
| }
configure:19691: gcc -c -g -O2  conftest.c >&5
configure:19691: $? = 0
configure:19702: checking whether INT32_MAX < INTMAX_MAX
configure:19735: gcc -c -g -O2  conftest.c >&5
configure:19735: $? = 0
configure:19743: result: yes
configure:19754: checking whether INT64_MAX == LONG_MAX
configure:19787: gcc -c -g -O2  conftest.c >&5
configure:19787: $? = 0
configure:19795: result: yes
configure:19808: checking whether UINT32_MAX < UINTMAX_MAX
configure:19841: gcc -c -g -O2  conftest.c >&5
configure:19841: $? = 0
configure:19849: result: yes
configure:19860: checking whether UINT64_MAX == ULONG_MAX
configure:19893: gcc -c -g -O2  conftest.c >&5
configure:19893: $? = 0
configure:19901: result: yes
configure:20057: checking whether iswcntrl works
configure:20097: gcc -o conftest -g -O2   conftest.c -lacl  >&5
configure:20097: $? = 0
configure:20097: ./conftest
configure:20097: $? = 0
configure:20109: result: yes
configure:20135: checking for towlower
configure:20135: gcc -o conftest -g -O2   conftest.c -lacl  >&5
conftest.c:211:6: warning: conflicting types for built-in function 'towlower'; expected 'unsigned int(unsigned int)' [-Wbuiltin-declaration-mismatch]
  211 | char towlower ();
      |      ^~~~~~~~
conftest.c:203:1: note: 'towlower' is declared in header '<wctype.h>'
  202 | #include <limits.h>
  203 | #undef towlower
configure:20135: $? = 0
configure:20135: result: yes
configure:20172: checking for wctype_t
configure:20194: gcc -c -g -O2  conftest.c >&5
configure:20194: $? = 0
configure:20203: result: yes
configure:20209: checking for wctrans_t
configure:20229: gcc -c -g -O2  conftest.c >&5
configure:20229: $? = 0
configure:20238: result: yes
configure:20376: checking whether langinfo.h defines CODESET
configure:20395: gcc -c -g -O2  conftest.c >&5
configure:20395: $? = 0
configure:20404: result: yes
configure:20409: checking whether langinfo.h defines T_FMT_AMPM
configure:20428: gcc -c -g -O2  conftest.c >&5
configure:20428: $? = 0
configure:20437: result: yes
configure:20442: checking whether langinfo.h defines ALTMON_1
configure:20461: gcc -c -g -O2  conftest.c >&5
configure:20461: $? = 0
configure:20470: result: yes
configure:20475: checking whether langinfo.h defines ERA
configure:20494: gcc -c -g -O2  conftest.c >&5
configure:20494: $? = 0
configure:20503: result: yes
configure:20508: checking whether langinfo.h defines YESEXPR
configure:20527: gcc -c -g -O2  conftest.c >&5
configure:20527: $? = 0
configure:20536: result: yes
configure:20565: checking for O_CLOEXEC
configure:20586: gcc -c -g -O2  conftest.c >&5
configure:20586: $? = 0
configure:20594: result: yes
configure:20635: checking for wchar_t
configure:20653: gcc -c -g -O2  conftest.c >&5
configure:20653: $? = 0
configure:20661: result: yes
configure:20677: checking for good max_align_t
configure:20714: gcc -c -g -O2  conftest.c >&5
configure:20714: $? = 0
configure:20723: result: yes
configure:20735: checking whether NULL can be used in arbitrary expressions
configure:20754: gcc -c -g -O2  conftest.c >&5
configure:20754: $? = 0
configure:20762: result: yes
configure:20769: checking for unreachable
configure:20788: gcc -o conftest -g -O2   conftest.c -lacl  >&5
configure:20788: $? = 0
configure:20798: result: yes
configure:20883: checking whether locale.h defines locale_t
configure:20901: gcc -c -g -O2  conftest.c >&5
configure:20901: $? = 0
configure:20910: result: yes
configure:20951: checking whether locale.h conforms to POSIX:2001
configure:20970: gcc -c -g -O2  conftest.c >&5
configure:20970: $? = 0
configure:20978: result: yes
configure:20981: checking whether struct lconv is properly defined
configure:21001: gcc -c -g -O2  conftest.c >&5
configure:21001: $? = 0
configure:21010: result: yes
configure:21138: checking whether malloc (0) returns nonnull
configure:21173: gcc -o conftest -g -O2   conftest.c -lacl  >&5
configure:21173: $? = 0
configure:21173: ./conftest
configure:21173: $? = 0
configure:21185: result: yes
configure:21428: checking for mmap
configure:21428: gcc -o conftest -g -O2   conftest.c -lacl  >&5
configure:21428: $? = 0
configure:21428: result: yes
configure:21440: checking for MAP_ANONYMOUS
configure:21479: result: yes
configure:21506: checking whether memchr works
configure:21592: gcc -o conftest -g -O2   conftest.c -lacl  >&5
configure:21592: $? = 0
configure:21592: ./conftest
configure:21592: $? = 0
configure:21604: result: yes
configure:21611: checking whether memrchr is declared
configure:21611: gcc -c -g -O2   conftest.c >&5
configure:21611: $? = 0
configure:21611: result: yes
configure:21624: checking whether <limits.h> defines MIN and MAX
configure:21642: gcc -c -g -O2  conftest.c >&5
conftest.c:201:21: error: implicit declaration of function 'MIN' [-Wimplicit-function-declaration]
  201 |             int x = MIN (42, 17);
      |                     ^~~
conftest.c:201:21: error: initializer element is not constant
configure:21642: $? = 1
configure: failed program was:
| /* confdefs.h */
| #define PACKAGE_NAME "GNU tar"
| #define PACKAGE_TARNAME "tar"
| #define PACKAGE_VERSION "1.35"
| #define PACKAGE_STRING "GNU tar 1.35"
| #define PACKAGE_BUGREPORT "bug-tar@gnu.org"
| #define PACKAGE_URL "https://www.gnu.org/software/tar/"
| #define PACKAGE "tar"
| #define VERSION "1.35"
| #define HAVE_STDIO_H 1
| #define HAVE_STDLIB_H 1
| #define HAVE_STRING_H 1
| #define HAVE_INTTYPES_H 1
| #define HAVE_STDINT_H 1
| #define HAVE_STRINGS_H 1
| #define HAVE_SYS_STAT_H 1
| #define HAVE_SYS_TYPES_H 1
| #define HAVE_UNISTD_H 1
| #define HAVE_WCHAR_H 1
| #define HAVE_FCNTL_H 1
| #define HAVE_LINUX_FD_H 1
| #define HAVE_MEMORY_H 1
| #define HAVE_SGTTY_H 1
| #define HAVE_SYS_PARAM_H 1
| #define HAVE_SYS_MTIO_H 1
| #define HAVE_SYS_TIME_H 1
| #define HAVE_LOCALE_H 1
| #define HAVE_FEATURES_H 1
| #define HAVE_UCHAR_H 1
| #define HAVE_SYS_SOCKET_H 1
| #define HAVE_DIRENT_H 1
| #define HAVE_ERROR_H 1
| #define HAVE_LINUX_XATTR_H 1
| #define HAVE_FNMATCH_H 1
| #define HAVE_STDIO_EXT_H 1
| #define HAVE_GETOPT_H 1
| #define HAVE_SYS_CDEFS_H 1
| #define HAVE_THREADS_H 1
| #define HAVE_LIMITS_H 1
| #define HAVE_WCTYPE_H 1
| #define HAVE_LANGINFO_H 1
| #define HAVE_SYS_MMAN_H 1
| #define HAVE_MALLOC_H 1
| #define HAVE_STDBOOL_H 1
| #define HAVE_STDCKDINT_H 1
| #define HAVE_SYS_RANDOM_H 1
| #define HAVE_SYSEXITS_H 1
| #define HAVE_UTIME_H 1
| #define HAVE_NETDB_H 1
| #define HAVE_SYS_WAIT_H 1
| #define HAVE_PWD_H 1
| #define HAVE_GRP_H 1
| #define STDC_HEADERS 1
| #define _ALL_SOURCE 1
| #define _DARWIN_C_SOURCE 1
| #define _GNU_SOURCE 1
| #define _HPUX_ALT_XOPEN_SOCKET_API 1
| #define _NETBSD_SOURCE 1
| #define _OPENBSD_SOURCE 1
| #define _POSIX_PTHREAD_SEMANTICS 1
| #define __STDC_WANT_IEC_60559_ATTRIBS_EXT__ 1
| #define __STDC_WANT_IEC_60559_BFP_EXT__ 1
| #define __STDC_WANT_IEC_60559_DFP_EXT__ 1
| #define __STDC_WANT_IEC_60559_EXT__ 1
| #define __STDC_WANT_IEC_60559_FUNCS_EXT__ 1
| #define __STDC_WANT_IEC_60559_TYPES_EXT__ 1
| #define __STDC_WANT_LIB_EXT2__ 1
| #define __STDC_WANT_MATH_SPEC_FUNCS__ 1
| #define _TANDEM_SOURCE 1
| #define __EXTENSIONS__ 1
| #define HAVE_FSEEKO 1
| #define __USE_MINGW_ANSI_STDIO 1
| #define MAJOR_IN_SYSMACROS 1
| #define HAVE_SYS_ACL_H 1
| #define HAVE_POSIX_ACLS /**/
| #define major_t int
| #define minor_t int
| #define HAVE_FCHMOD 1
| #define HAVE_FLOCKFILE 1
| #define HAVE_FUNLOCKFILE 1
| #define HAVE_PATHCONF 1
| #define HAVE_BTOWC 1
| #define HAVE_MBRTOWC 1
| #define HAVE_MBSINIT 1
| #define HAVE_CANONICALIZE_FILE_NAME 1
| #define HAVE_REALPATH 1
| #define HAVE_LSTAT 1
| #define HAVE_CHOWN 1
| #define HAVE_FCHOWN 1
| #define HAVE_FCHDIR 1
| #define HAVE_FDOPENDIR 1
| #define HAVE_FCHMODAT 1
| #define HAVE_LCHMOD 1
| #define HAVE_FCNTL 1
| #define HAVE_SYMLINK 1
| #define HAVE_LISTXATTR 1
| #define HAVE_FNMATCH 1
| #define HAVE_MBSRTOWCS 1
| #define HAVE_FSTATAT 1
| #define HAVE_GETDTABLESIZE 1
| #define HAVE_GETTIMEOFDAY 1
| #define HAVE_ISBLANK 1
| #define HAVE_ISWCNTRL 1
| #define HAVE_LINK 1
| #define HAVE_READLINK 1
| #define HAVE_OPENAT 1
| #define HAVE_MPROTECT 1
| #define HAVE_MKDIRAT 1
| #define HAVE_MKNOD 1
| #define HAVE_PIPE 1
| #define HAVE_ISWCTYPE 1
| #define HAVE_RENAMEAT 1
| #define HAVE_SETENV 1
| #define HAVE_SLEEP 1
| #define HAVE_SNPRINTF 1
| #define HAVE_STRNDUP 1
| #define HAVE_STRTOIMAX 1
| #define HAVE_STRTOUMAX 1
| #define HAVE_LOCALTIME_R 1
| #define HAVE_UNLINKAT 1
| #define HAVE_WCRTOMB 1
| #define HAVE_WCWIDTH 1
| #define HAVE_MKFIFO 1
| #define HAVE_SETLOCALE 1
| #define HAVE_FSYNC 1
| #define HAVE_SYS_ACL_H 1
| #define HAVE_ACL_GET_FILE 1
| #define HAVE_ACL_GET_FD 1
| #define HAVE_ACL_SET_FILE 1
| #define HAVE_ACL_SET_FD 1
| #define HAVE_ACL_FREE 1
| #define HAVE_ACL_FROM_MODE 1
| #define HAVE_ACL_FROM_TEXT 1
| #define HAVE_ACL_DELETE_DEF_FILE 1
| #define HAVE_ACL_EXTENDED_FILE 1
| #define HAVE_ACL_LIBACL_H 1
| #define HAVE_ACL_ENTRIES 1
| #define HAVE_ACL_FIRST_ENTRY 1
| #define USE_ACL 1
| #define HAVE_ALLOCA_H 1
| #define HAVE_ALLOCA 1
| #define restrict __restrict__
| #define HAVE_DECL_CLEARERR_UNLOCKED 1
| #define HAVE_DECL_FEOF_UNLOCKED 1
| #define HAVE_DECL_FERROR_UNLOCKED 1
| #define HAVE_DECL_FFLUSH_UNLOCKED 1
| #define HAVE_DECL_FGETS_UNLOCKED 1
| #define HAVE_DECL_FPUTC_UNLOCKED 1
| #define HAVE_DECL_FPUTS_UNLOCKED 1
| #define HAVE_DECL_FREAD_UNLOCKED 1
| #define HAVE_DECL_FWRITE_UNLOCKED 1
| #define HAVE_DECL_GETC_UNLOCKED 1
| #define HAVE_DECL_GETCHAR_UNLOCKED 1
| #define HAVE_DECL_PUTC_UNLOCKED 1
| #define HAVE_DECL_PUTCHAR_UNLOCKED 1
| #define HAVE_DECL_STRERROR_R 1
| #define HAVE_STRERROR_R 1
| #define STRERROR_R_CHAR_P 1
| #define HAVE_LONG_FILE_NAMES 1
| #define HAVE_LANGINFO_CODESET 1
| #define BITSIZEOF_WCHAR_T 32
| #define HAVE_MBSTATE_T 1
| #define HAVE_WORKING_MBRTOC32 1
| #define HAVE_MALLOC_POSIX 1
| #define LSTAT_FOLLOWS_SLASHED_SYMLINK 1
| #define FUNC_REALPATH_WORKS 1
| #define HAVE_FACCESSAT 1
| #define HAVE_GETCWD 1
| #define HAVE_UNISTD_H 1
| #define HAVE_CHOWN 1
| #define HAVE_ENVIRON_DECL 1
| #define HAVE_ERROR 1
| #define GETGROUPS_T gid_t
| #define HAVE_DECL_FCHDIR 1
| #define HAVE_WORKING_O_NOATIME 1
| #define HAVE_WORKING_O_NOFOLLOW 1
| #define PROMOTED_MODE_T mode_t
| #define FUNC_FFLUSH_STDIN 1
| #define _USE_STD_STAT 1
| #define HAVE_DECL_FSEEKO 1
| #define FUNC_FFLUSH_STDIN 1
| #define HAVE_DECL_GETCWD 1
| #define HAVE_DECL_GETDELIM 1
| #define HAVE_DECL_GETDTABLESIZE 1
| #define HAVE_DECL_GETLINE 1
| #define HAVE_GETOPT_H 1
| #define HAVE_GETOPT_LONG_ONLY 1
| #define HAVE_PTHREAD_API 1
| #define SETLOCALE_NULL_ALL_MTSAFE 1
| #define SETLOCALE_NULL_ONE_MTSAFE 1
| #define HAVE_WINT_T 1
| #define HAVE_LONG_LONG_INT 1
| #define HAVE_UNSIGNED_LONG_LONG_INT 1
| #define HAVE_TOWLOWER 1
| #define HAVE_WCHAR_T 1
| #define MALLOC_0_IS_NONNULL 1
| #define HAVE_MAP_ANONYMOUS 1
| #define HAVE_DECL_MEMRCHR 1
| /* end confdefs.h.  */
| #include <limits.h>
|             int x = MIN (42, 17);
| int
| main (void)
| {
| 
|   ;
|   return 0;
| }
configure:21650: result: no
configure:21663: checking whether <sys/param.h> defines MIN and MAX
configure:21681: gcc -c -g -O2  conftest.c >&5
configure:21681: $? = 0
configure:21689: result: yes
configure:21704: checking for compiler option needed when checking for future declarations
configure:21742: result: none
configure:21769: checking whether time_t is signed
configure:21787: gcc -c -g -O2  conftest.c >&5
configure:21787: $? = 0
configure:21795: result: yes
configure:21803: checking whether alarm is declared
configure:21803: gcc -c -g -O2   conftest.c >&5
configure:21803: $? = 0
configure:21803: result: yes
configure:21818: checking for working mktime
configure:22065: gcc -o conftest -g -O2   conftest.c -lacl  >&5
configure:22065: $? = 0
configure:22065: ./conftest
configure:22065: $? = 0
configure:22078: result: yes
configure:22142: checking whether struct tm is in sys/time.h or time.h
configure:22163: gcc -c -g -O2  conftest.c >&5
configure:22163: $? = 0
configure:22171: result: time.h
configure:22179: checking for struct tm.tm_zone
configure:22179: gcc -c -g -O2  conftest.c >&5
configure:22179: $? = 0
configure:22179: result: yes
configure:22246: checking for struct tm.tm_gmtoff
configure:22246: gcc -c -g -O2  conftest.c >&5
configure:22246: $? = 0
configure:22246: result: yes
configure:22260: checking for compound literals
configure:22279: gcc -c -g -O2  conftest.c >&5
configure:22279: $? = 0
configure:22288: result: yes
configure:22362: checking for library containing setfilecon
configure:22392: gcc -o conftest -g -O2   conftest.c -lacl  >&5
/usr/x86_64-pc-linux-gnu/binutils-bin/2.46.0/ld: /tmp/ccP07RJF.o: in function `main':
/home/gentoo/bfs-linux-install/ports/core/tar/work/src/tar-1.35/conftest.c:215:(.text.startup+0x9): undefined reference to `setfilecon'
collect2: error: ld returned 1 exit status
configure:22392: $? = 1
configure: failed program was:
| /* confdefs.h */
| #define PACKAGE_NAME "GNU tar"
| #define PACKAGE_TARNAME "tar"
| #define PACKAGE_VERSION "1.35"
| #define PACKAGE_STRING "GNU tar 1.35"
| #define PACKAGE_BUGREPORT "bug-tar@gnu.org"
| #define PACKAGE_URL "https://www.gnu.org/software/tar/"
| #define PACKAGE "tar"
| #define VERSION "1.35"
| #define HAVE_STDIO_H 1
| #define HAVE_STDLIB_H 1
| #define HAVE_STRING_H 1
| #define HAVE_INTTYPES_H 1
| #define HAVE_STDINT_H 1
| #define HAVE_STRINGS_H 1
| #define HAVE_SYS_STAT_H 1
| #define HAVE_SYS_TYPES_H 1
| #define HAVE_UNISTD_H 1
| #define HAVE_WCHAR_H 1
| #define HAVE_FCNTL_H 1
| #define HAVE_LINUX_FD_H 1
| #define HAVE_MEMORY_H 1
| #define HAVE_SGTTY_H 1
| #define HAVE_SYS_PARAM_H 1
| #define HAVE_SYS_MTIO_H 1
| #define HAVE_SYS_TIME_H 1
| #define HAVE_LOCALE_H 1
| #define HAVE_FEATURES_H 1
| #define HAVE_UCHAR_H 1
| #define HAVE_SYS_SOCKET_H 1
| #define HAVE_DIRENT_H 1
| #define HAVE_ERROR_H 1
| #define HAVE_LINUX_XATTR_H 1
| #define HAVE_FNMATCH_H 1
| #define HAVE_STDIO_EXT_H 1
| #define HAVE_GETOPT_H 1
| #define HAVE_SYS_CDEFS_H 1
| #define HAVE_THREADS_H 1
| #define HAVE_LIMITS_H 1
| #define HAVE_WCTYPE_H 1
| #define HAVE_LANGINFO_H 1
| #define HAVE_SYS_MMAN_H 1
| #define HAVE_MALLOC_H 1
| #define HAVE_STDBOOL_H 1
| #define HAVE_STDCKDINT_H 1
| #define HAVE_SYS_RANDOM_H 1
| #define HAVE_SYSEXITS_H 1
| #define HAVE_UTIME_H 1
| #define HAVE_NETDB_H 1
| #define HAVE_SYS_WAIT_H 1
| #define HAVE_PWD_H 1
| #define HAVE_GRP_H 1
| #define STDC_HEADERS 1
| #define _ALL_SOURCE 1
| #define _DARWIN_C_SOURCE 1
| #define _GNU_SOURCE 1
| #define _HPUX_ALT_XOPEN_SOCKET_API 1
| #define _NETBSD_SOURCE 1
| #define _OPENBSD_SOURCE 1
| #define _POSIX_PTHREAD_SEMANTICS 1
| #define __STDC_WANT_IEC_60559_ATTRIBS_EXT__ 1
| #define __STDC_WANT_IEC_60559_BFP_EXT__ 1
| #define __STDC_WANT_IEC_60559_DFP_EXT__ 1
| #define __STDC_WANT_IEC_60559_EXT__ 1
| #define __STDC_WANT_IEC_60559_FUNCS_EXT__ 1
| #define __STDC_WANT_IEC_60559_TYPES_EXT__ 1
| #define __STDC_WANT_LIB_EXT2__ 1
| #define __STDC_WANT_MATH_SPEC_FUNCS__ 1
| #define _TANDEM_SOURCE 1
| #define __EXTENSIONS__ 1
| #define HAVE_FSEEKO 1
| #define __USE_MINGW_ANSI_STDIO 1
| #define MAJOR_IN_SYSMACROS 1
| #define HAVE_SYS_ACL_H 1
| #define HAVE_POSIX_ACLS /**/
| #define major_t int
| #define minor_t int
| #define HAVE_FCHMOD 1
| #define HAVE_FLOCKFILE 1
| #define HAVE_FUNLOCKFILE 1
| #define HAVE_PATHCONF 1
| #define HAVE_BTOWC 1
| #define HAVE_MBRTOWC 1
| #define HAVE_MBSINIT 1
| #define HAVE_CANONICALIZE_FILE_NAME 1
| #define HAVE_REALPATH 1
| #define HAVE_LSTAT 1
| #define HAVE_CHOWN 1
| #define HAVE_FCHOWN 1
| #define HAVE_FCHDIR 1
| #define HAVE_FDOPENDIR 1
| #define HAVE_FCHMODAT 1
| #define HAVE_LCHMOD 1
| #define HAVE_FCNTL 1
| #define HAVE_SYMLINK 1
| #define HAVE_LISTXATTR 1
| #define HAVE_FNMATCH 1
| #define HAVE_MBSRTOWCS 1
| #define HAVE_FSTATAT 1
| #define HAVE_GETDTABLESIZE 1
| #define HAVE_GETTIMEOFDAY 1
| #define HAVE_ISBLANK 1
| #define HAVE_ISWCNTRL 1
| #define HAVE_LINK 1
| #define HAVE_READLINK 1
| #define HAVE_OPENAT 1
| #define HAVE_MPROTECT 1
| #define HAVE_MKDIRAT 1
| #define HAVE_MKNOD 1
| #define HAVE_PIPE 1
| #define HAVE_ISWCTYPE 1
| #define HAVE_RENAMEAT 1
| #define HAVE_SETENV 1
| #define HAVE_SLEEP 1
| #define HAVE_SNPRINTF 1
| #define HAVE_STRNDUP 1
| #define HAVE_STRTOIMAX 1
| #define HAVE_STRTOUMAX 1
| #define HAVE_LOCALTIME_R 1
| #define HAVE_UNLINKAT 1
| #define HAVE_WCRTOMB 1
| #define HAVE_WCWIDTH 1
| #define HAVE_MKFIFO 1
| #define HAVE_SETLOCALE 1
| #define HAVE_FSYNC 1
| #define HAVE_SYS_ACL_H 1
| #define HAVE_ACL_GET_FILE 1
| #define HAVE_ACL_GET_FD 1
| #define HAVE_ACL_SET_FILE 1
| #define HAVE_ACL_SET_FD 1
| #define HAVE_ACL_FREE 1
| #define HAVE_ACL_FROM_MODE 1
| #define HAVE_ACL_FROM_TEXT 1
| #define HAVE_ACL_DELETE_DEF_FILE 1
| #define HAVE_ACL_EXTENDED_FILE 1
| #define HAVE_ACL_LIBACL_H 1
| #define HAVE_ACL_ENTRIES 1
| #define HAVE_ACL_FIRST_ENTRY 1
| #define USE_ACL 1
| #define HAVE_ALLOCA_H 1
| #define HAVE_ALLOCA 1
| #define restrict __restrict__
| #define HAVE_DECL_CLEARERR_UNLOCKED 1
| #define HAVE_DECL_FEOF_UNLOCKED 1
| #define HAVE_DECL_FERROR_UNLOCKED 1
| #define HAVE_DECL_FFLUSH_UNLOCKED 1
| #define HAVE_DECL_FGETS_UNLOCKED 1
| #define HAVE_DECL_FPUTC_UNLOCKED 1
| #define HAVE_DECL_FPUTS_UNLOCKED 1
| #define HAVE_DECL_FREAD_UNLOCKED 1
| #define HAVE_DECL_FWRITE_UNLOCKED 1
| #define HAVE_DECL_GETC_UNLOCKED 1
| #define HAVE_DECL_GETCHAR_UNLOCKED 1
| #define HAVE_DECL_PUTC_UNLOCKED 1
| #define HAVE_DECL_PUTCHAR_UNLOCKED 1
| #define HAVE_DECL_STRERROR_R 1
| #define HAVE_STRERROR_R 1
| #define STRERROR_R_CHAR_P 1
| #define HAVE_LONG_FILE_NAMES 1
| #define HAVE_LANGINFO_CODESET 1
| #define BITSIZEOF_WCHAR_T 32
| #define HAVE_MBSTATE_T 1
| #define HAVE_WORKING_MBRTOC32 1
| #define HAVE_MALLOC_POSIX 1
| #define LSTAT_FOLLOWS_SLASHED_SYMLINK 1
| #define FUNC_REALPATH_WORKS 1
| #define HAVE_FACCESSAT 1
| #define HAVE_GETCWD 1
| #define HAVE_UNISTD_H 1
| #define HAVE_CHOWN 1
| #define HAVE_ENVIRON_DECL 1
| #define HAVE_ERROR 1
| #define GETGROUPS_T gid_t
| #define HAVE_DECL_FCHDIR 1
| #define HAVE_WORKING_O_NOATIME 1
| #define HAVE_WORKING_O_NOFOLLOW 1
| #define PROMOTED_MODE_T mode_t
| #define FUNC_FFLUSH_STDIN 1
| #define _USE_STD_STAT 1
| #define HAVE_DECL_FSEEKO 1
| #define FUNC_FFLUSH_STDIN 1
| #define HAVE_DECL_GETCWD 1
| #define HAVE_DECL_GETDELIM 1
| #define HAVE_DECL_GETDTABLESIZE 1
| #define HAVE_DECL_GETLINE 1
| #define HAVE_GETOPT_H 1
| #define HAVE_GETOPT_LONG_ONLY 1
| #define HAVE_PTHREAD_API 1
| #define SETLOCALE_NULL_ALL_MTSAFE 1
| #define SETLOCALE_NULL_ONE_MTSAFE 1
| #define HAVE_WINT_T 1
| #define HAVE_LONG_LONG_INT 1
| #define HAVE_UNSIGNED_LONG_LONG_INT 1
| #define HAVE_TOWLOWER 1
| #define HAVE_WCHAR_T 1
| #define MALLOC_0_IS_NONNULL 1
| #define HAVE_MAP_ANONYMOUS 1
| #define HAVE_DECL_MEMRCHR 1
| #define HAVE_MINMAX_IN_SYS_PARAM_H 1
| #define TIME_T_IS_SIGNED 1
| #define HAVE_DECL_ALARM 1
| #define HAVE_STRUCT_TM_TM_ZONE 1
| #define HAVE_TM_ZONE 1
| #define HAVE_TM_GMTOFF 1
| #define HAVE_COMPOUND_LITERALS 1
| /* end confdefs.h.  */
| 
| /* Override any GCC internal prototype to avoid an error.
|    Use char because int might match the return type of a GCC
|    builtin and then its argument prototype would still apply.  */
| char setfilecon ();
| int
| main (void)
| {
| return setfilecon ();
|   ;
|   return 0;
| }
configure:22392: gcc -o conftest -g -O2   conftest.c -lselinux  -lacl  >&5
/usr/x86_64-pc-linux-gnu/binutils-bin/2.46.0/ld: cannot find -lselinux: No such file or directory
collect2: error: ld returned 1 exit status
configure:22392: $? = 1
configure: failed program was:
| /* confdefs.h */
| #define PACKAGE_NAME "GNU tar"
| #define PACKAGE_TARNAME "tar"
| #define PACKAGE_VERSION "1.35"
| #define PACKAGE_STRING "GNU tar 1.35"
| #define PACKAGE_BUGREPORT "bug-tar@gnu.org"
| #define PACKAGE_URL "https://www.gnu.org/software/tar/"
| #define PACKAGE "tar"
| #define VERSION "1.35"
| #define HAVE_STDIO_H 1
| #define HAVE_STDLIB_H 1
| #define HAVE_STRING_H 1
| #define HAVE_INTTYPES_H 1
| #define HAVE_STDINT_H 1
| #define HAVE_STRINGS_H 1
| #define HAVE_SYS_STAT_H 1
| #define HAVE_SYS_TYPES_H 1
| #define HAVE_UNISTD_H 1
| #define HAVE_WCHAR_H 1
| #define HAVE_FCNTL_H 1
| #define HAVE_LINUX_FD_H 1
| #define HAVE_MEMORY_H 1
| #define HAVE_SGTTY_H 1
| #define HAVE_SYS_PARAM_H 1
| #define HAVE_SYS_MTIO_H 1
| #define HAVE_SYS_TIME_H 1
| #define HAVE_LOCALE_H 1
| #define HAVE_FEATURES_H 1
| #define HAVE_UCHAR_H 1
| #define HAVE_SYS_SOCKET_H 1
| #define HAVE_DIRENT_H 1
| #define HAVE_ERROR_H 1
| #define HAVE_LINUX_XATTR_H 1
| #define HAVE_FNMATCH_H 1
| #define HAVE_STDIO_EXT_H 1
| #define HAVE_GETOPT_H 1
| #define HAVE_SYS_CDEFS_H 1
| #define HAVE_THREADS_H 1
| #define HAVE_LIMITS_H 1
| #define HAVE_WCTYPE_H 1
| #define HAVE_LANGINFO_H 1
| #define HAVE_SYS_MMAN_H 1
| #define HAVE_MALLOC_H 1
| #define HAVE_STDBOOL_H 1
| #define HAVE_STDCKDINT_H 1
| #define HAVE_SYS_RANDOM_H 1
| #define HAVE_SYSEXITS_H 1
| #define HAVE_UTIME_H 1
| #define HAVE_NETDB_H 1
| #define HAVE_SYS_WAIT_H 1
| #define HAVE_PWD_H 1
| #define HAVE_GRP_H 1
| #define STDC_HEADERS 1
| #define _ALL_SOURCE 1
| #define _DARWIN_C_SOURCE 1
| #define _GNU_SOURCE 1
| #define _HPUX_ALT_XOPEN_SOCKET_API 1
| #define _NETBSD_SOURCE 1
| #define _OPENBSD_SOURCE 1
| #define _POSIX_PTHREAD_SEMANTICS 1
| #define __STDC_WANT_IEC_60559_ATTRIBS_EXT__ 1
| #define __STDC_WANT_IEC_60559_BFP_EXT__ 1
| #define __STDC_WANT_IEC_60559_DFP_EXT__ 1
| #define __STDC_WANT_IEC_60559_EXT__ 1
| #define __STDC_WANT_IEC_60559_FUNCS_EXT__ 1
| #define __STDC_WANT_IEC_60559_TYPES_EXT__ 1
| #define __STDC_WANT_LIB_EXT2__ 1
| #define __STDC_WANT_MATH_SPEC_FUNCS__ 1
| #define _TANDEM_SOURCE 1
| #define __EXTENSIONS__ 1
| #define HAVE_FSEEKO 1
| #define __USE_MINGW_ANSI_STDIO 1
| #define MAJOR_IN_SYSMACROS 1
| #define HAVE_SYS_ACL_H 1
| #define HAVE_POSIX_ACLS /**/
| #define major_t int
| #define minor_t int
| #define HAVE_FCHMOD 1
| #define HAVE_FLOCKFILE 1
| #define HAVE_FUNLOCKFILE 1
| #define HAVE_PATHCONF 1
| #define HAVE_BTOWC 1
| #define HAVE_MBRTOWC 1
| #define HAVE_MBSINIT 1
| #define HAVE_CANONICALIZE_FILE_NAME 1
| #define HAVE_REALPATH 1
| #define HAVE_LSTAT 1
| #define HAVE_CHOWN 1
| #define HAVE_FCHOWN 1
| #define HAVE_FCHDIR 1
| #define HAVE_FDOPENDIR 1
| #define HAVE_FCHMODAT 1
| #define HAVE_LCHMOD 1
| #define HAVE_FCNTL 1
| #define HAVE_SYMLINK 1
| #define HAVE_LISTXATTR 1
| #define HAVE_FNMATCH 1
| #define HAVE_MBSRTOWCS 1
| #define HAVE_FSTATAT 1
| #define HAVE_GETDTABLESIZE 1
| #define HAVE_GETTIMEOFDAY 1
| #define HAVE_ISBLANK 1
| #define HAVE_ISWCNTRL 1
| #define HAVE_LINK 1
| #define HAVE_READLINK 1
| #define HAVE_OPENAT 1
| #define HAVE_MPROTECT 1
| #define HAVE_MKDIRAT 1
| #define HAVE_MKNOD 1
| #define HAVE_PIPE 1
| #define HAVE_ISWCTYPE 1
| #define HAVE_RENAMEAT 1
| #define HAVE_SETENV 1
| #define HAVE_SLEEP 1
| #define HAVE_SNPRINTF 1
| #define HAVE_STRNDUP 1
| #define HAVE_STRTOIMAX 1
| #define HAVE_STRTOUMAX 1
| #define HAVE_LOCALTIME_R 1
| #define HAVE_UNLINKAT 1
| #define HAVE_WCRTOMB 1
| #define HAVE_WCWIDTH 1
| #define HAVE_MKFIFO 1
| #define HAVE_SETLOCALE 1
| #define HAVE_FSYNC 1
| #define HAVE_SYS_ACL_H 1
| #define HAVE_ACL_GET_FILE 1
| #define HAVE_ACL_GET_FD 1
| #define HAVE_ACL_SET_FILE 1
| #define HAVE_ACL_SET_FD 1
| #define HAVE_ACL_FREE 1
| #define HAVE_ACL_FROM_MODE 1
| #define HAVE_ACL_FROM_TEXT 1
| #define HAVE_ACL_DELETE_DEF_FILE 1
| #define HAVE_ACL_EXTENDED_FILE 1
| #define HAVE_ACL_LIBACL_H 1
| #define HAVE_ACL_ENTRIES 1
| #define HAVE_ACL_FIRST_ENTRY 1
| #define USE_ACL 1
| #define HAVE_ALLOCA_H 1
| #define HAVE_ALLOCA 1
| #define restrict __restrict__
| #define HAVE_DECL_CLEARERR_UNLOCKED 1
| #define HAVE_DECL_FEOF_UNLOCKED 1
| #define HAVE_DECL_FERROR_UNLOCKED 1
| #define HAVE_DECL_FFLUSH_UNLOCKED 1
| #define HAVE_DECL_FGETS_UNLOCKED 1
| #define HAVE_DECL_FPUTC_UNLOCKED 1
| #define HAVE_DECL_FPUTS_UNLOCKED 1
| #define HAVE_DECL_FREAD_UNLOCKED 1
| #define HAVE_DECL_FWRITE_UNLOCKED 1
| #define HAVE_DECL_GETC_UNLOCKED 1
| #define HAVE_DECL_GETCHAR_UNLOCKED 1
| #define HAVE_DECL_PUTC_UNLOCKED 1
| #define HAVE_DECL_PUTCHAR_UNLOCKED 1
| #define HAVE_DECL_STRERROR_R 1
| #define HAVE_STRERROR_R 1
| #define STRERROR_R_CHAR_P 1
| #define HAVE_LONG_FILE_NAMES 1
| #define HAVE_LANGINFO_CODESET 1
| #define BITSIZEOF_WCHAR_T 32
| #define HAVE_MBSTATE_T 1
| #define HAVE_WORKING_MBRTOC32 1
| #define HAVE_MALLOC_POSIX 1
| #define LSTAT_FOLLOWS_SLASHED_SYMLINK 1
| #define FUNC_REALPATH_WORKS 1
| #define HAVE_FACCESSAT 1
| #define HAVE_GETCWD 1
| #define HAVE_UNISTD_H 1
| #define HAVE_CHOWN 1
| #define HAVE_ENVIRON_DECL 1
| #define HAVE_ERROR 1
| #define GETGROUPS_T gid_t
| #define HAVE_DECL_FCHDIR 1
| #define HAVE_WORKING_O_NOATIME 1
| #define HAVE_WORKING_O_NOFOLLOW 1
| #define PROMOTED_MODE_T mode_t
| #define FUNC_FFLUSH_STDIN 1
| #define _USE_STD_STAT 1
| #define HAVE_DECL_FSEEKO 1
| #define FUNC_FFLUSH_STDIN 1
| #define HAVE_DECL_GETCWD 1
| #define HAVE_DECL_GETDELIM 1
| #define HAVE_DECL_GETDTABLESIZE 1
| #define HAVE_DECL_GETLINE 1
| #define HAVE_GETOPT_H 1
| #define HAVE_GETOPT_LONG_ONLY 1
| #define HAVE_PTHREAD_API 1
| #define SETLOCALE_NULL_ALL_MTSAFE 1
| #define SETLOCALE_NULL_ONE_MTSAFE 1
| #define HAVE_WINT_T 1
| #define HAVE_LONG_LONG_INT 1
| #define HAVE_UNSIGNED_LONG_LONG_INT 1
| #define HAVE_TOWLOWER 1
| #define HAVE_WCHAR_T 1
| #define MALLOC_0_IS_NONNULL 1
| #define HAVE_MAP_ANONYMOUS 1
| #define HAVE_DECL_MEMRCHR 1
| #define HAVE_MINMAX_IN_SYS_PARAM_H 1
| #define TIME_T_IS_SIGNED 1
| #define HAVE_DECL_ALARM 1
| #define HAVE_STRUCT_TM_TM_ZONE 1
| #define HAVE_TM_ZONE 1
| #define HAVE_TM_GMTOFF 1
| #define HAVE_COMPOUND_LITERALS 1
| /* end confdefs.h.  */
| 
| /* Override any GCC internal prototype to avoid an error.
|    Use char because int might match the return type of a GCC
|    builtin and then its argument prototype would still apply.  */
| char setfilecon ();
| int
| main (void)
| {
| return setfilecon ();
|   ;
|   return 0;
| }
configure:22412: result: no
configure:22438: checking whether setenv is declared
configure:22438: gcc -c -g -O2   conftest.c >&5
configure:22438: $? = 0
configure:22438: result: yes
configure:22458: checking for search.h
configure:22458: gcc -c -g -O2  conftest.c >&5
configure:22458: $? = 0
configure:22458: result: yes
configure:22467: checking for tsearch
configure:22504: checking for tsearch
configure:22504: gcc -o conftest -g -O2   conftest.c -lacl  >&5
configure:22504: $? = 0
configure:22504: result: yes
configure:22519: result: yes
configure:22536: checking for sigset_t
configure:22536: gcc -c -g -O2  conftest.c >&5
configure:22536: $? = 0
configure:22536: gcc -c -g -O2  conftest.c >&5
conftest.c: In function 'main':
conftest.c:219:23: error: expected expression before ')' token
  219 | if (sizeof ((sigset_t)))
      |                       ^
configure:22536: $? = 1
configure: failed program was:
| /* confdefs.h */
| #define PACKAGE_NAME "GNU tar"
| #define PACKAGE_TARNAME "tar"
| #define PACKAGE_VERSION "1.35"
| #define PACKAGE_STRING "GNU tar 1.35"
| #define PACKAGE_BUGREPORT "bug-tar@gnu.org"
| #define PACKAGE_URL "https://www.gnu.org/software/tar/"
| #define PACKAGE "tar"
| #define VERSION "1.35"
| #define HAVE_STDIO_H 1
| #define HAVE_STDLIB_H 1
| #define HAVE_STRING_H 1
| #define HAVE_INTTYPES_H 1
| #define HAVE_STDINT_H 1
| #define HAVE_STRINGS_H 1
| #define HAVE_SYS_STAT_H 1
| #define HAVE_SYS_TYPES_H 1
| #define HAVE_UNISTD_H 1
| #define HAVE_WCHAR_H 1
| #define HAVE_FCNTL_H 1
| #define HAVE_LINUX_FD_H 1
| #define HAVE_MEMORY_H 1
| #define HAVE_SGTTY_H 1
| #define HAVE_SYS_PARAM_H 1
| #define HAVE_SYS_MTIO_H 1
| #define HAVE_SYS_TIME_H 1
| #define HAVE_LOCALE_H 1
| #define HAVE_FEATURES_H 1
| #define HAVE_UCHAR_H 1
| #define HAVE_SYS_SOCKET_H 1
| #define HAVE_DIRENT_H 1
| #define HAVE_ERROR_H 1
| #define HAVE_LINUX_XATTR_H 1
| #define HAVE_FNMATCH_H 1
| #define HAVE_STDIO_EXT_H 1
| #define HAVE_GETOPT_H 1
| #define HAVE_SYS_CDEFS_H 1
| #define HAVE_THREADS_H 1
| #define HAVE_LIMITS_H 1
| #define HAVE_WCTYPE_H 1
| #define HAVE_LANGINFO_H 1
| #define HAVE_SYS_MMAN_H 1
| #define HAVE_MALLOC_H 1
| #define HAVE_STDBOOL_H 1
| #define HAVE_STDCKDINT_H 1
| #define HAVE_SYS_RANDOM_H 1
| #define HAVE_SYSEXITS_H 1
| #define HAVE_UTIME_H 1
| #define HAVE_NETDB_H 1
| #define HAVE_SYS_WAIT_H 1
| #define HAVE_PWD_H 1
| #define HAVE_GRP_H 1
| #define STDC_HEADERS 1
| #define _ALL_SOURCE 1
| #define _DARWIN_C_SOURCE 1
| #define _GNU_SOURCE 1
| #define _HPUX_ALT_XOPEN_SOCKET_API 1
| #define _NETBSD_SOURCE 1
| #define _OPENBSD_SOURCE 1
| #define _POSIX_PTHREAD_SEMANTICS 1
| #define __STDC_WANT_IEC_60559_ATTRIBS_EXT__ 1
| #define __STDC_WANT_IEC_60559_BFP_EXT__ 1
| #define __STDC_WANT_IEC_60559_DFP_EXT__ 1
| #define __STDC_WANT_IEC_60559_EXT__ 1
| #define __STDC_WANT_IEC_60559_FUNCS_EXT__ 1
| #define __STDC_WANT_IEC_60559_TYPES_EXT__ 1
| #define __STDC_WANT_LIB_EXT2__ 1
| #define __STDC_WANT_MATH_SPEC_FUNCS__ 1
| #define _TANDEM_SOURCE 1
| #define __EXTENSIONS__ 1
| #define HAVE_FSEEKO 1
| #define __USE_MINGW_ANSI_STDIO 1
| #define MAJOR_IN_SYSMACROS 1
| #define HAVE_SYS_ACL_H 1
| #define HAVE_POSIX_ACLS /**/
| #define major_t int
| #define minor_t int
| #define HAVE_FCHMOD 1
| #define HAVE_FLOCKFILE 1
| #define HAVE_FUNLOCKFILE 1
| #define HAVE_PATHCONF 1
| #define HAVE_BTOWC 1
| #define HAVE_MBRTOWC 1
| #define HAVE_MBSINIT 1
| #define HAVE_CANONICALIZE_FILE_NAME 1
| #define HAVE_REALPATH 1
| #define HAVE_LSTAT 1
| #define HAVE_CHOWN 1
| #define HAVE_FCHOWN 1
| #define HAVE_FCHDIR 1
| #define HAVE_FDOPENDIR 1
| #define HAVE_FCHMODAT 1
| #define HAVE_LCHMOD 1
| #define HAVE_FCNTL 1
| #define HAVE_SYMLINK 1
| #define HAVE_LISTXATTR 1
| #define HAVE_FNMATCH 1
| #define HAVE_MBSRTOWCS 1
| #define HAVE_FSTATAT 1
| #define HAVE_GETDTABLESIZE 1
| #define HAVE_GETTIMEOFDAY 1
| #define HAVE_ISBLANK 1
| #define HAVE_ISWCNTRL 1
| #define HAVE_LINK 1
| #define HAVE_READLINK 1
| #define HAVE_OPENAT 1
| #define HAVE_MPROTECT 1
| #define HAVE_MKDIRAT 1
| #define HAVE_MKNOD 1
| #define HAVE_PIPE 1
| #define HAVE_ISWCTYPE 1
| #define HAVE_RENAMEAT 1
| #define HAVE_SETENV 1
| #define HAVE_SLEEP 1
| #define HAVE_SNPRINTF 1
| #define HAVE_STRNDUP 1
| #define HAVE_STRTOIMAX 1
| #define HAVE_STRTOUMAX 1
| #define HAVE_LOCALTIME_R 1
| #define HAVE_UNLINKAT 1
| #define HAVE_WCRTOMB 1
| #define HAVE_WCWIDTH 1
| #define HAVE_MKFIFO 1
| #define HAVE_SETLOCALE 1
| #define HAVE_FSYNC 1
| #define HAVE_SYS_ACL_H 1
| #define HAVE_ACL_GET_FILE 1
| #define HAVE_ACL_GET_FD 1
| #define HAVE_ACL_SET_FILE 1
| #define HAVE_ACL_SET_FD 1
| #define HAVE_ACL_FREE 1
| #define HAVE_ACL_FROM_MODE 1
| #define HAVE_ACL_FROM_TEXT 1
| #define HAVE_ACL_DELETE_DEF_FILE 1
| #define HAVE_ACL_EXTENDED_FILE 1
| #define HAVE_ACL_LIBACL_H 1
| #define HAVE_ACL_ENTRIES 1
| #define HAVE_ACL_FIRST_ENTRY 1
| #define USE_ACL 1
| #define HAVE_ALLOCA_H 1
| #define HAVE_ALLOCA 1
| #define restrict __restrict__
| #define HAVE_DECL_CLEARERR_UNLOCKED 1
| #define HAVE_DECL_FEOF_UNLOCKED 1
| #define HAVE_DECL_FERROR_UNLOCKED 1
| #define HAVE_DECL_FFLUSH_UNLOCKED 1
| #define HAVE_DECL_FGETS_UNLOCKED 1
| #define HAVE_DECL_FPUTC_UNLOCKED 1
| #define HAVE_DECL_FPUTS_UNLOCKED 1
| #define HAVE_DECL_FREAD_UNLOCKED 1
| #define HAVE_DECL_FWRITE_UNLOCKED 1
| #define HAVE_DECL_GETC_UNLOCKED 1
| #define HAVE_DECL_GETCHAR_UNLOCKED 1
| #define HAVE_DECL_PUTC_UNLOCKED 1
| #define HAVE_DECL_PUTCHAR_UNLOCKED 1
| #define HAVE_DECL_STRERROR_R 1
| #define HAVE_STRERROR_R 1
| #define STRERROR_R_CHAR_P 1
| #define HAVE_LONG_FILE_NAMES 1
| #define HAVE_LANGINFO_CODESET 1
| #define BITSIZEOF_WCHAR_T 32
| #define HAVE_MBSTATE_T 1
| #define HAVE_WORKING_MBRTOC32 1
| #define HAVE_MALLOC_POSIX 1
| #define LSTAT_FOLLOWS_SLASHED_SYMLINK 1
| #define FUNC_REALPATH_WORKS 1
| #define HAVE_FACCESSAT 1
| #define HAVE_GETCWD 1
| #define HAVE_UNISTD_H 1
| #define HAVE_CHOWN 1
| #define HAVE_ENVIRON_DECL 1
| #define HAVE_ERROR 1
| #define GETGROUPS_T gid_t
| #define HAVE_DECL_FCHDIR 1
| #define HAVE_WORKING_O_NOATIME 1
| #define HAVE_WORKING_O_NOFOLLOW 1
| #define PROMOTED_MODE_T mode_t
| #define FUNC_FFLUSH_STDIN 1
| #define _USE_STD_STAT 1
| #define HAVE_DECL_FSEEKO 1
| #define FUNC_FFLUSH_STDIN 1
| #define HAVE_DECL_GETCWD 1
| #define HAVE_DECL_GETDELIM 1
| #define HAVE_DECL_GETDTABLESIZE 1
| #define HAVE_DECL_GETLINE 1
| #define HAVE_GETOPT_H 1
| #define HAVE_GETOPT_LONG_ONLY 1
| #define HAVE_PTHREAD_API 1
| #define SETLOCALE_NULL_ALL_MTSAFE 1
| #define SETLOCALE_NULL_ONE_MTSAFE 1
| #define HAVE_WINT_T 1
| #define HAVE_LONG_LONG_INT 1
| #define HAVE_UNSIGNED_LONG_LONG_INT 1
| #define HAVE_TOWLOWER 1
| #define HAVE_WCHAR_T 1
| #define MALLOC_0_IS_NONNULL 1
| #define HAVE_MAP_ANONYMOUS 1
| #define HAVE_DECL_MEMRCHR 1
| #define HAVE_MINMAX_IN_SYS_PARAM_H 1
| #define TIME_T_IS_SIGNED 1
| #define HAVE_DECL_ALARM 1
| #define HAVE_STRUCT_TM_TM_ZONE 1
| #define HAVE_TM_ZONE 1
| #define HAVE_TM_GMTOFF 1
| #define HAVE_COMPOUND_LITERALS 1
| #define HAVE_DECL_SETENV 1
| #define HAVE_SEARCH_H 1
| #define HAVE_TSEARCH 1
| /* end confdefs.h.  */
| 
|       #include <signal.h>
|       /* Mingw defines sigset_t not in <signal.h>, but in <sys/types.h>.  */
|       #include <sys/types.h>
| 
| 
| int
| main (void)
| {
| if (sizeof ((sigset_t)))
| 	    return 0;
|   ;
|   return 0;
| }
configure:22536: result: yes
configure:22634: checking for volatile sig_atomic_t
configure:22634: gcc -c -g -O2  conftest.c >&5
configure:22634: $? = 0
configure:22634: gcc -c -g -O2  conftest.c >&5
conftest.c: In function 'main':
conftest.c:218:36: error: expected expression before ')' token
  218 | if (sizeof ((volatile sig_atomic_t)))
      |                                    ^
configure:22634: $? = 1
configure: failed program was:
| /* confdefs.h */
| #define PACKAGE_NAME "GNU tar"
| #define PACKAGE_TARNAME "tar"
| #define PACKAGE_VERSION "1.35"
| #define PACKAGE_STRING "GNU tar 1.35"
| #define PACKAGE_BUGREPORT "bug-tar@gnu.org"
| #define PACKAGE_URL "https://www.gnu.org/software/tar/"
| #define PACKAGE "tar"
| #define VERSION "1.35"
| #define HAVE_STDIO_H 1
| #define HAVE_STDLIB_H 1
| #define HAVE_STRING_H 1
| #define HAVE_INTTYPES_H 1
| #define HAVE_STDINT_H 1
| #define HAVE_STRINGS_H 1
| #define HAVE_SYS_STAT_H 1
| #define HAVE_SYS_TYPES_H 1
| #define HAVE_UNISTD_H 1
| #define HAVE_WCHAR_H 1
| #define HAVE_FCNTL_H 1
| #define HAVE_LINUX_FD_H 1
| #define HAVE_MEMORY_H 1
| #define HAVE_SGTTY_H 1
| #define HAVE_SYS_PARAM_H 1
| #define HAVE_SYS_MTIO_H 1
| #define HAVE_SYS_TIME_H 1
| #define HAVE_LOCALE_H 1
| #define HAVE_FEATURES_H 1
| #define HAVE_UCHAR_H 1
| #define HAVE_SYS_SOCKET_H 1
| #define HAVE_DIRENT_H 1
| #define HAVE_ERROR_H 1
| #define HAVE_LINUX_XATTR_H 1
| #define HAVE_FNMATCH_H 1
| #define HAVE_STDIO_EXT_H 1
| #define HAVE_GETOPT_H 1
| #define HAVE_SYS_CDEFS_H 1
| #define HAVE_THREADS_H 1
| #define HAVE_LIMITS_H 1
| #define HAVE_WCTYPE_H 1
| #define HAVE_LANGINFO_H 1
| #define HAVE_SYS_MMAN_H 1
| #define HAVE_MALLOC_H 1
| #define HAVE_STDBOOL_H 1
| #define HAVE_STDCKDINT_H 1
| #define HAVE_SYS_RANDOM_H 1
| #define HAVE_SYSEXITS_H 1
| #define HAVE_UTIME_H 1
| #define HAVE_NETDB_H 1
| #define HAVE_SYS_WAIT_H 1
| #define HAVE_PWD_H 1
| #define HAVE_GRP_H 1
| #define STDC_HEADERS 1
| #define _ALL_SOURCE 1
| #define _DARWIN_C_SOURCE 1
| #define _GNU_SOURCE 1
| #define _HPUX_ALT_XOPEN_SOCKET_API 1
| #define _NETBSD_SOURCE 1
| #define _OPENBSD_SOURCE 1
| #define _POSIX_PTHREAD_SEMANTICS 1
| #define __STDC_WANT_IEC_60559_ATTRIBS_EXT__ 1
| #define __STDC_WANT_IEC_60559_BFP_EXT__ 1
| #define __STDC_WANT_IEC_60559_DFP_EXT__ 1
| #define __STDC_WANT_IEC_60559_EXT__ 1
| #define __STDC_WANT_IEC_60559_FUNCS_EXT__ 1
| #define __STDC_WANT_IEC_60559_TYPES_EXT__ 1
| #define __STDC_WANT_LIB_EXT2__ 1
| #define __STDC_WANT_MATH_SPEC_FUNCS__ 1
| #define _TANDEM_SOURCE 1
| #define __EXTENSIONS__ 1
| #define HAVE_FSEEKO 1
| #define __USE_MINGW_ANSI_STDIO 1
| #define MAJOR_IN_SYSMACROS 1
| #define HAVE_SYS_ACL_H 1
| #define HAVE_POSIX_ACLS /**/
| #define major_t int
| #define minor_t int
| #define HAVE_FCHMOD 1
| #define HAVE_FLOCKFILE 1
| #define HAVE_FUNLOCKFILE 1
| #define HAVE_PATHCONF 1
| #define HAVE_BTOWC 1
| #define HAVE_MBRTOWC 1
| #define HAVE_MBSINIT 1
| #define HAVE_CANONICALIZE_FILE_NAME 1
| #define HAVE_REALPATH 1
| #define HAVE_LSTAT 1
| #define HAVE_CHOWN 1
| #define HAVE_FCHOWN 1
| #define HAVE_FCHDIR 1
| #define HAVE_FDOPENDIR 1
| #define HAVE_FCHMODAT 1
| #define HAVE_LCHMOD 1
| #define HAVE_FCNTL 1
| #define HAVE_SYMLINK 1
| #define HAVE_LISTXATTR 1
| #define HAVE_FNMATCH 1
| #define HAVE_MBSRTOWCS 1
| #define HAVE_FSTATAT 1
| #define HAVE_GETDTABLESIZE 1
| #define HAVE_GETTIMEOFDAY 1
| #define HAVE_ISBLANK 1
| #define HAVE_ISWCNTRL 1
| #define HAVE_LINK 1
| #define HAVE_READLINK 1
| #define HAVE_OPENAT 1
| #define HAVE_MPROTECT 1
| #define HAVE_MKDIRAT 1
| #define HAVE_MKNOD 1
| #define HAVE_PIPE 1
| #define HAVE_ISWCTYPE 1
| #define HAVE_RENAMEAT 1
| #define HAVE_SETENV 1
| #define HAVE_SLEEP 1
| #define HAVE_SNPRINTF 1
| #define HAVE_STRNDUP 1
| #define HAVE_STRTOIMAX 1
| #define HAVE_STRTOUMAX 1
| #define HAVE_LOCALTIME_R 1
| #define HAVE_UNLINKAT 1
| #define HAVE_WCRTOMB 1
| #define HAVE_WCWIDTH 1
| #define HAVE_MKFIFO 1
| #define HAVE_SETLOCALE 1
| #define HAVE_FSYNC 1
| #define HAVE_SYS_ACL_H 1
| #define HAVE_ACL_GET_FILE 1
| #define HAVE_ACL_GET_FD 1
| #define HAVE_ACL_SET_FILE 1
| #define HAVE_ACL_SET_FD 1
| #define HAVE_ACL_FREE 1
| #define HAVE_ACL_FROM_MODE 1
| #define HAVE_ACL_FROM_TEXT 1
| #define HAVE_ACL_DELETE_DEF_FILE 1
| #define HAVE_ACL_EXTENDED_FILE 1
| #define HAVE_ACL_LIBACL_H 1
| #define HAVE_ACL_ENTRIES 1
| #define HAVE_ACL_FIRST_ENTRY 1
| #define USE_ACL 1
| #define HAVE_ALLOCA_H 1
| #define HAVE_ALLOCA 1
| #define restrict __restrict__
| #define HAVE_DECL_CLEARERR_UNLOCKED 1
| #define HAVE_DECL_FEOF_UNLOCKED 1
| #define HAVE_DECL_FERROR_UNLOCKED 1
| #define HAVE_DECL_FFLUSH_UNLOCKED 1
| #define HAVE_DECL_FGETS_UNLOCKED 1
| #define HAVE_DECL_FPUTC_UNLOCKED 1
| #define HAVE_DECL_FPUTS_UNLOCKED 1
| #define HAVE_DECL_FREAD_UNLOCKED 1
| #define HAVE_DECL_FWRITE_UNLOCKED 1
| #define HAVE_DECL_GETC_UNLOCKED 1
| #define HAVE_DECL_GETCHAR_UNLOCKED 1
| #define HAVE_DECL_PUTC_UNLOCKED 1
| #define HAVE_DECL_PUTCHAR_UNLOCKED 1
| #define HAVE_DECL_STRERROR_R 1
| #define HAVE_STRERROR_R 1
| #define STRERROR_R_CHAR_P 1
| #define HAVE_LONG_FILE_NAMES 1
| #define HAVE_LANGINFO_CODESET 1
| #define BITSIZEOF_WCHAR_T 32
| #define HAVE_MBSTATE_T 1
| #define HAVE_WORKING_MBRTOC32 1
| #define HAVE_MALLOC_POSIX 1
| #define LSTAT_FOLLOWS_SLASHED_SYMLINK 1
| #define FUNC_REALPATH_WORKS 1
| #define HAVE_FACCESSAT 1
| #define HAVE_GETCWD 1
| #define HAVE_UNISTD_H 1
| #define HAVE_CHOWN 1
| #define HAVE_ENVIRON_DECL 1
| #define HAVE_ERROR 1
| #define GETGROUPS_T gid_t
| #define HAVE_DECL_FCHDIR 1
| #define HAVE_WORKING_O_NOATIME 1
| #define HAVE_WORKING_O_NOFOLLOW 1
| #define PROMOTED_MODE_T mode_t
| #define FUNC_FFLUSH_STDIN 1
| #define _USE_STD_STAT 1
| #define HAVE_DECL_FSEEKO 1
| #define FUNC_FFLUSH_STDIN 1
| #define HAVE_DECL_GETCWD 1
| #define HAVE_DECL_GETDELIM 1
| #define HAVE_DECL_GETDTABLESIZE 1
| #define HAVE_DECL_GETLINE 1
| #define HAVE_GETOPT_H 1
| #define HAVE_GETOPT_LONG_ONLY 1
| #define HAVE_PTHREAD_API 1
| #define SETLOCALE_NULL_ALL_MTSAFE 1
| #define SETLOCALE_NULL_ONE_MTSAFE 1
| #define HAVE_WINT_T 1
| #define HAVE_LONG_LONG_INT 1
| #define HAVE_UNSIGNED_LONG_LONG_INT 1
| #define HAVE_TOWLOWER 1
| #define HAVE_WCHAR_T 1
| #define MALLOC_0_IS_NONNULL 1
| #define HAVE_MAP_ANONYMOUS 1
| #define HAVE_DECL_MEMRCHR 1
| #define HAVE_MINMAX_IN_SYS_PARAM_H 1
| #define TIME_T_IS_SIGNED 1
| #define HAVE_DECL_ALARM 1
| #define HAVE_STRUCT_TM_TM_ZONE 1
| #define HAVE_TM_ZONE 1
| #define HAVE_TM_GMTOFF 1
| #define HAVE_COMPOUND_LITERALS 1
| #define HAVE_DECL_SETENV 1
| #define HAVE_SEARCH_H 1
| #define HAVE_TSEARCH 1
| #define HAVE_SIGSET_T 1
| /* end confdefs.h.  */
| 
| #include <signal.h>
| 
| 
| int
| main (void)
| {
| if (sizeof ((volatile sig_atomic_t)))
| 	    return 0;
|   ;
|   return 0;
| }
configure:22634: result: yes
configure:22651: checking for sighandler_t
configure:22651: gcc -c -g -O2  conftest.c >&5
configure:22651: $? = 0
configure:22651: gcc -c -g -O2  conftest.c >&5
conftest.c: In function 'main':
conftest.c:218:27: error: expected expression before ')' token
  218 | if (sizeof ((sighandler_t)))
      |                           ^
configure:22651: $? = 1
configure: failed program was:
| /* confdefs.h */
| #define PACKAGE_NAME "GNU tar"
| #define PACKAGE_TARNAME "tar"
| #define PACKAGE_VERSION "1.35"
| #define PACKAGE_STRING "GNU tar 1.35"
| #define PACKAGE_BUGREPORT "bug-tar@gnu.org"
| #define PACKAGE_URL "https://www.gnu.org/software/tar/"
| #define PACKAGE "tar"
| #define VERSION "1.35"
| #define HAVE_STDIO_H 1
| #define HAVE_STDLIB_H 1
| #define HAVE_STRING_H 1
| #define HAVE_INTTYPES_H 1
| #define HAVE_STDINT_H 1
| #define HAVE_STRINGS_H 1
| #define HAVE_SYS_STAT_H 1
| #define HAVE_SYS_TYPES_H 1
| #define HAVE_UNISTD_H 1
| #define HAVE_WCHAR_H 1
| #define HAVE_FCNTL_H 1
| #define HAVE_LINUX_FD_H 1
| #define HAVE_MEMORY_H 1
| #define HAVE_SGTTY_H 1
| #define HAVE_SYS_PARAM_H 1
| #define HAVE_SYS_MTIO_H 1
| #define HAVE_SYS_TIME_H 1
| #define HAVE_LOCALE_H 1
| #define HAVE_FEATURES_H 1
| #define HAVE_UCHAR_H 1
| #define HAVE_SYS_SOCKET_H 1
| #define HAVE_DIRENT_H 1
| #define HAVE_ERROR_H 1
| #define HAVE_LINUX_XATTR_H 1
| #define HAVE_FNMATCH_H 1
| #define HAVE_STDIO_EXT_H 1
| #define HAVE_GETOPT_H 1
| #define HAVE_SYS_CDEFS_H 1
| #define HAVE_THREADS_H 1
| #define HAVE_LIMITS_H 1
| #define HAVE_WCTYPE_H 1
| #define HAVE_LANGINFO_H 1
| #define HAVE_SYS_MMAN_H 1
| #define HAVE_MALLOC_H 1
| #define HAVE_STDBOOL_H 1
| #define HAVE_STDCKDINT_H 1
| #define HAVE_SYS_RANDOM_H 1
| #define HAVE_SYSEXITS_H 1
| #define HAVE_UTIME_H 1
| #define HAVE_NETDB_H 1
| #define HAVE_SYS_WAIT_H 1
| #define HAVE_PWD_H 1
| #define HAVE_GRP_H 1
| #define STDC_HEADERS 1
| #define _ALL_SOURCE 1
| #define _DARWIN_C_SOURCE 1
| #define _GNU_SOURCE 1
| #define _HPUX_ALT_XOPEN_SOCKET_API 1
| #define _NETBSD_SOURCE 1
| #define _OPENBSD_SOURCE 1
| #define _POSIX_PTHREAD_SEMANTICS 1
| #define __STDC_WANT_IEC_60559_ATTRIBS_EXT__ 1
| #define __STDC_WANT_IEC_60559_BFP_EXT__ 1
| #define __STDC_WANT_IEC_60559_DFP_EXT__ 1
| #define __STDC_WANT_IEC_60559_EXT__ 1
| #define __STDC_WANT_IEC_60559_FUNCS_EXT__ 1
| #define __STDC_WANT_IEC_60559_TYPES_EXT__ 1
| #define __STDC_WANT_LIB_EXT2__ 1
| #define __STDC_WANT_MATH_SPEC_FUNCS__ 1
| #define _TANDEM_SOURCE 1
| #define __EXTENSIONS__ 1
| #define HAVE_FSEEKO 1
| #define __USE_MINGW_ANSI_STDIO 1
| #define MAJOR_IN_SYSMACROS 1
| #define HAVE_SYS_ACL_H 1
| #define HAVE_POSIX_ACLS /**/
| #define major_t int
| #define minor_t int
| #define HAVE_FCHMOD 1
| #define HAVE_FLOCKFILE 1
| #define HAVE_FUNLOCKFILE 1
| #define HAVE_PATHCONF 1
| #define HAVE_BTOWC 1
| #define HAVE_MBRTOWC 1
| #define HAVE_MBSINIT 1
| #define HAVE_CANONICALIZE_FILE_NAME 1
| #define HAVE_REALPATH 1
| #define HAVE_LSTAT 1
| #define HAVE_CHOWN 1
| #define HAVE_FCHOWN 1
| #define HAVE_FCHDIR 1
| #define HAVE_FDOPENDIR 1
| #define HAVE_FCHMODAT 1
| #define HAVE_LCHMOD 1
| #define HAVE_FCNTL 1
| #define HAVE_SYMLINK 1
| #define HAVE_LISTXATTR 1
| #define HAVE_FNMATCH 1
| #define HAVE_MBSRTOWCS 1
| #define HAVE_FSTATAT 1
| #define HAVE_GETDTABLESIZE 1
| #define HAVE_GETTIMEOFDAY 1
| #define HAVE_ISBLANK 1
| #define HAVE_ISWCNTRL 1
| #define HAVE_LINK 1
| #define HAVE_READLINK 1
| #define HAVE_OPENAT 1
| #define HAVE_MPROTECT 1
| #define HAVE_MKDIRAT 1
| #define HAVE_MKNOD 1
| #define HAVE_PIPE 1
| #define HAVE_ISWCTYPE 1
| #define HAVE_RENAMEAT 1
| #define HAVE_SETENV 1
| #define HAVE_SLEEP 1
| #define HAVE_SNPRINTF 1
| #define HAVE_STRNDUP 1
| #define HAVE_STRTOIMAX 1
| #define HAVE_STRTOUMAX 1
| #define HAVE_LOCALTIME_R 1
| #define HAVE_UNLINKAT 1
| #define HAVE_WCRTOMB 1
| #define HAVE_WCWIDTH 1
| #define HAVE_MKFIFO 1
| #define HAVE_SETLOCALE 1
| #define HAVE_FSYNC 1
| #define HAVE_SYS_ACL_H 1
| #define HAVE_ACL_GET_FILE 1
| #define HAVE_ACL_GET_FD 1
| #define HAVE_ACL_SET_FILE 1
| #define HAVE_ACL_SET_FD 1
| #define HAVE_ACL_FREE 1
| #define HAVE_ACL_FROM_MODE 1
| #define HAVE_ACL_FROM_TEXT 1
| #define HAVE_ACL_DELETE_DEF_FILE 1
| #define HAVE_ACL_EXTENDED_FILE 1
| #define HAVE_ACL_LIBACL_H 1
| #define HAVE_ACL_ENTRIES 1
| #define HAVE_ACL_FIRST_ENTRY 1
| #define USE_ACL 1
| #define HAVE_ALLOCA_H 1
| #define HAVE_ALLOCA 1
| #define restrict __restrict__
| #define HAVE_DECL_CLEARERR_UNLOCKED 1
| #define HAVE_DECL_FEOF_UNLOCKED 1
| #define HAVE_DECL_FERROR_UNLOCKED 1
| #define HAVE_DECL_FFLUSH_UNLOCKED 1
| #define HAVE_DECL_FGETS_UNLOCKED 1
| #define HAVE_DECL_FPUTC_UNLOCKED 1
| #define HAVE_DECL_FPUTS_UNLOCKED 1
| #define HAVE_DECL_FREAD_UNLOCKED 1
| #define HAVE_DECL_FWRITE_UNLOCKED 1
| #define HAVE_DECL_GETC_UNLOCKED 1
| #define HAVE_DECL_GETCHAR_UNLOCKED 1
| #define HAVE_DECL_PUTC_UNLOCKED 1
| #define HAVE_DECL_PUTCHAR_UNLOCKED 1
| #define HAVE_DECL_STRERROR_R 1
| #define HAVE_STRERROR_R 1
| #define STRERROR_R_CHAR_P 1
| #define HAVE_LONG_FILE_NAMES 1
| #define HAVE_LANGINFO_CODESET 1
| #define BITSIZEOF_WCHAR_T 32
| #define HAVE_MBSTATE_T 1
| #define HAVE_WORKING_MBRTOC32 1
| #define HAVE_MALLOC_POSIX 1
| #define LSTAT_FOLLOWS_SLASHED_SYMLINK 1
| #define FUNC_REALPATH_WORKS 1
| #define HAVE_FACCESSAT 1
| #define HAVE_GETCWD 1
| #define HAVE_UNISTD_H 1
| #define HAVE_CHOWN 1
| #define HAVE_ENVIRON_DECL 1
| #define HAVE_ERROR 1
| #define GETGROUPS_T gid_t
| #define HAVE_DECL_FCHDIR 1
| #define HAVE_WORKING_O_NOATIME 1
| #define HAVE_WORKING_O_NOFOLLOW 1
| #define PROMOTED_MODE_T mode_t
| #define FUNC_FFLUSH_STDIN 1
| #define _USE_STD_STAT 1
| #define HAVE_DECL_FSEEKO 1
| #define FUNC_FFLUSH_STDIN 1
| #define HAVE_DECL_GETCWD 1
| #define HAVE_DECL_GETDELIM 1
| #define HAVE_DECL_GETDTABLESIZE 1
| #define HAVE_DECL_GETLINE 1
| #define HAVE_GETOPT_H 1
| #define HAVE_GETOPT_LONG_ONLY 1
| #define HAVE_PTHREAD_API 1
| #define SETLOCALE_NULL_ALL_MTSAFE 1
| #define SETLOCALE_NULL_ONE_MTSAFE 1
| #define HAVE_WINT_T 1
| #define HAVE_LONG_LONG_INT 1
| #define HAVE_UNSIGNED_LONG_LONG_INT 1
| #define HAVE_TOWLOWER 1
| #define HAVE_WCHAR_T 1
| #define MALLOC_0_IS_NONNULL 1
| #define HAVE_MAP_ANONYMOUS 1
| #define HAVE_DECL_MEMRCHR 1
| #define HAVE_MINMAX_IN_SYS_PARAM_H 1
| #define TIME_T_IS_SIGNED 1
| #define HAVE_DECL_ALARM 1
| #define HAVE_STRUCT_TM_TM_ZONE 1
| #define HAVE_TM_ZONE 1
| #define HAVE_TM_GMTOFF 1
| #define HAVE_COMPOUND_LITERALS 1
| #define HAVE_DECL_SETENV 1
| #define HAVE_SEARCH_H 1
| #define HAVE_TSEARCH 1
| #define HAVE_SIGSET_T 1
| /* end confdefs.h.  */
| 
| #include <signal.h>
| 
| 
| int
| main (void)
| {
| if (sizeof ((sighandler_t)))
| 	    return 0;
|   ;
|   return 0;
| }
configure:22651: result: yes
configure:22677: checking whether snprintf returns a byte count as in C99
configure:22772: gcc -o conftest -g -O2   conftest.c -lacl  >&5
configure:22772: $? = 0
configure:22772: ./conftest
configure:22772: $? = 0
configure:22784: result: yes
configure:22789: checking whether printf supports POSIX/XSI format strings with positions
configure:22826: gcc -o conftest -g -O2   conftest.c -lacl  >&5
configure:22826: $? = 0
configure:22826: ./conftest
configure:22826: $? = 0
configure:22838: result: yes
configure:22841: checking whether snprintf is declared
configure:22841: gcc -c -g -O2   conftest.c >&5
configure:22841: $? = 0
configure:22841: result: yes
configure:22864: checking whether fcloseall is declared
configure:22864: gcc -c -g -O2   conftest.c >&5
configure:22864: $? = 0
configure:22864: result: yes
configure:22873: checking whether getw is declared
configure:22873: gcc -c -g -O2   conftest.c >&5
configure:22873: $? = 0
configure:22873: result: yes
configure:22882: checking whether putw is declared
configure:22882: gcc -c -g -O2   conftest.c >&5
configure:22882: $? = 0
configure:22882: result: yes
configure:22966: checking which flavor of printf attribute matches inttypes macros
configure:22994: gcc -c -g -O2  conftest.c >&5
configure:22994: $? = 0
configure:23002: result: system
configure:23038: checking whether ecvt is declared
configure:23038: gcc -c -g -O2   conftest.c >&5
configure:23038: $? = 0
configure:23038: result: yes
configure:23047: checking whether fcvt is declared
configure:23047: gcc -c -g -O2   conftest.c >&5
configure:23047: $? = 0
configure:23047: result: yes
configure:23056: checking whether gcvt is declared
configure:23056: gcc -c -g -O2   conftest.c >&5
configure:23056: $? = 0
configure:23056: result: yes
configure:23148: checking whether MB_CUR_MAX is correct
configure:23182: gcc -o conftest -g -O2   conftest.c -lacl  >&5
configure:23182: $? = 0
configure:23182: ./conftest
configure:23182: $? = 0
configure:23195: result: yes
configure:23220: checking whether strdup is declared
configure:23220: gcc -c -g -O2   conftest.c >&5
configure:23220: $? = 0
configure:23220: result: yes
configure:23231: checking whether strerror(0) succeeds
configure:23272: gcc -o conftest -g -O2   conftest.c -lacl  >&5
configure:23272: $? = 0
configure:23272: ./conftest
configure:23272: $? = 0
configure:23284: result: yes
configure:23476: checking whether strndup is declared
configure:23476: gcc -c -g -O2   conftest.c >&5
configure:23476: $? = 0
configure:23476: result: yes
configure:23486: checking whether strnlen is declared
configure:23486: gcc -c -g -O2   conftest.c >&5
configure:23486: $? = 0
configure:23486: result: yes
configure:23496: checking whether strtoimax is declared
configure:23496: gcc -c -g -O2   conftest.c >&5
configure:23496: $? = 0
configure:23496: result: yes
configure:23506: checking whether strtoumax is declared
configure:23506: gcc -c -g -O2   conftest.c >&5
configure:23506: $? = 0
configure:23506: result: yes
configure:23618: checking for struct timespec in <time.h>
configure:23636: gcc -c -g -O2  conftest.c >&5
configure:23636: $? = 0
configure:23644: result: yes
configure:23838: checking for TIME_UTC in <time.h>
configure:23856: gcc -c -g -O2  conftest.c >&5
configure:23856: $? = 0
configure:23864: result: yes
configure:24491: checking whether execvpe is declared
configure:24491: gcc -c -g -O2   conftest.c >&5
configure:24491: $? = 0
configure:24491: result: yes
configure:24605: checking whether unsetenv is declared
configure:24605: gcc -c -g -O2   conftest.c >&5
configure:24605: $? = 0
configure:24605: result: yes
configure:24726: checking whether the utimes function works
configure:24867: gcc -o conftest -g -O2   conftest.c -lacl  >&5
configure:24867: $? = 0
configure:24867: ./conftest
configure:24867: $? = 0
configure:24879: result: yes
configure:24901: checking for inttypes.h
configure:24921: gcc -c -g -O2  conftest.c >&5
configure:24921: $? = 0
configure:24929: result: yes
configure:24938: checking for stdint.h
configure:24956: gcc -c -g -O2  conftest.c >&5
configure:24956: $? = 0
configure:24964: result: yes
configure:24975: checking for intmax_t
configure:25001: gcc -c -g -O2  conftest.c >&5
configure:25001: $? = 0
configure:25009: result: yes
configure:25024: checking whether snprintf truncates the result as in C99
configure:25109: gcc -o conftest -g -O2   conftest.c -lacl  >&5
configure:25109: $? = 0
configure:25109: ./conftest
configure:25109: $? = 0
configure:25121: result: yes
configure:25125: checking where to find the exponent in a 'double'
configure:25451: gcc -o conftest -g -O2   conftest.c -lacl  >&5
configure:25451: $? = 0
configure:25451: ./conftest
configure:25451: $? = 0
configure:25464: result: word 1 bit 20
configure:25483: checking for wcslen
configure:25483: gcc -o conftest -g -O2   conftest.c -lacl  >&5
configure:25483: $? = 0
configure:25483: result: yes
configure:25493: checking for snprintf
configure:25493: result: yes
configure:25499: checking for strnlen
configure:25499: gcc -o conftest -g -O2   conftest.c -lacl  >&5
conftest.c:249:6: warning: conflicting types for built-in function 'strnlen'; expected 'long unsigned int(const char *, long unsigned int)' [-Wbuiltin-declaration-mismatch]
  249 | char strnlen ();
      |      ^~~~~~~
configure:25499: $? = 0
configure:25499: result: yes
configure:25505: checking for wcrtomb
configure:25505: result: yes
configure:25512: checking whether _snprintf is declared
configure:25512: gcc -c -g -O2   conftest.c >&5
conftest.c: In function 'main':
conftest.c:244:10: error: '_snprintf' undeclared (first use in this function); did you mean 'vsnprintf'?
  244 |   (void) _snprintf;
      |          ^~~~~~~~~
      |          vsnprintf
conftest.c:244:10: note: each undeclared identifier is reported only once for each function it appears in
configure:25512: $? = 1
configure: failed program was:
| /* confdefs.h */
| #define PACKAGE_NAME "GNU tar"
| #define PACKAGE_TARNAME "tar"
| #define PACKAGE_VERSION "1.35"
| #define PACKAGE_STRING "GNU tar 1.35"
| #define PACKAGE_BUGREPORT "bug-tar@gnu.org"
| #define PACKAGE_URL "https://www.gnu.org/software/tar/"
| #define PACKAGE "tar"
| #define VERSION "1.35"
| #define HAVE_STDIO_H 1
| #define HAVE_STDLIB_H 1
| #define HAVE_STRING_H 1
| #define HAVE_INTTYPES_H 1
| #define HAVE_STDINT_H 1
| #define HAVE_STRINGS_H 1
| #define HAVE_SYS_STAT_H 1
| #define HAVE_SYS_TYPES_H 1
| #define HAVE_UNISTD_H 1
| #define HAVE_WCHAR_H 1
| #define HAVE_FCNTL_H 1
| #define HAVE_LINUX_FD_H 1
| #define HAVE_MEMORY_H 1
| #define HAVE_SGTTY_H 1
| #define HAVE_SYS_PARAM_H 1
| #define HAVE_SYS_MTIO_H 1
| #define HAVE_SYS_TIME_H 1
| #define HAVE_LOCALE_H 1
| #define HAVE_FEATURES_H 1
| #define HAVE_UCHAR_H 1
| #define HAVE_SYS_SOCKET_H 1
| #define HAVE_DIRENT_H 1
| #define HAVE_ERROR_H 1
| #define HAVE_LINUX_XATTR_H 1
| #define HAVE_FNMATCH_H 1
| #define HAVE_STDIO_EXT_H 1
| #define HAVE_GETOPT_H 1
| #define HAVE_SYS_CDEFS_H 1
| #define HAVE_THREADS_H 1
| #define HAVE_LIMITS_H 1
| #define HAVE_WCTYPE_H 1
| #define HAVE_LANGINFO_H 1
| #define HAVE_SYS_MMAN_H 1
| #define HAVE_MALLOC_H 1
| #define HAVE_STDBOOL_H 1
| #define HAVE_STDCKDINT_H 1
| #define HAVE_SYS_RANDOM_H 1
| #define HAVE_SYSEXITS_H 1
| #define HAVE_UTIME_H 1
| #define HAVE_NETDB_H 1
| #define HAVE_SYS_WAIT_H 1
| #define HAVE_PWD_H 1
| #define HAVE_GRP_H 1
| #define STDC_HEADERS 1
| #define _ALL_SOURCE 1
| #define _DARWIN_C_SOURCE 1
| #define _GNU_SOURCE 1
| #define _HPUX_ALT_XOPEN_SOCKET_API 1
| #define _NETBSD_SOURCE 1
| #define _OPENBSD_SOURCE 1
| #define _POSIX_PTHREAD_SEMANTICS 1
| #define __STDC_WANT_IEC_60559_ATTRIBS_EXT__ 1
| #define __STDC_WANT_IEC_60559_BFP_EXT__ 1
| #define __STDC_WANT_IEC_60559_DFP_EXT__ 1
| #define __STDC_WANT_IEC_60559_EXT__ 1
| #define __STDC_WANT_IEC_60559_FUNCS_EXT__ 1
| #define __STDC_WANT_IEC_60559_TYPES_EXT__ 1
| #define __STDC_WANT_LIB_EXT2__ 1
| #define __STDC_WANT_MATH_SPEC_FUNCS__ 1
| #define _TANDEM_SOURCE 1
| #define __EXTENSIONS__ 1
| #define HAVE_FSEEKO 1
| #define __USE_MINGW_ANSI_STDIO 1
| #define MAJOR_IN_SYSMACROS 1
| #define HAVE_SYS_ACL_H 1
| #define HAVE_POSIX_ACLS /**/
| #define major_t int
| #define minor_t int
| #define HAVE_FCHMOD 1
| #define HAVE_FLOCKFILE 1
| #define HAVE_FUNLOCKFILE 1
| #define HAVE_PATHCONF 1
| #define HAVE_BTOWC 1
| #define HAVE_MBRTOWC 1
| #define HAVE_MBSINIT 1
| #define HAVE_CANONICALIZE_FILE_NAME 1
| #define HAVE_REALPATH 1
| #define HAVE_LSTAT 1
| #define HAVE_CHOWN 1
| #define HAVE_FCHOWN 1
| #define HAVE_FCHDIR 1
| #define HAVE_FDOPENDIR 1
| #define HAVE_FCHMODAT 1
| #define HAVE_LCHMOD 1
| #define HAVE_FCNTL 1
| #define HAVE_SYMLINK 1
| #define HAVE_LISTXATTR 1
| #define HAVE_FNMATCH 1
| #define HAVE_MBSRTOWCS 1
| #define HAVE_FSTATAT 1
| #define HAVE_GETDTABLESIZE 1
| #define HAVE_GETTIMEOFDAY 1
| #define HAVE_ISBLANK 1
| #define HAVE_ISWCNTRL 1
| #define HAVE_LINK 1
| #define HAVE_READLINK 1
| #define HAVE_OPENAT 1
| #define HAVE_MPROTECT 1
| #define HAVE_MKDIRAT 1
| #define HAVE_MKNOD 1
| #define HAVE_PIPE 1
| #define HAVE_ISWCTYPE 1
| #define HAVE_RENAMEAT 1
| #define HAVE_SETENV 1
| #define HAVE_SLEEP 1
| #define HAVE_SNPRINTF 1
| #define HAVE_STRNDUP 1
| #define HAVE_STRTOIMAX 1
| #define HAVE_STRTOUMAX 1
| #define HAVE_LOCALTIME_R 1
| #define HAVE_UNLINKAT 1
| #define HAVE_WCRTOMB 1
| #define HAVE_WCWIDTH 1
| #define HAVE_MKFIFO 1
| #define HAVE_SETLOCALE 1
| #define HAVE_FSYNC 1
| #define HAVE_SYS_ACL_H 1
| #define HAVE_ACL_GET_FILE 1
| #define HAVE_ACL_GET_FD 1
| #define HAVE_ACL_SET_FILE 1
| #define HAVE_ACL_SET_FD 1
| #define HAVE_ACL_FREE 1
| #define HAVE_ACL_FROM_MODE 1
| #define HAVE_ACL_FROM_TEXT 1
| #define HAVE_ACL_DELETE_DEF_FILE 1
| #define HAVE_ACL_EXTENDED_FILE 1
| #define HAVE_ACL_LIBACL_H 1
| #define HAVE_ACL_ENTRIES 1
| #define HAVE_ACL_FIRST_ENTRY 1
| #define USE_ACL 1
| #define HAVE_ALLOCA_H 1
| #define HAVE_ALLOCA 1
| #define restrict __restrict__
| #define HAVE_DECL_CLEARERR_UNLOCKED 1
| #define HAVE_DECL_FEOF_UNLOCKED 1
| #define HAVE_DECL_FERROR_UNLOCKED 1
| #define HAVE_DECL_FFLUSH_UNLOCKED 1
| #define HAVE_DECL_FGETS_UNLOCKED 1
| #define HAVE_DECL_FPUTC_UNLOCKED 1
| #define HAVE_DECL_FPUTS_UNLOCKED 1
| #define HAVE_DECL_FREAD_UNLOCKED 1
| #define HAVE_DECL_FWRITE_UNLOCKED 1
| #define HAVE_DECL_GETC_UNLOCKED 1
| #define HAVE_DECL_GETCHAR_UNLOCKED 1
| #define HAVE_DECL_PUTC_UNLOCKED 1
| #define HAVE_DECL_PUTCHAR_UNLOCKED 1
| #define HAVE_DECL_STRERROR_R 1
| #define HAVE_STRERROR_R 1
| #define STRERROR_R_CHAR_P 1
| #define HAVE_LONG_FILE_NAMES 1
| #define HAVE_LANGINFO_CODESET 1
| #define BITSIZEOF_WCHAR_T 32
| #define HAVE_MBSTATE_T 1
| #define HAVE_WORKING_MBRTOC32 1
| #define HAVE_MALLOC_POSIX 1
| #define LSTAT_FOLLOWS_SLASHED_SYMLINK 1
| #define FUNC_REALPATH_WORKS 1
| #define HAVE_FACCESSAT 1
| #define HAVE_GETCWD 1
| #define HAVE_UNISTD_H 1
| #define HAVE_CHOWN 1
| #define HAVE_ENVIRON_DECL 1
| #define HAVE_ERROR 1
| #define GETGROUPS_T gid_t
| #define HAVE_DECL_FCHDIR 1
| #define HAVE_WORKING_O_NOATIME 1
| #define HAVE_WORKING_O_NOFOLLOW 1
| #define PROMOTED_MODE_T mode_t
| #define FUNC_FFLUSH_STDIN 1
| #define _USE_STD_STAT 1
| #define HAVE_DECL_FSEEKO 1
| #define FUNC_FFLUSH_STDIN 1
| #define HAVE_DECL_GETCWD 1
| #define HAVE_DECL_GETDELIM 1
| #define HAVE_DECL_GETDTABLESIZE 1
| #define HAVE_DECL_GETLINE 1
| #define HAVE_GETOPT_H 1
| #define HAVE_GETOPT_LONG_ONLY 1
| #define HAVE_PTHREAD_API 1
| #define SETLOCALE_NULL_ALL_MTSAFE 1
| #define SETLOCALE_NULL_ONE_MTSAFE 1
| #define HAVE_WINT_T 1
| #define HAVE_LONG_LONG_INT 1
| #define HAVE_UNSIGNED_LONG_LONG_INT 1
| #define HAVE_TOWLOWER 1
| #define HAVE_WCHAR_T 1
| #define MALLOC_0_IS_NONNULL 1
| #define HAVE_MAP_ANONYMOUS 1
| #define HAVE_DECL_MEMRCHR 1
| #define HAVE_MINMAX_IN_SYS_PARAM_H 1
| #define TIME_T_IS_SIGNED 1
| #define HAVE_DECL_ALARM 1
| #define HAVE_STRUCT_TM_TM_ZONE 1
| #define HAVE_TM_ZONE 1
| #define HAVE_TM_GMTOFF 1
| #define HAVE_COMPOUND_LITERALS 1
| #define HAVE_DECL_SETENV 1
| #define HAVE_SEARCH_H 1
| #define HAVE_TSEARCH 1
| #define HAVE_SIGSET_T 1
| #define HAVE_DECL_SNPRINTF 1
| #define HAVE_DECL_FCLOSEALL 1
| #define HAVE_DECL_GETW 1
| #define HAVE_DECL_PUTW 1
| #define HAVE_DECL_ECVT 1
| #define HAVE_DECL_FCVT 1
| #define HAVE_DECL_GCVT 1
| #define HAVE_DECL_STRDUP 1
| #define HAVE_DECL_STRNDUP 1
| #define HAVE_DECL_STRNLEN 1
| #define HAVE_DECL_STRTOIMAX 1
| #define HAVE_DECL_STRTOUMAX 1
| #define HAVE_DECL_EXECVPE 1
| #define HAVE_DECL_UNSETENV 1
| #define HAVE_WORKING_UTIMES 1
| #define HAVE_INTTYPES_H_WITH_UINTMAX 1
| #define HAVE_STDINT_H_WITH_UINTMAX 1
| #define HAVE_INTMAX_T 1
| #define DBL_EXPBIT0_WORD 1
| #define DBL_EXPBIT0_BIT 20
| #define HAVE_WCSLEN 1
| #define HAVE_SNPRINTF 1
| #define HAVE_STRNLEN 1
| #define HAVE_WCRTOMB 1
| /* end confdefs.h.  */
| #include <stdio.h>
| 
| int
| main (void)
| {
| #ifndef _snprintf
| #ifdef __cplusplus
|   (void) _snprintf;
| #else
|   (void) _snprintf;
| #endif
| #endif
| 
|   ;
|   return 0;
| }
configure:25512: result: no
configure:25540: checking whether vsnprintf is declared
configure:25540: gcc -c -g -O2   conftest.c >&5
configure:25540: $? = 0
configure:25540: result: yes
configure:25656: checking whether wcsdup is declared
configure:25656: gcc -c -g -O2   conftest.c >&5
configure:25656: $? = 0
configure:25656: result: yes
configure:25676: checking for C compiler option to allow warnings
configure:25685: gcc -g -O2  -c conftest.c 2>conftest1.err
configure:25688: $? = 0
configure:25691: gcc -g -O2  -Wno-error -c conftest.c 2>conftest2.err
configure:25694: $? = 0
configure:25704: result: -Wno-error
configure:25744: gcc -g -O2  -E conftest.c > conftest.out
configure:25747: $? = 0
configure:25788: checking for alignas and alignof
configure:25846: gcc -c -g -O2  conftest.c >&5
configure:25846: $? = 0
configure:25858: result: yes, keywords
configure:25880: checking for alloca as a compiler built-in
configure:25906: result: yes
configure:25975: checking whether program_invocation_name is declared
configure:25975: gcc -c -g -O2   conftest.c >&5
configure:25975: $? = 0
configure:25975: result: yes
configure:25993: checking whether program_invocation_short_name is declared
configure:25993: gcc -c -g -O2   conftest.c >&5
configure:25993: $? = 0
configure:25993: result: yes
configure:26016: checking whether program_invocation_name is defined
configure:26029: gcc -o conftest -g -O2   conftest.c -lacl  >&5
configure:26029: $? = 0
configure:26034: result: yes
configure:26044: checking whether program_invocation_short_name is defined
configure:26057: gcc -o conftest -g -O2   conftest.c -lacl  >&5
configure:26057: $? = 0
configure:26062: result: yes
configure:26098: checking for static_assert
configure:26136: gcc -c -g -O2  conftest.c >&5
configure:26136: $? = 0
configure:26147: result: yes, a keyword
configure:26289: checking whether btowc(0) is correct
configure:26320: gcc -o conftest -g -O2   conftest.c -lacl  >&5
configure:26320: $? = 0
configure:26320: ./conftest
configure:26320: $? = 0
configure:26332: result: yes
configure:26335: checking whether btowc(EOF) is correct
configure:26371: gcc -o conftest -g -O2   conftest.c -lacl  >&5
configure:26371: $? = 0
configure:26371: ./conftest
configure:26371: $? = 0
configure:26384: result: yes
configure:26388: checking whether btowc is consistent with mbrtowc in the C locale
configure:26442: gcc -o conftest -g -O2   conftest.c -lacl  >&5
configure:26442: $? = 0
configure:26442: ./conftest
configure:26442: $? = 1
configure: program exited with status 1
configure: failed program was:
| /* confdefs.h */
| #define PACKAGE_NAME "GNU tar"
| #define PACKAGE_TARNAME "tar"
| #define PACKAGE_VERSION "1.35"
| #define PACKAGE_STRING "GNU tar 1.35"
| #define PACKAGE_BUGREPORT "bug-tar@gnu.org"
| #define PACKAGE_URL "https://www.gnu.org/software/tar/"
| #define PACKAGE "tar"
| #define VERSION "1.35"
| #define HAVE_STDIO_H 1
| #define HAVE_STDLIB_H 1
| #define HAVE_STRING_H 1
| #define HAVE_INTTYPES_H 1
| #define HAVE_STDINT_H 1
| #define HAVE_STRINGS_H 1
| #define HAVE_SYS_STAT_H 1
| #define HAVE_SYS_TYPES_H 1
| #define HAVE_UNISTD_H 1
| #define HAVE_WCHAR_H 1
| #define HAVE_FCNTL_H 1
| #define HAVE_LINUX_FD_H 1
| #define HAVE_MEMORY_H 1
| #define HAVE_SGTTY_H 1
| #define HAVE_SYS_PARAM_H 1
| #define HAVE_SYS_MTIO_H 1
| #define HAVE_SYS_TIME_H 1
| #define HAVE_LOCALE_H 1
| #define HAVE_FEATURES_H 1
| #define HAVE_UCHAR_H 1
| #define HAVE_SYS_SOCKET_H 1
| #define HAVE_DIRENT_H 1
| #define HAVE_ERROR_H 1
| #define HAVE_LINUX_XATTR_H 1
| #define HAVE_FNMATCH_H 1
| #define HAVE_STDIO_EXT_H 1
| #define HAVE_GETOPT_H 1
| #define HAVE_SYS_CDEFS_H 1
| #define HAVE_THREADS_H 1
| #define HAVE_LIMITS_H 1
| #define HAVE_WCTYPE_H 1
| #define HAVE_LANGINFO_H 1
| #define HAVE_SYS_MMAN_H 1
| #define HAVE_MALLOC_H 1
| #define HAVE_STDBOOL_H 1
| #define HAVE_STDCKDINT_H 1
| #define HAVE_SYS_RANDOM_H 1
| #define HAVE_SYSEXITS_H 1
| #define HAVE_UTIME_H 1
| #define HAVE_NETDB_H 1
| #define HAVE_SYS_WAIT_H 1
| #define HAVE_PWD_H 1
| #define HAVE_GRP_H 1
| #define STDC_HEADERS 1
| #define _ALL_SOURCE 1
| #define _DARWIN_C_SOURCE 1
| #define _GNU_SOURCE 1
| #define _HPUX_ALT_XOPEN_SOCKET_API 1
| #define _NETBSD_SOURCE 1
| #define _OPENBSD_SOURCE 1
| #define _POSIX_PTHREAD_SEMANTICS 1
| #define __STDC_WANT_IEC_60559_ATTRIBS_EXT__ 1
| #define __STDC_WANT_IEC_60559_BFP_EXT__ 1
| #define __STDC_WANT_IEC_60559_DFP_EXT__ 1
| #define __STDC_WANT_IEC_60559_EXT__ 1
| #define __STDC_WANT_IEC_60559_FUNCS_EXT__ 1
| #define __STDC_WANT_IEC_60559_TYPES_EXT__ 1
| #define __STDC_WANT_LIB_EXT2__ 1
| #define __STDC_WANT_MATH_SPEC_FUNCS__ 1
| #define _TANDEM_SOURCE 1
| #define __EXTENSIONS__ 1
| #define HAVE_FSEEKO 1
| #define __USE_MINGW_ANSI_STDIO 1
| #define MAJOR_IN_SYSMACROS 1
| #define HAVE_SYS_ACL_H 1
| #define HAVE_POSIX_ACLS /**/
| #define major_t int
| #define minor_t int
| #define HAVE_FCHMOD 1
| #define HAVE_FLOCKFILE 1
| #define HAVE_FUNLOCKFILE 1
| #define HAVE_PATHCONF 1
| #define HAVE_BTOWC 1
| #define HAVE_MBRTOWC 1
| #define HAVE_MBSINIT 1
| #define HAVE_CANONICALIZE_FILE_NAME 1
| #define HAVE_REALPATH 1
| #define HAVE_LSTAT 1
| #define HAVE_CHOWN 1
| #define HAVE_FCHOWN 1
| #define HAVE_FCHDIR 1
| #define HAVE_FDOPENDIR 1
| #define HAVE_FCHMODAT 1
| #define HAVE_LCHMOD 1
| #define HAVE_FCNTL 1
| #define HAVE_SYMLINK 1
| #define HAVE_LISTXATTR 1
| #define HAVE_FNMATCH 1
| #define HAVE_MBSRTOWCS 1
| #define HAVE_FSTATAT 1
| #define HAVE_GETDTABLESIZE 1
| #define HAVE_GETTIMEOFDAY 1
| #define HAVE_ISBLANK 1
| #define HAVE_ISWCNTRL 1
| #define HAVE_LINK 1
| #define HAVE_READLINK 1
| #define HAVE_OPENAT 1
| #define HAVE_MPROTECT 1
| #define HAVE_MKDIRAT 1
| #define HAVE_MKNOD 1
| #define HAVE_PIPE 1
| #define HAVE_ISWCTYPE 1
| #define HAVE_RENAMEAT 1
| #define HAVE_SETENV 1
| #define HAVE_SLEEP 1
| #define HAVE_SNPRINTF 1
| #define HAVE_STRNDUP 1
| #define HAVE_STRTOIMAX 1
| #define HAVE_STRTOUMAX 1
| #define HAVE_LOCALTIME_R 1
| #define HAVE_UNLINKAT 1
| #define HAVE_WCRTOMB 1
| #define HAVE_WCWIDTH 1
| #define HAVE_MKFIFO 1
| #define HAVE_SETLOCALE 1
| #define HAVE_FSYNC 1
| #define HAVE_SYS_ACL_H 1
| #define HAVE_ACL_GET_FILE 1
| #define HAVE_ACL_GET_FD 1
| #define HAVE_ACL_SET_FILE 1
| #define HAVE_ACL_SET_FD 1
| #define HAVE_ACL_FREE 1
| #define HAVE_ACL_FROM_MODE 1
| #define HAVE_ACL_FROM_TEXT 1
| #define HAVE_ACL_DELETE_DEF_FILE 1
| #define HAVE_ACL_EXTENDED_FILE 1
| #define HAVE_ACL_LIBACL_H 1
| #define HAVE_ACL_ENTRIES 1
| #define HAVE_ACL_FIRST_ENTRY 1
| #define USE_ACL 1
| #define HAVE_ALLOCA_H 1
| #define HAVE_ALLOCA 1
| #define restrict __restrict__
| #define HAVE_DECL_CLEARERR_UNLOCKED 1
| #define HAVE_DECL_FEOF_UNLOCKED 1
| #define HAVE_DECL_FERROR_UNLOCKED 1
| #define HAVE_DECL_FFLUSH_UNLOCKED 1
| #define HAVE_DECL_FGETS_UNLOCKED 1
| #define HAVE_DECL_FPUTC_UNLOCKED 1
| #define HAVE_DECL_FPUTS_UNLOCKED 1
| #define HAVE_DECL_FREAD_UNLOCKED 1
| #define HAVE_DECL_FWRITE_UNLOCKED 1
| #define HAVE_DECL_GETC_UNLOCKED 1
| #define HAVE_DECL_GETCHAR_UNLOCKED 1
| #define HAVE_DECL_PUTC_UNLOCKED 1
| #define HAVE_DECL_PUTCHAR_UNLOCKED 1
| #define HAVE_DECL_STRERROR_R 1
| #define HAVE_STRERROR_R 1
| #define STRERROR_R_CHAR_P 1
| #define HAVE_LONG_FILE_NAMES 1
| #define HAVE_LANGINFO_CODESET 1
| #define BITSIZEOF_WCHAR_T 32
| #define HAVE_MBSTATE_T 1
| #define HAVE_WORKING_MBRTOC32 1
| #define HAVE_MALLOC_POSIX 1
| #define LSTAT_FOLLOWS_SLASHED_SYMLINK 1
| #define FUNC_REALPATH_WORKS 1
| #define HAVE_FACCESSAT 1
| #define HAVE_GETCWD 1
| #define HAVE_UNISTD_H 1
| #define HAVE_CHOWN 1
| #define HAVE_ENVIRON_DECL 1
| #define HAVE_ERROR 1
| #define GETGROUPS_T gid_t
| #define HAVE_DECL_FCHDIR 1
| #define HAVE_WORKING_O_NOATIME 1
| #define HAVE_WORKING_O_NOFOLLOW 1
| #define PROMOTED_MODE_T mode_t
| #define FUNC_FFLUSH_STDIN 1
| #define _USE_STD_STAT 1
| #define HAVE_DECL_FSEEKO 1
| #define FUNC_FFLUSH_STDIN 1
| #define HAVE_DECL_GETCWD 1
| #define HAVE_DECL_GETDELIM 1
| #define HAVE_DECL_GETDTABLESIZE 1
| #define HAVE_DECL_GETLINE 1
| #define HAVE_GETOPT_H 1
| #define HAVE_GETOPT_LONG_ONLY 1
| #define HAVE_PTHREAD_API 1
| #define SETLOCALE_NULL_ALL_MTSAFE 1
| #define SETLOCALE_NULL_ONE_MTSAFE 1
| #define HAVE_WINT_T 1
| #define HAVE_LONG_LONG_INT 1
| #define HAVE_UNSIGNED_LONG_LONG_INT 1
| #define HAVE_TOWLOWER 1
| #define HAVE_WCHAR_T 1
| #define MALLOC_0_IS_NONNULL 1
| #define HAVE_MAP_ANONYMOUS 1
| #define HAVE_DECL_MEMRCHR 1
| #define HAVE_MINMAX_IN_SYS_PARAM_H 1
| #define TIME_T_IS_SIGNED 1
| #define HAVE_DECL_ALARM 1
| #define HAVE_STRUCT_TM_TM_ZONE 1
| #define HAVE_TM_ZONE 1
| #define HAVE_TM_GMTOFF 1
| #define HAVE_COMPOUND_LITERALS 1
| #define HAVE_DECL_SETENV 1
| #define HAVE_SEARCH_H 1
| #define HAVE_TSEARCH 1
| #define HAVE_SIGSET_T 1
| #define HAVE_DECL_SNPRINTF 1
| #define HAVE_DECL_FCLOSEALL 1
| #define HAVE_DECL_GETW 1
| #define HAVE_DECL_PUTW 1
| #define HAVE_DECL_ECVT 1
| #define HAVE_DECL_FCVT 1
| #define HAVE_DECL_GCVT 1
| #define HAVE_DECL_STRDUP 1
| #define HAVE_DECL_STRNDUP 1
| #define HAVE_DECL_STRNLEN 1
| #define HAVE_DECL_STRTOIMAX 1
| #define HAVE_DECL_STRTOUMAX 1
| #define HAVE_DECL_EXECVPE 1
| #define HAVE_DECL_UNSETENV 1
| #define HAVE_WORKING_UTIMES 1
| #define HAVE_INTTYPES_H_WITH_UINTMAX 1
| #define HAVE_STDINT_H_WITH_UINTMAX 1
| #define HAVE_INTMAX_T 1
| #define DBL_EXPBIT0_WORD 1
| #define DBL_EXPBIT0_BIT 20
| #define HAVE_WCSLEN 1
| #define HAVE_SNPRINTF 1
| #define HAVE_STRNLEN 1
| #define HAVE_WCRTOMB 1
| #define HAVE_DECL__SNPRINTF 0
| #define HAVE_SNPRINTF_RETVAL_C99 1
| #define HAVE_SNPRINTF_TRUNCATION_C99 1
| #define HAVE_DECL_VSNPRINTF 1
| #define HAVE_DECL_WCSDUP 1
| #define HAVE_C_ALIGNASOF 1
| #define HAVE_ALLOCA 1
| #define GNULIB_AREADLINKAT 1
| #define GNULIB_AREADLINKAT_WITH_SIZE 1
| #define HAVE_DECL_PROGRAM_INVOCATION_NAME 1
| #define HAVE_DECL_PROGRAM_INVOCATION_SHORT_NAME 1
| #define HAVE_PROGRAM_INVOCATION_NAME 1
| #define HAVE_PROGRAM_INVOCATION_SHORT_NAME 1
| #define HAVE_C_STATIC_ASSERT 1
| /* end confdefs.h.  */
| 
| #include <stdlib.h>
| #include <string.h>
| #include <wchar.h>
| int main ()
| {
| #if HAVE_MBRTOWC
|   wint_t wc1 = btowc (0x80);
|   wchar_t wc2 = (wchar_t) 0xbadface;
|   char buf[1] = { 0x80 };
|   mbstate_t state;
|   memset (&state, 0, sizeof (mbstate_t));
|   if (mbrtowc (&wc2, buf, 1, &state) != 1 || wc1 != wc2)
|     return 1;
| #endif
|   return 0;
| }
configure:26454: result: no
configure:26584: checking for __builtin_expect
configure:26600: gcc -o conftest -g -O2   conftest.c -lacl  >&5
configure:26600: $? = 0
configure:26627: result: yes
configure:26952: checking whether calloc (0, n) and calloc (n, 0) return nonnull
configure:26984: gcc -o conftest -g -O2   conftest.c -lacl  >&5
configure:26984: $? = 0
configure:26984: ./conftest
configure:26984: $? = 0
configure:27008: result: yes
configure:27172: checking for readlinkat
configure:27209: checking for readlinkat
configure:27209: gcc -o conftest -g -O2   conftest.c -lacl  >&5
configure:27209: $? = 0
configure:27209: result: yes
configure:27224: result: yes
configure:27259: checking whether this system supports file names of any length
configure:27302: result: no
configure:27326: checking whether chmod works
configure:27403: gcc -o conftest -g -O2   conftest.c -lacl  >&5
configure:27403: $? = 0
configure:27403: ./conftest
configure:27403: $? = 0
configure:27416: result: yes
configure:27523: checking for library containing clock_gettime
configure:27553: gcc -o conftest -g -O2   conftest.c -lacl  >&5
configure:27553: $? = 0
configure:27573: result: none required
configure:27583: checking for clock_getres
configure:27583: gcc -o conftest -g -O2   conftest.c -lacl  >&5
configure:27583: $? = 0
configure:27583: result: yes
configure:27589: checking for clock_gettime
configure:27589: gcc -o conftest -g -O2   conftest.c -lacl  >&5
configure:27589: $? = 0
configure:27589: result: yes
configure:27595: checking for clock_settime
configure:27595: gcc -o conftest -g -O2   conftest.c -lacl  >&5
configure:27595: $? = 0
configure:27595: result: yes
configure:27654: checking for closedir
configure:27654: gcc -o conftest -g -O2   conftest.c -lacl  >&5
configure:27654: $? = 0
configure:27654: result: yes
configure:28467: checking for d_ino member in directory struct
configure:28528: result: no
configure:28560: checking for dirfd
configure:28560: gcc -o conftest -g -O2   conftest.c -lacl  >&5
configure:28560: $? = 0
configure:28560: result: yes
configure:28567: checking whether dirfd is declared
configure:28567: gcc -c -g -O2   conftest.c >&5
configure:28567: $? = 0
configure:28567: result: yes
configure:28582: checking whether dirfd is a macro
configure:28607: result: no
configure:28716: checking whether // is distinct from /
configure:28746: result: no
configure:28774: checking whether dup works
configure:28810: gcc -o conftest -g -O2   conftest.c -lacl  >&5
configure:28810: $? = 0
configure:28810: ./conftest
configure:28810: $? = 0
configure:28822: result: yes
configure:28872: checking whether dup2 works
configure:28965: gcc -o conftest -g -O2   conftest.c -lacl  >&5
configure:28965: $? = 0
configure:28965: ./conftest
configure:28965: $? = 0
configure:28977: result: yes
configure:29139: checking for euidaccess
configure:29139: gcc -o conftest -g -O2   conftest.c -lacl  >&5
configure:29139: $? = 0
configure:29139: result: yes
configure:29466: checking for faccessat
configure:29518: result: yes
configure:29714: checking whether fchmodat works
configure:29786: gcc -o conftest -g -O2   conftest.c -lacl  >&5
configure:29786: $? = 0
configure:29786: ./conftest
configure:29786: $? = 0
configure:29802: result: yes
configure:29933: checking for fchownat
configure:29933: gcc -o conftest -g -O2   conftest.c -lacl  >&5
configure:29933: $? = 0
configure:29933: result: yes
configure:29939: checking whether fchownat works with AT_SYMLINK_NOFOLLOW
configure:29975: gcc -o conftest -g -O2   conftest.c -lacl  >&5
configure:29975: $? = 0
configure:29975: ./conftest
configure:29975: $? = 0
configure:29987: result: yes
configure:30001: checking whether fchownat works with an empty file name
configure:30040: gcc -o conftest -g -O2   conftest.c -lacl  >&5
configure:30040: $? = 0
configure:30040: ./conftest
configure:30040: $? = 0
configure:30052: result: yes
configure:30120: checking whether fcntl handles F_DUPFD correctly
configure:30184: gcc -o conftest -g -O2   conftest.c -lacl  >&5
configure:30184: $? = 0
configure:30184: ./conftest
configure:30184: $? = 0
configure:30195: result: yes
configure:30213: checking whether fcntl understands F_DUPFD_CLOEXEC
configure:30248: gcc -o conftest -g -O2   conftest.c -lacl  >&5
configure:30248: $? = 0
configure:30248: ./conftest
configure:30248: $? = 0
configure:30267: gcc -c -g -O2  conftest.c >&5
conftest.c:302:1: error: unknown type name 'choke'
  302 | choke me
      | ^~~~~
conftest.c:302:9: error: expected ';' before 'int'
  302 | choke me
      |         ^
      |         ;
......
  305 | int
      | ~~~      
configure:30267: $? = 1
configure: failed program was:
| /* confdefs.h */
| #define PACKAGE_NAME "GNU tar"
| #define PACKAGE_TARNAME "tar"
| #define PACKAGE_VERSION "1.35"
| #define PACKAGE_STRING "GNU tar 1.35"
| #define PACKAGE_BUGREPORT "bug-tar@gnu.org"
| #define PACKAGE_URL "https://www.gnu.org/software/tar/"
| #define PACKAGE "tar"
| #define VERSION "1.35"
| #define HAVE_STDIO_H 1
| #define HAVE_STDLIB_H 1
| #define HAVE_STRING_H 1
| #define HAVE_INTTYPES_H 1
| #define HAVE_STDINT_H 1
| #define HAVE_STRINGS_H 1
| #define HAVE_SYS_STAT_H 1
| #define HAVE_SYS_TYPES_H 1
| #define HAVE_UNISTD_H 1
| #define HAVE_WCHAR_H 1
| #define HAVE_FCNTL_H 1
| #define HAVE_LINUX_FD_H 1
| #define HAVE_MEMORY_H 1
| #define HAVE_SGTTY_H 1
| #define HAVE_SYS_PARAM_H 1
| #define HAVE_SYS_MTIO_H 1
| #define HAVE_SYS_TIME_H 1
| #define HAVE_LOCALE_H 1
| #define HAVE_FEATURES_H 1
| #define HAVE_UCHAR_H 1
| #define HAVE_SYS_SOCKET_H 1
| #define HAVE_DIRENT_H 1
| #define HAVE_ERROR_H 1
| #define HAVE_LINUX_XATTR_H 1
| #define HAVE_FNMATCH_H 1
| #define HAVE_STDIO_EXT_H 1
| #define HAVE_GETOPT_H 1
| #define HAVE_SYS_CDEFS_H 1
| #define HAVE_THREADS_H 1
| #define HAVE_LIMITS_H 1
| #define HAVE_WCTYPE_H 1
| #define HAVE_LANGINFO_H 1
| #define HAVE_SYS_MMAN_H 1
| #define HAVE_MALLOC_H 1
| #define HAVE_STDBOOL_H 1
| #define HAVE_STDCKDINT_H 1
| #define HAVE_SYS_RANDOM_H 1
| #define HAVE_SYSEXITS_H 1
| #define HAVE_UTIME_H 1
| #define HAVE_NETDB_H 1
| #define HAVE_SYS_WAIT_H 1
| #define HAVE_PWD_H 1
| #define HAVE_GRP_H 1
| #define STDC_HEADERS 1
| #define _ALL_SOURCE 1
| #define _DARWIN_C_SOURCE 1
| #define _GNU_SOURCE 1
| #define _HPUX_ALT_XOPEN_SOCKET_API 1
| #define _NETBSD_SOURCE 1
| #define _OPENBSD_SOURCE 1
| #define _POSIX_PTHREAD_SEMANTICS 1
| #define __STDC_WANT_IEC_60559_ATTRIBS_EXT__ 1
| #define __STDC_WANT_IEC_60559_BFP_EXT__ 1
| #define __STDC_WANT_IEC_60559_DFP_EXT__ 1
| #define __STDC_WANT_IEC_60559_EXT__ 1
| #define __STDC_WANT_IEC_60559_FUNCS_EXT__ 1
| #define __STDC_WANT_IEC_60559_TYPES_EXT__ 1
| #define __STDC_WANT_LIB_EXT2__ 1
| #define __STDC_WANT_MATH_SPEC_FUNCS__ 1
| #define _TANDEM_SOURCE 1
| #define __EXTENSIONS__ 1
| #define HAVE_FSEEKO 1
| #define __USE_MINGW_ANSI_STDIO 1
| #define MAJOR_IN_SYSMACROS 1
| #define HAVE_SYS_ACL_H 1
| #define HAVE_POSIX_ACLS /**/
| #define major_t int
| #define minor_t int
| #define HAVE_FCHMOD 1
| #define HAVE_FLOCKFILE 1
| #define HAVE_FUNLOCKFILE 1
| #define HAVE_PATHCONF 1
| #define HAVE_BTOWC 1
| #define HAVE_MBRTOWC 1
| #define HAVE_MBSINIT 1
| #define HAVE_CANONICALIZE_FILE_NAME 1
| #define HAVE_REALPATH 1
| #define HAVE_LSTAT 1
| #define HAVE_CHOWN 1
| #define HAVE_FCHOWN 1
| #define HAVE_FCHDIR 1
| #define HAVE_FDOPENDIR 1
| #define HAVE_FCHMODAT 1
| #define HAVE_LCHMOD 1
| #define HAVE_FCNTL 1
| #define HAVE_SYMLINK 1
| #define HAVE_LISTXATTR 1
| #define HAVE_FNMATCH 1
| #define HAVE_MBSRTOWCS 1
| #define HAVE_FSTATAT 1
| #define HAVE_GETDTABLESIZE 1
| #define HAVE_GETTIMEOFDAY 1
| #define HAVE_ISBLANK 1
| #define HAVE_ISWCNTRL 1
| #define HAVE_LINK 1
| #define HAVE_READLINK 1
| #define HAVE_OPENAT 1
| #define HAVE_MPROTECT 1
| #define HAVE_MKDIRAT 1
| #define HAVE_MKNOD 1
| #define HAVE_PIPE 1
| #define HAVE_ISWCTYPE 1
| #define HAVE_RENAMEAT 1
| #define HAVE_SETENV 1
| #define HAVE_SLEEP 1
| #define HAVE_SNPRINTF 1
| #define HAVE_STRNDUP 1
| #define HAVE_STRTOIMAX 1
| #define HAVE_STRTOUMAX 1
| #define HAVE_LOCALTIME_R 1
| #define HAVE_UNLINKAT 1
| #define HAVE_WCRTOMB 1
| #define HAVE_WCWIDTH 1
| #define HAVE_MKFIFO 1
| #define HAVE_SETLOCALE 1
| #define HAVE_FSYNC 1
| #define HAVE_SYS_ACL_H 1
| #define HAVE_ACL_GET_FILE 1
| #define HAVE_ACL_GET_FD 1
| #define HAVE_ACL_SET_FILE 1
| #define HAVE_ACL_SET_FD 1
| #define HAVE_ACL_FREE 1
| #define HAVE_ACL_FROM_MODE 1
| #define HAVE_ACL_FROM_TEXT 1
| #define HAVE_ACL_DELETE_DEF_FILE 1
| #define HAVE_ACL_EXTENDED_FILE 1
| #define HAVE_ACL_LIBACL_H 1
| #define HAVE_ACL_ENTRIES 1
| #define HAVE_ACL_FIRST_ENTRY 1
| #define USE_ACL 1
| #define HAVE_ALLOCA_H 1
| #define HAVE_ALLOCA 1
| #define restrict __restrict__
| #define HAVE_DECL_CLEARERR_UNLOCKED 1
| #define HAVE_DECL_FEOF_UNLOCKED 1
| #define HAVE_DECL_FERROR_UNLOCKED 1
| #define HAVE_DECL_FFLUSH_UNLOCKED 1
| #define HAVE_DECL_FGETS_UNLOCKED 1
| #define HAVE_DECL_FPUTC_UNLOCKED 1
| #define HAVE_DECL_FPUTS_UNLOCKED 1
| #define HAVE_DECL_FREAD_UNLOCKED 1
| #define HAVE_DECL_FWRITE_UNLOCKED 1
| #define HAVE_DECL_GETC_UNLOCKED 1
| #define HAVE_DECL_GETCHAR_UNLOCKED 1
| #define HAVE_DECL_PUTC_UNLOCKED 1
| #define HAVE_DECL_PUTCHAR_UNLOCKED 1
| #define HAVE_DECL_STRERROR_R 1
| #define HAVE_STRERROR_R 1
| #define STRERROR_R_CHAR_P 1
| #define HAVE_LONG_FILE_NAMES 1
| #define HAVE_LANGINFO_CODESET 1
| #define BITSIZEOF_WCHAR_T 32
| #define HAVE_MBSTATE_T 1
| #define HAVE_WORKING_MBRTOC32 1
| #define HAVE_MALLOC_POSIX 1
| #define LSTAT_FOLLOWS_SLASHED_SYMLINK 1
| #define FUNC_REALPATH_WORKS 1
| #define HAVE_FACCESSAT 1
| #define HAVE_GETCWD 1
| #define HAVE_UNISTD_H 1
| #define HAVE_CHOWN 1
| #define HAVE_ENVIRON_DECL 1
| #define HAVE_ERROR 1
| #define GETGROUPS_T gid_t
| #define HAVE_DECL_FCHDIR 1
| #define HAVE_WORKING_O_NOATIME 1
| #define HAVE_WORKING_O_NOFOLLOW 1
| #define PROMOTED_MODE_T mode_t
| #define FUNC_FFLUSH_STDIN 1
| #define _USE_STD_STAT 1
| #define HAVE_DECL_FSEEKO 1
| #define FUNC_FFLUSH_STDIN 1
| #define HAVE_DECL_GETCWD 1
| #define HAVE_DECL_GETDELIM 1
| #define HAVE_DECL_GETDTABLESIZE 1
| #define HAVE_DECL_GETLINE 1
| #define HAVE_GETOPT_H 1
| #define HAVE_GETOPT_LONG_ONLY 1
| #define HAVE_PTHREAD_API 1
| #define SETLOCALE_NULL_ALL_MTSAFE 1
| #define SETLOCALE_NULL_ONE_MTSAFE 1
| #define HAVE_WINT_T 1
| #define HAVE_LONG_LONG_INT 1
| #define HAVE_UNSIGNED_LONG_LONG_INT 1
| #define HAVE_TOWLOWER 1
| #define HAVE_WCHAR_T 1
| #define MALLOC_0_IS_NONNULL 1
| #define HAVE_MAP_ANONYMOUS 1
| #define HAVE_DECL_MEMRCHR 1
| #define HAVE_MINMAX_IN_SYS_PARAM_H 1
| #define TIME_T_IS_SIGNED 1
| #define HAVE_DECL_ALARM 1
| #define HAVE_STRUCT_TM_TM_ZONE 1
| #define HAVE_TM_ZONE 1
| #define HAVE_TM_GMTOFF 1
| #define HAVE_COMPOUND_LITERALS 1
| #define HAVE_DECL_SETENV 1
| #define HAVE_SEARCH_H 1
| #define HAVE_TSEARCH 1
| #define HAVE_SIGSET_T 1
| #define HAVE_DECL_SNPRINTF 1
| #define HAVE_DECL_FCLOSEALL 1
| #define HAVE_DECL_GETW 1
| #define HAVE_DECL_PUTW 1
| #define HAVE_DECL_ECVT 1
| #define HAVE_DECL_FCVT 1
| #define HAVE_DECL_GCVT 1
| #define HAVE_DECL_STRDUP 1
| #define HAVE_DECL_STRNDUP 1
| #define HAVE_DECL_STRNLEN 1
| #define HAVE_DECL_STRTOIMAX 1
| #define HAVE_DECL_STRTOUMAX 1
| #define HAVE_DECL_EXECVPE 1
| #define HAVE_DECL_UNSETENV 1
| #define HAVE_WORKING_UTIMES 1
| #define HAVE_INTTYPES_H_WITH_UINTMAX 1
| #define HAVE_STDINT_H_WITH_UINTMAX 1
| #define HAVE_INTMAX_T 1
| #define DBL_EXPBIT0_WORD 1
| #define DBL_EXPBIT0_BIT 20
| #define HAVE_WCSLEN 1
| #define HAVE_SNPRINTF 1
| #define HAVE_STRNLEN 1
| #define HAVE_WCRTOMB 1
| #define HAVE_DECL__SNPRINTF 0
| #define HAVE_SNPRINTF_RETVAL_C99 1
| #define HAVE_SNPRINTF_TRUNCATION_C99 1
| #define HAVE_DECL_VSNPRINTF 1
| #define HAVE_DECL_WCSDUP 1
| #define HAVE_C_ALIGNASOF 1
| #define HAVE_ALLOCA 1
| #define GNULIB_AREADLINKAT 1
| #define GNULIB_AREADLINKAT_WITH_SIZE 1
| #define HAVE_DECL_PROGRAM_INVOCATION_NAME 1
| #define HAVE_DECL_PROGRAM_INVOCATION_SHORT_NAME 1
| #define HAVE_PROGRAM_INVOCATION_NAME 1
| #define HAVE_PROGRAM_INVOCATION_SHORT_NAME 1
| #define HAVE_C_STATIC_ASSERT 1
| #define GNULIB_TEST_BTOWC 1
| #define HAVE___BUILTIN_EXPECT 1
| #define GNULIB_TEST_C32ISALNUM 1
| #define GNULIB_TEST_C32ISALPHA 1
| #define GNULIB_TEST_C32ISBLANK 1
| #define GNULIB_TEST_C32ISCNTRL 1
| #define GNULIB_TEST_C32ISDIGIT 1
| #define GNULIB_TEST_C32ISGRAPH 1
| #define GNULIB_TEST_C32ISLOWER 1
| #define GNULIB_TEST_C32ISPRINT 1
| #define GNULIB_TEST_C32ISPUNCT 1
| #define GNULIB_TEST_C32ISSPACE 1
| #define GNULIB_TEST_C32ISUPPER 1
| #define GNULIB_TEST_C32ISXDIGIT 1
| #define GNULIB_TEST_C32TOLOWER 1
| #define GNULIB_TEST_C32WIDTH 1
| #define GNULIB_TEST_CALLOC_GNU 1
| #define GNULIB_TEST_CALLOC_POSIX 1
| #define GNULIB_CANONICALIZE_LGPL 1
| #define GNULIB_TEST_CANONICALIZE_FILE_NAME 1
| #define GNULIB_TEST_REALPATH 1
| #define HAVE_READLINKAT 1
| #define GNULIB_TEST_CHDIR 1
| #define GNULIB_TEST_CHMOD 1
| #define GNULIB_TEST_CHOWN 1
| #define HAVE_CLOCK_GETRES 1
| #define HAVE_CLOCK_GETTIME 1
| #define HAVE_CLOCK_SETTIME 1
| #define GNULIB_TEST_CLOEXEC 1
| #define GNULIB_TEST_CLOSE 1
| #define GNULIB_CLOSE_STREAM 1
| #define HAVE_CLOSEDIR 1
| #define GNULIB_TEST_CLOSEDIR 1
| #define GNULIB_DIRENT_SAFER 1
| #define HAVE_DIRFD 1
| #define HAVE_DECL_DIRFD 1
| #define GNULIB_TEST_DIRFD 1
| #define GNULIB_DIRNAME 1
| #define GNULIB_TEST_DUP 1
| #define GNULIB_TEST_DUP2 1
| #define GNULIB_TEST_ENVIRON 1
| #define HAVE_EUIDACCESS 1
| #define GNULIB_TEST_EUIDACCESS 1
| #define HAVE_FACCESSAT 1
| #define GNULIB_FACCESSAT 1
| #define GNULIB_TEST_FACCESSAT 1
| #define GNULIB_TEST_FCHDIR 1
| #define GNULIB_TEST_FCHMODAT 1
| #define GNULIB_TEST_FCHOWNAT 1
| /* end confdefs.h.  */
| 
| #ifdef __linux__
| /* The Linux kernel only added F_DUPFD_CLOEXEC in 2.6.24, so we always replace
|    it to support the semantics on older kernels that failed with EINVAL.  */
| choke me
| #endif
| 
| int
| main (void)
| {
| 
|   ;
|   return 0;
| }
configure:30284: result: needs runtime check
configure:30379: checking whether fdopendir is declared
configure:30379: gcc -c -g -O2   conftest.c >&5
configure:30379: $? = 0
configure:30379: result: yes
configure:30401: checking whether fdopendir works
configure:30451: gcc -o conftest -g -O2   conftest.c -lacl  >&5
configure:30451: $? = 0
configure:30451: ./conftest
configure:30451: $? = 0
configure:30462: result: yes
configure:30535: checking for struct stat.st_blocks
configure:30535: gcc -c -g -O2  conftest.c >&5
configure:30535: $? = 0
configure:30535: result: yes
configure:30576: checking for mempcpy
configure:30613: checking for mempcpy
configure:30613: gcc -o conftest -g -O2   conftest.c -lacl  >&5
conftest.c:323:6: warning: conflicting types for built-in function 'mempcpy'; expected 'void *(void *, const void *, long unsigned int)' [-Wbuiltin-declaration-mismatch]
  323 | char mempcpy ();
      |      ^~~~~~~
configure:30613: $? = 0
configure:30613: result: yes
configure:30628: result: yes
configure:30644: checking for flexible array member
configure:30673: gcc -c -g -O2  conftest.c >&5
configure:30673: $? = 0
configure:30681: result: yes
configure:30745: checking whether conversion from 'int' to 'long double' works
configure:30792: gcc -o conftest -g -O2   conftest.c -lacl  >&5
configure:30792: $? = 0
configure:30792: ./conftest
configure:30792: $? = 0
configure:30804: result: yes
configure:30962: checking for working GNU fnmatch
configure:31071: gcc -o conftest -g -O2   conftest.c -lacl  >&5
configure:31071: $? = 0
configure:31071: ./conftest
configure:31071: $? = 0
configure:31084: result: yes
configure:31276: checking whether fopen supports the mode character 'x'
configure:31316: gcc -o conftest -g -O2   conftest.c -lacl  >&5
configure:31316: $? = 0
configure:31316: ./conftest
configure:31316: $? = 0
configure:31329: result: yes
configure:31331: checking whether fopen supports the mode character 'e'
configure:31379: gcc -o conftest -g -O2   conftest.c -lacl  >&5
configure:31379: $? = 0
configure:31379: ./conftest
configure:31379: $? = 0
configure:31392: result: yes
configure:31447: checking for __fpending
configure:31465: gcc -o conftest -g -O2   conftest.c -lacl  >&5
configure:31465: $? = 0
configure:31475: result: yes
configure:31478: checking whether __fpending is declared
configure:31478: gcc -c -g -O2   conftest.c >&5
configure:31478: $? = 0
configure:31478: result: yes
configure:31507: checking whether free is known to preserve errno
configure:31531: gcc -c -g -O2  conftest.c >&5
configure:31531: $? = 0
configure:31540: result: yes
configure:31638: checking for fseeko
configure:31667: result: yes
configure:31687: checking whether fflush works on input streams
configure:31773: result: yes
configure:31942: checking whether fstatat (..., 0) works
configure:31969: gcc -o conftest -g -O2   conftest.c -lacl  >&5
configure:31969: $? = 0
configure:31969: ./conftest
configure:31969: $? = 0
configure:31981: result: yes
configure:32041: checking for futimens
configure:32078: checking for futimens
configure:32078: gcc -o conftest -g -O2   conftest.c -lacl  >&5
configure:32078: $? = 0
configure:32078: result: yes
configure:32093: result: yes
configure:32113: checking whether futimens works
configure:32168: gcc -o conftest -g -O2   conftest.c -lacl  >&5
configure:32168: $? = 0
configure:32168: ./conftest
configure:32168: $? = 0
configure:32180: result: yes
configure:32239: checking whether getcwd handles long file names properly
configure:32474: gcc -o conftest -g -O2   conftest.c -lacl  >&5
configure:32474: $? = 0
configure:32474: ./conftest
configure:32474: $? = 0
configure:32491: result: yes
configure:32839: checking for getdelim
configure:32876: checking for getdelim
configure:32876: gcc -o conftest -g -O2   conftest.c -lacl  >&5
configure:32876: $? = 0
configure:32876: result: yes
configure:32891: result: yes
configure:32907: checking for working getdelim function
configure:32981: gcc -o conftest -g -O2   conftest.c -lacl  >&5
configure:32981: $? = 0
configure:32981: ./conftest
configure:32981: $? = 0
configure:32995: result: yes
configure:33080: checking whether getdtablesize works
configure:33120: gcc -o conftest -g -O2   conftest.c -lacl  >&5
configure:33120: $? = 0
configure:33120: ./conftest
configure:33120: $? = 0
configure:33134: result: yes
configure:33187: checking for getgroups
configure:33187: gcc -o conftest -g -O2   conftest.c -lacl  >&5
configure:33187: $? = 0
configure:33187: result: yes
configure:33243: checking for working getgroups
configure:33274: gcc -o conftest -g -O2   conftest.c -lacl  >&5
configure:33274: $? = 0
configure:33274: ./conftest
configure:33274: $? = 0
configure:33286: result: yes
configure:33314: checking whether getgroups handles negative values
configure:33347: gcc -o conftest -g -O2   conftest.c -lacl  >&5
conftest.c: In function 'main':
conftest.c:365:26: warning: argument 1 value -1 is negative [-Wstringop-overflow=]
  365 |             int result = getgroups (-1, list) != -1;
      |                          ^~~~~~~~~~~~~~~~~~~~
In file included from /usr/include/features.h:540,
                 from /usr/include/bits/libc-header-start.h:33,
                 from /usr/include/stdio.h:28,
                 from conftest.c:334:
/usr/include/bits/unistd.h:146:1: note: in a call to function 'getgroups' declared with attribute 'access (write_only, 2, 1)'
  146 | __NTH (getgroups (int __size,
      | ^~~~~
In function 'getgroups',
    inlined from 'main' at conftest.c:365:26:
/usr/include/bits/unistd.h:153:10: warning: argument 1 value -1 is negative [-Wstringop-overflow=]
  153 |   return __glibc_fortify (getgroups, __size, sizeof (__gid_t),
      |          ^~~~~~~~~~~~~~~
In file included from /usr/include/bits/unistd.h:23,
                 from /usr/include/unistd.h:1217,
                 from conftest.c:358:
/usr/include/bits/unistd-decl.h: In function 'main':
/usr/include/bits/unistd-decl.h:133:12: note: in a call to function '__getgroups_chk' declared with attribute 'access (write_only, 2, 1)'
  133 | extern int __getgroups_chk (int __size, __gid_t __list[], size_t __listlen)
      |            ^~~~~~~~~~~~~~~
In function 'getgroups',
    inlined from 'main' at conftest.c:365:26:
/usr/include/bits/unistd.h:153:10: warning: argument 1 value -1 is negative [-Wstringop-overflow=]
  153 |   return __glibc_fortify (getgroups, __size, sizeof (__gid_t),
      |          ^~~~~~~~~~~~~~~
/usr/include/bits/unistd-decl.h: In function 'main':
/usr/include/bits/unistd-decl.h:135:12: note: in a call to function '__getgroups_alias' declared with attribute 'access (write_only, 2, 1)'
  135 | extern int __REDIRECT_NTH (__getgroups_alias, (int __size, __gid_t __list[]),
      |            ^~~~~~~~~~~~~~
configure:33347: $? = 0
configure:33347: ./conftest
configure:33347: $? = 0
configure:33358: result: yes
configure:33410: checking for getline
configure:33447: checking for getline
configure:33447: gcc -o conftest -g -O2   conftest.c -lacl  >&5
configure:33447: $? = 0
configure:33447: result: yes
configure:33462: result: yes
configure:33477: checking for working getline function
configure:33547: gcc -o conftest -g -O2   conftest.c -lacl  >&5
configure:33547: $? = 0
configure:33547: ./conftest
configure:33547: $? = 0
configure:33559: result: yes
configure:33765: checking for getpagesize
configure:33783: gcc -o conftest -g -O2   conftest.c -lacl  >&5
configure:33783: $? = 0
configure:33793: result: yes
configure:33824: checking whether getpagesize is declared
configure:33824: gcc -c -g -O2   conftest.c >&5
configure:33824: $? = 0
configure:33824: result: yes
configure:33870: checking for getprogname
configure:33907: checking for getprogname
configure:33907: gcc -o conftest -g -O2   conftest.c -lacl  >&5
/usr/x86_64-pc-linux-gnu/binutils-bin/2.46.0/ld: /tmp/ccJVCY6J.o: in function `main':
/home/gentoo/bfs-linux-install/ports/core/tar/work/src/tar-1.35/conftest.c:365:(.text.startup+0x9): undefined reference to `getprogname'
collect2: error: ld returned 1 exit status
configure:33907: $? = 1
configure: failed program was:
| /* confdefs.h */
| #define PACKAGE_NAME "GNU tar"
| #define PACKAGE_TARNAME "tar"
| #define PACKAGE_VERSION "1.35"
| #define PACKAGE_STRING "GNU tar 1.35"
| #define PACKAGE_BUGREPORT "bug-tar@gnu.org"
| #define PACKAGE_URL "https://www.gnu.org/software/tar/"
| #define PACKAGE "tar"
| #define VERSION "1.35"
| #define HAVE_STDIO_H 1
| #define HAVE_STDLIB_H 1
| #define HAVE_STRING_H 1
| #define HAVE_INTTYPES_H 1
| #define HAVE_STDINT_H 1
| #define HAVE_STRINGS_H 1
| #define HAVE_SYS_STAT_H 1
| #define HAVE_SYS_TYPES_H 1
| #define HAVE_UNISTD_H 1
| #define HAVE_WCHAR_H 1
| #define HAVE_FCNTL_H 1
| #define HAVE_LINUX_FD_H 1
| #define HAVE_MEMORY_H 1
| #define HAVE_SGTTY_H 1
| #define HAVE_SYS_PARAM_H 1
| #define HAVE_SYS_MTIO_H 1
| #define HAVE_SYS_TIME_H 1
| #define HAVE_LOCALE_H 1
| #define HAVE_FEATURES_H 1
| #define HAVE_UCHAR_H 1
| #define HAVE_SYS_SOCKET_H 1
| #define HAVE_DIRENT_H 1
| #define HAVE_ERROR_H 1
| #define HAVE_LINUX_XATTR_H 1
| #define HAVE_FNMATCH_H 1
| #define HAVE_STDIO_EXT_H 1
| #define HAVE_GETOPT_H 1
| #define HAVE_SYS_CDEFS_H 1
| #define HAVE_THREADS_H 1
| #define HAVE_LIMITS_H 1
| #define HAVE_WCTYPE_H 1
| #define HAVE_LANGINFO_H 1
| #define HAVE_SYS_MMAN_H 1
| #define HAVE_MALLOC_H 1
| #define HAVE_STDBOOL_H 1
| #define HAVE_STDCKDINT_H 1
| #define HAVE_SYS_RANDOM_H 1
| #define HAVE_SYSEXITS_H 1
| #define HAVE_UTIME_H 1
| #define HAVE_NETDB_H 1
| #define HAVE_SYS_WAIT_H 1
| #define HAVE_PWD_H 1
| #define HAVE_GRP_H 1
| #define STDC_HEADERS 1
| #define _ALL_SOURCE 1
| #define _DARWIN_C_SOURCE 1
| #define _GNU_SOURCE 1
| #define _HPUX_ALT_XOPEN_SOCKET_API 1
| #define _NETBSD_SOURCE 1
| #define _OPENBSD_SOURCE 1
| #define _POSIX_PTHREAD_SEMANTICS 1
| #define __STDC_WANT_IEC_60559_ATTRIBS_EXT__ 1
| #define __STDC_WANT_IEC_60559_BFP_EXT__ 1
| #define __STDC_WANT_IEC_60559_DFP_EXT__ 1
| #define __STDC_WANT_IEC_60559_EXT__ 1
| #define __STDC_WANT_IEC_60559_FUNCS_EXT__ 1
| #define __STDC_WANT_IEC_60559_TYPES_EXT__ 1
| #define __STDC_WANT_LIB_EXT2__ 1
| #define __STDC_WANT_MATH_SPEC_FUNCS__ 1
| #define _TANDEM_SOURCE 1
| #define __EXTENSIONS__ 1
| #define HAVE_FSEEKO 1
| #define __USE_MINGW_ANSI_STDIO 1
| #define MAJOR_IN_SYSMACROS 1
| #define HAVE_SYS_ACL_H 1
| #define HAVE_POSIX_ACLS /**/
| #define major_t int
| #define minor_t int
| #define HAVE_FCHMOD 1
| #define HAVE_FLOCKFILE 1
| #define HAVE_FUNLOCKFILE 1
| #define HAVE_PATHCONF 1
| #define HAVE_BTOWC 1
| #define HAVE_MBRTOWC 1
| #define HAVE_MBSINIT 1
| #define HAVE_CANONICALIZE_FILE_NAME 1
| #define HAVE_REALPATH 1
| #define HAVE_LSTAT 1
| #define HAVE_CHOWN 1
| #define HAVE_FCHOWN 1
| #define HAVE_FCHDIR 1
| #define HAVE_FDOPENDIR 1
| #define HAVE_FCHMODAT 1
| #define HAVE_LCHMOD 1
| #define HAVE_FCNTL 1
| #define HAVE_SYMLINK 1
| #define HAVE_LISTXATTR 1
| #define HAVE_FNMATCH 1
| #define HAVE_MBSRTOWCS 1
| #define HAVE_FSTATAT 1
| #define HAVE_GETDTABLESIZE 1
| #define HAVE_GETTIMEOFDAY 1
| #define HAVE_ISBLANK 1
| #define HAVE_ISWCNTRL 1
| #define HAVE_LINK 1
| #define HAVE_READLINK 1
| #define HAVE_OPENAT 1
| #define HAVE_MPROTECT 1
| #define HAVE_MKDIRAT 1
| #define HAVE_MKNOD 1
| #define HAVE_PIPE 1
| #define HAVE_ISWCTYPE 1
| #define HAVE_RENAMEAT 1
| #define HAVE_SETENV 1
| #define HAVE_SLEEP 1
| #define HAVE_SNPRINTF 1
| #define HAVE_STRNDUP 1
| #define HAVE_STRTOIMAX 1
| #define HAVE_STRTOUMAX 1
| #define HAVE_LOCALTIME_R 1
| #define HAVE_UNLINKAT 1
| #define HAVE_WCRTOMB 1
| #define HAVE_WCWIDTH 1
| #define HAVE_MKFIFO 1
| #define HAVE_SETLOCALE 1
| #define HAVE_FSYNC 1
| #define HAVE_SYS_ACL_H 1
| #define HAVE_ACL_GET_FILE 1
| #define HAVE_ACL_GET_FD 1
| #define HAVE_ACL_SET_FILE 1
| #define HAVE_ACL_SET_FD 1
| #define HAVE_ACL_FREE 1
| #define HAVE_ACL_FROM_MODE 1
| #define HAVE_ACL_FROM_TEXT 1
| #define HAVE_ACL_DELETE_DEF_FILE 1
| #define HAVE_ACL_EXTENDED_FILE 1
| #define HAVE_ACL_LIBACL_H 1
| #define HAVE_ACL_ENTRIES 1
| #define HAVE_ACL_FIRST_ENTRY 1
| #define USE_ACL 1
| #define HAVE_ALLOCA_H 1
| #define HAVE_ALLOCA 1
| #define restrict __restrict__
| #define HAVE_DECL_CLEARERR_UNLOCKED 1
| #define HAVE_DECL_FEOF_UNLOCKED 1
| #define HAVE_DECL_FERROR_UNLOCKED 1
| #define HAVE_DECL_FFLUSH_UNLOCKED 1
| #define HAVE_DECL_FGETS_UNLOCKED 1
| #define HAVE_DECL_FPUTC_UNLOCKED 1
| #define HAVE_DECL_FPUTS_UNLOCKED 1
| #define HAVE_DECL_FREAD_UNLOCKED 1
| #define HAVE_DECL_FWRITE_UNLOCKED 1
| #define HAVE_DECL_GETC_UNLOCKED 1
| #define HAVE_DECL_GETCHAR_UNLOCKED 1
| #define HAVE_DECL_PUTC_UNLOCKED 1
| #define HAVE_DECL_PUTCHAR_UNLOCKED 1
| #define HAVE_DECL_STRERROR_R 1
| #define HAVE_STRERROR_R 1
| #define STRERROR_R_CHAR_P 1
| #define HAVE_LONG_FILE_NAMES 1
| #define HAVE_LANGINFO_CODESET 1
| #define BITSIZEOF_WCHAR_T 32
| #define HAVE_MBSTATE_T 1
| #define HAVE_WORKING_MBRTOC32 1
| #define HAVE_MALLOC_POSIX 1
| #define LSTAT_FOLLOWS_SLASHED_SYMLINK 1
| #define FUNC_REALPATH_WORKS 1
| #define HAVE_FACCESSAT 1
| #define HAVE_GETCWD 1
| #define HAVE_UNISTD_H 1
| #define HAVE_CHOWN 1
| #define HAVE_ENVIRON_DECL 1
| #define HAVE_ERROR 1
| #define GETGROUPS_T gid_t
| #define HAVE_DECL_FCHDIR 1
| #define HAVE_WORKING_O_NOATIME 1
| #define HAVE_WORKING_O_NOFOLLOW 1
| #define PROMOTED_MODE_T mode_t
| #define FUNC_FFLUSH_STDIN 1
| #define _USE_STD_STAT 1
| #define HAVE_DECL_FSEEKO 1
| #define FUNC_FFLUSH_STDIN 1
| #define HAVE_DECL_GETCWD 1
| #define HAVE_DECL_GETDELIM 1
| #define HAVE_DECL_GETDTABLESIZE 1
| #define HAVE_DECL_GETLINE 1
| #define HAVE_GETOPT_H 1
| #define HAVE_GETOPT_LONG_ONLY 1
| #define HAVE_PTHREAD_API 1
| #define SETLOCALE_NULL_ALL_MTSAFE 1
| #define SETLOCALE_NULL_ONE_MTSAFE 1
| #define HAVE_WINT_T 1
| #define HAVE_LONG_LONG_INT 1
| #define HAVE_UNSIGNED_LONG_LONG_INT 1
| #define HAVE_TOWLOWER 1
| #define HAVE_WCHAR_T 1
| #define MALLOC_0_IS_NONNULL 1
| #define HAVE_MAP_ANONYMOUS 1
| #define HAVE_DECL_MEMRCHR 1
| #define HAVE_MINMAX_IN_SYS_PARAM_H 1
| #define TIME_T_IS_SIGNED 1
| #define HAVE_DECL_ALARM 1
| #define HAVE_STRUCT_TM_TM_ZONE 1
| #define HAVE_TM_ZONE 1
| #define HAVE_TM_GMTOFF 1
| #define HAVE_COMPOUND_LITERALS 1
| #define HAVE_DECL_SETENV 1
| #define HAVE_SEARCH_H 1
| #define HAVE_TSEARCH 1
| #define HAVE_SIGSET_T 1
| #define HAVE_DECL_SNPRINTF 1
| #define HAVE_DECL_FCLOSEALL 1
| #define HAVE_DECL_GETW 1
| #define HAVE_DECL_PUTW 1
| #define HAVE_DECL_ECVT 1
| #define HAVE_DECL_FCVT 1
| #define HAVE_DECL_GCVT 1
| #define HAVE_DECL_STRDUP 1
| #define HAVE_DECL_STRNDUP 1
| #define HAVE_DECL_STRNLEN 1
| #define HAVE_DECL_STRTOIMAX 1
| #define HAVE_DECL_STRTOUMAX 1
| #define HAVE_DECL_EXECVPE 1
| #define HAVE_DECL_UNSETENV 1
| #define HAVE_WORKING_UTIMES 1
| #define HAVE_INTTYPES_H_WITH_UINTMAX 1
| #define HAVE_STDINT_H_WITH_UINTMAX 1
| #define HAVE_INTMAX_T 1
| #define DBL_EXPBIT0_WORD 1
| #define DBL_EXPBIT0_BIT 20
| #define HAVE_WCSLEN 1
| #define HAVE_SNPRINTF 1
| #define HAVE_STRNLEN 1
| #define HAVE_WCRTOMB 1
| #define HAVE_DECL__SNPRINTF 0
| #define HAVE_SNPRINTF_RETVAL_C99 1
| #define HAVE_SNPRINTF_TRUNCATION_C99 1
| #define HAVE_DECL_VSNPRINTF 1
| #define HAVE_DECL_WCSDUP 1
| #define HAVE_C_ALIGNASOF 1
| #define HAVE_ALLOCA 1
| #define GNULIB_AREADLINKAT 1
| #define GNULIB_AREADLINKAT_WITH_SIZE 1
| #define HAVE_DECL_PROGRAM_INVOCATION_NAME 1
| #define HAVE_DECL_PROGRAM_INVOCATION_SHORT_NAME 1
| #define HAVE_PROGRAM_INVOCATION_NAME 1
| #define HAVE_PROGRAM_INVOCATION_SHORT_NAME 1
| #define HAVE_C_STATIC_ASSERT 1
| #define GNULIB_TEST_BTOWC 1
| #define HAVE___BUILTIN_EXPECT 1
| #define GNULIB_TEST_C32ISALNUM 1
| #define GNULIB_TEST_C32ISALPHA 1
| #define GNULIB_TEST_C32ISBLANK 1
| #define GNULIB_TEST_C32ISCNTRL 1
| #define GNULIB_TEST_C32ISDIGIT 1
| #define GNULIB_TEST_C32ISGRAPH 1
| #define GNULIB_TEST_C32ISLOWER 1
| #define GNULIB_TEST_C32ISPRINT 1
| #define GNULIB_TEST_C32ISPUNCT 1
| #define GNULIB_TEST_C32ISSPACE 1
| #define GNULIB_TEST_C32ISUPPER 1
| #define GNULIB_TEST_C32ISXDIGIT 1
| #define GNULIB_TEST_C32TOLOWER 1
| #define GNULIB_TEST_C32WIDTH 1
| #define GNULIB_TEST_CALLOC_GNU 1
| #define GNULIB_TEST_CALLOC_POSIX 1
| #define GNULIB_CANONICALIZE_LGPL 1
| #define GNULIB_TEST_CANONICALIZE_FILE_NAME 1
| #define GNULIB_TEST_REALPATH 1
| #define HAVE_READLINKAT 1
| #define GNULIB_TEST_CHDIR 1
| #define GNULIB_TEST_CHMOD 1
| #define GNULIB_TEST_CHOWN 1
| #define HAVE_CLOCK_GETRES 1
| #define HAVE_CLOCK_GETTIME 1
| #define HAVE_CLOCK_SETTIME 1
| #define GNULIB_TEST_CLOEXEC 1
| #define GNULIB_TEST_CLOSE 1
| #define GNULIB_CLOSE_STREAM 1
| #define HAVE_CLOSEDIR 1
| #define GNULIB_TEST_CLOSEDIR 1
| #define GNULIB_DIRENT_SAFER 1
| #define HAVE_DIRFD 1
| #define HAVE_DECL_DIRFD 1
| #define GNULIB_TEST_DIRFD 1
| #define GNULIB_DIRNAME 1
| #define GNULIB_TEST_DUP 1
| #define GNULIB_TEST_DUP2 1
| #define GNULIB_TEST_ENVIRON 1
| #define HAVE_EUIDACCESS 1
| #define GNULIB_TEST_EUIDACCESS 1
| #define HAVE_FACCESSAT 1
| #define GNULIB_FACCESSAT 1
| #define GNULIB_TEST_FACCESSAT 1
| #define GNULIB_TEST_FCHDIR 1
| #define GNULIB_TEST_FCHMODAT 1
| #define GNULIB_TEST_FCHOWNAT 1
| #define GNULIB_TEST_FCNTL 1
| #define GNULIB_FCNTL_SAFER 1
| #define GNULIB_FD_SAFER_FLAG 1
| #define HAVE_DECL_FDOPENDIR 1
| #define GNULIB_TEST_FDOPENDIR 1
| #define GNULIB_FDOPENDIR 1
| #define GNULIB_FDUTIMENSAT 1
| #define HAVE_STRUCT_STAT_ST_BLOCKS 1
| #define HAVE_ST_BLOCKS 1
| #define HAVE_MEMPCPY 1
| #define FLEXIBLE_ARRAY_MEMBER /**/
| #define GNULIB_TEST_FNMATCH 1
| #define GNULIB_FNMATCH_GNU 1
| #define GNULIB_TEST_FOPEN 1
| #define GNULIB_FOPEN_GNU 1
| #define GNULIB_TEST_FOPEN_GNU 1
| #define HAVE_DECL___FPENDING 1
| #define HAVE_FREE_POSIX 1
| #define GNULIB_TEST_FREE_POSIX 1
| #define GNULIB_TEST_FSEEK 1
| #define FUNC_FFLUSH_STDIN 1
| #define GNULIB_TEST_FSEEKO 1
| #define GNULIB_TEST_FSTAT 1
| #define GNULIB_TEST_FSTATAT 1
| #define HAVE_FUTIMENS 1
| #define GNULIB_TEST_FUTIMENS 1
| #define HAVE_MINIMALLY_WORKING_GETCWD 1
| #define GNULIB_GETCWD 1
| #define GNULIB_TEST_GETCWD 1
| #define GNULIB_TEST_GETCWD 1
| #define HAVE_GETDELIM 1
| #define GNULIB_TEST_GETDELIM 1
| #define GNULIB_TEST_GETDTABLESIZE 1
| #define HAVE_GETGROUPS 1
| #define GNULIB_TEST_GETGROUPS 1
| #define HAVE_GETLINE 1
| #define GNULIB_TEST_GETLINE 1
| #define __GETOPT_PREFIX rpl_
| #define GNULIB_TEST_GETOPT_POSIX 1
| #define GNULIB_TEST_GETPAGESIZE 1
| /* end confdefs.h.  */
| /* Define getprogname to an innocuous variant, in case <limits.h> declares getprogname.
|    For example, HP-UX 11i <limits.h> declares gettimeofday.  */
| #define getprogname innocuous_getprogname
| 
| /* System header to define __stub macros and hopefully few prototypes,
|    which can conflict with char getprogname (); below.  */
| 
| #include <limits.h>
| #undef getprogname
| 
| /* Override any GCC internal prototype to avoid an error.
|    Use char because int might match the return type of a GCC
|    builtin and then its argument prototype would still apply.  */
| #ifdef __cplusplus
| extern "C"
| #endif
| char getprogname ();
| /* The GNU C library defines this for functions which it implements
|     to always fail with ENOSYS.  Some functions are actually named
|     something starting with __ and the normal name is an alias.  */
| #if defined __stub_getprogname || defined __stub___getprogname
| choke me
| #endif
| 
| int
| main (void)
| {
| return getprogname ();
|   ;
|   return 0;
| }
configure:33907: result: no
configure:33922: result: no
configure:33942: checking whether program_invocation_name is declared
configure:33942: result: yes
configure:33979: checking whether program_invocation_name is declared
configure:33979: result: yes
configure:33993: checking whether program_invocation_short_name is declared
configure:33993: result: yes
configure:34007: checking whether __argv is declared
configure:34007: gcc -c -g -O2   conftest.c >&5
conftest.c: In function 'main':
conftest.c:350:10: error: '__argv' undeclared (first use in this function)
  350 |   (void) __argv;
      |          ^~~~~~
conftest.c:350:10: note: each undeclared identifier is reported only once for each function it appears in
configure:34007: $? = 1
configure: failed program was:
| /* confdefs.h */
| #define PACKAGE_NAME "GNU tar"
| #define PACKAGE_TARNAME "tar"
| #define PACKAGE_VERSION "1.35"
| #define PACKAGE_STRING "GNU tar 1.35"
| #define PACKAGE_BUGREPORT "bug-tar@gnu.org"
| #define PACKAGE_URL "https://www.gnu.org/software/tar/"
| #define PACKAGE "tar"
| #define VERSION "1.35"
| #define HAVE_STDIO_H 1
| #define HAVE_STDLIB_H 1
| #define HAVE_STRING_H 1
| #define HAVE_INTTYPES_H 1
| #define HAVE_STDINT_H 1
| #define HAVE_STRINGS_H 1
| #define HAVE_SYS_STAT_H 1
| #define HAVE_SYS_TYPES_H 1
| #define HAVE_UNISTD_H 1
| #define HAVE_WCHAR_H 1
| #define HAVE_FCNTL_H 1
| #define HAVE_LINUX_FD_H 1
| #define HAVE_MEMORY_H 1
| #define HAVE_SGTTY_H 1
| #define HAVE_SYS_PARAM_H 1
| #define HAVE_SYS_MTIO_H 1
| #define HAVE_SYS_TIME_H 1
| #define HAVE_LOCALE_H 1
| #define HAVE_FEATURES_H 1
| #define HAVE_UCHAR_H 1
| #define HAVE_SYS_SOCKET_H 1
| #define HAVE_DIRENT_H 1
| #define HAVE_ERROR_H 1
| #define HAVE_LINUX_XATTR_H 1
| #define HAVE_FNMATCH_H 1
| #define HAVE_STDIO_EXT_H 1
| #define HAVE_GETOPT_H 1
| #define HAVE_SYS_CDEFS_H 1
| #define HAVE_THREADS_H 1
| #define HAVE_LIMITS_H 1
| #define HAVE_WCTYPE_H 1
| #define HAVE_LANGINFO_H 1
| #define HAVE_SYS_MMAN_H 1
| #define HAVE_MALLOC_H 1
| #define HAVE_STDBOOL_H 1
| #define HAVE_STDCKDINT_H 1
| #define HAVE_SYS_RANDOM_H 1
| #define HAVE_SYSEXITS_H 1
| #define HAVE_UTIME_H 1
| #define HAVE_NETDB_H 1
| #define HAVE_SYS_WAIT_H 1
| #define HAVE_PWD_H 1
| #define HAVE_GRP_H 1
| #define STDC_HEADERS 1
| #define _ALL_SOURCE 1
| #define _DARWIN_C_SOURCE 1
| #define _GNU_SOURCE 1
| #define _HPUX_ALT_XOPEN_SOCKET_API 1
| #define _NETBSD_SOURCE 1
| #define _OPENBSD_SOURCE 1
| #define _POSIX_PTHREAD_SEMANTICS 1
| #define __STDC_WANT_IEC_60559_ATTRIBS_EXT__ 1
| #define __STDC_WANT_IEC_60559_BFP_EXT__ 1
| #define __STDC_WANT_IEC_60559_DFP_EXT__ 1
| #define __STDC_WANT_IEC_60559_EXT__ 1
| #define __STDC_WANT_IEC_60559_FUNCS_EXT__ 1
| #define __STDC_WANT_IEC_60559_TYPES_EXT__ 1
| #define __STDC_WANT_LIB_EXT2__ 1
| #define __STDC_WANT_MATH_SPEC_FUNCS__ 1
| #define _TANDEM_SOURCE 1
| #define __EXTENSIONS__ 1
| #define HAVE_FSEEKO 1
| #define __USE_MINGW_ANSI_STDIO 1
| #define MAJOR_IN_SYSMACROS 1
| #define HAVE_SYS_ACL_H 1
| #define HAVE_POSIX_ACLS /**/
| #define major_t int
| #define minor_t int
| #define HAVE_FCHMOD 1
| #define HAVE_FLOCKFILE 1
| #define HAVE_FUNLOCKFILE 1
| #define HAVE_PATHCONF 1
| #define HAVE_BTOWC 1
| #define HAVE_MBRTOWC 1
| #define HAVE_MBSINIT 1
| #define HAVE_CANONICALIZE_FILE_NAME 1
| #define HAVE_REALPATH 1
| #define HAVE_LSTAT 1
| #define HAVE_CHOWN 1
| #define HAVE_FCHOWN 1
| #define HAVE_FCHDIR 1
| #define HAVE_FDOPENDIR 1
| #define HAVE_FCHMODAT 1
| #define HAVE_LCHMOD 1
| #define HAVE_FCNTL 1
| #define HAVE_SYMLINK 1
| #define HAVE_LISTXATTR 1
| #define HAVE_FNMATCH 1
| #define HAVE_MBSRTOWCS 1
| #define HAVE_FSTATAT 1
| #define HAVE_GETDTABLESIZE 1
| #define HAVE_GETTIMEOFDAY 1
| #define HAVE_ISBLANK 1
| #define HAVE_ISWCNTRL 1
| #define HAVE_LINK 1
| #define HAVE_READLINK 1
| #define HAVE_OPENAT 1
| #define HAVE_MPROTECT 1
| #define HAVE_MKDIRAT 1
| #define HAVE_MKNOD 1
| #define HAVE_PIPE 1
| #define HAVE_ISWCTYPE 1
| #define HAVE_RENAMEAT 1
| #define HAVE_SETENV 1
| #define HAVE_SLEEP 1
| #define HAVE_SNPRINTF 1
| #define HAVE_STRNDUP 1
| #define HAVE_STRTOIMAX 1
| #define HAVE_STRTOUMAX 1
| #define HAVE_LOCALTIME_R 1
| #define HAVE_UNLINKAT 1
| #define HAVE_WCRTOMB 1
| #define HAVE_WCWIDTH 1
| #define HAVE_MKFIFO 1
| #define HAVE_SETLOCALE 1
| #define HAVE_FSYNC 1
| #define HAVE_SYS_ACL_H 1
| #define HAVE_ACL_GET_FILE 1
| #define HAVE_ACL_GET_FD 1
| #define HAVE_ACL_SET_FILE 1
| #define HAVE_ACL_SET_FD 1
| #define HAVE_ACL_FREE 1
| #define HAVE_ACL_FROM_MODE 1
| #define HAVE_ACL_FROM_TEXT 1
| #define HAVE_ACL_DELETE_DEF_FILE 1
| #define HAVE_ACL_EXTENDED_FILE 1
| #define HAVE_ACL_LIBACL_H 1
| #define HAVE_ACL_ENTRIES 1
| #define HAVE_ACL_FIRST_ENTRY 1
| #define USE_ACL 1
| #define HAVE_ALLOCA_H 1
| #define HAVE_ALLOCA 1
| #define restrict __restrict__
| #define HAVE_DECL_CLEARERR_UNLOCKED 1
| #define HAVE_DECL_FEOF_UNLOCKED 1
| #define HAVE_DECL_FERROR_UNLOCKED 1
| #define HAVE_DECL_FFLUSH_UNLOCKED 1
| #define HAVE_DECL_FGETS_UNLOCKED 1
| #define HAVE_DECL_FPUTC_UNLOCKED 1
| #define HAVE_DECL_FPUTS_UNLOCKED 1
| #define HAVE_DECL_FREAD_UNLOCKED 1
| #define HAVE_DECL_FWRITE_UNLOCKED 1
| #define HAVE_DECL_GETC_UNLOCKED 1
| #define HAVE_DECL_GETCHAR_UNLOCKED 1
| #define HAVE_DECL_PUTC_UNLOCKED 1
| #define HAVE_DECL_PUTCHAR_UNLOCKED 1
| #define HAVE_DECL_STRERROR_R 1
| #define HAVE_STRERROR_R 1
| #define STRERROR_R_CHAR_P 1
| #define HAVE_LONG_FILE_NAMES 1
| #define HAVE_LANGINFO_CODESET 1
| #define BITSIZEOF_WCHAR_T 32
| #define HAVE_MBSTATE_T 1
| #define HAVE_WORKING_MBRTOC32 1
| #define HAVE_MALLOC_POSIX 1
| #define LSTAT_FOLLOWS_SLASHED_SYMLINK 1
| #define FUNC_REALPATH_WORKS 1
| #define HAVE_FACCESSAT 1
| #define HAVE_GETCWD 1
| #define HAVE_UNISTD_H 1
| #define HAVE_CHOWN 1
| #define HAVE_ENVIRON_DECL 1
| #define HAVE_ERROR 1
| #define GETGROUPS_T gid_t
| #define HAVE_DECL_FCHDIR 1
| #define HAVE_WORKING_O_NOATIME 1
| #define HAVE_WORKING_O_NOFOLLOW 1
| #define PROMOTED_MODE_T mode_t
| #define FUNC_FFLUSH_STDIN 1
| #define _USE_STD_STAT 1
| #define HAVE_DECL_FSEEKO 1
| #define FUNC_FFLUSH_STDIN 1
| #define HAVE_DECL_GETCWD 1
| #define HAVE_DECL_GETDELIM 1
| #define HAVE_DECL_GETDTABLESIZE 1
| #define HAVE_DECL_GETLINE 1
| #define HAVE_GETOPT_H 1
| #define HAVE_GETOPT_LONG_ONLY 1
| #define HAVE_PTHREAD_API 1
| #define SETLOCALE_NULL_ALL_MTSAFE 1
| #define SETLOCALE_NULL_ONE_MTSAFE 1
| #define HAVE_WINT_T 1
| #define HAVE_LONG_LONG_INT 1
| #define HAVE_UNSIGNED_LONG_LONG_INT 1
| #define HAVE_TOWLOWER 1
| #define HAVE_WCHAR_T 1
| #define MALLOC_0_IS_NONNULL 1
| #define HAVE_MAP_ANONYMOUS 1
| #define HAVE_DECL_MEMRCHR 1
| #define HAVE_MINMAX_IN_SYS_PARAM_H 1
| #define TIME_T_IS_SIGNED 1
| #define HAVE_DECL_ALARM 1
| #define HAVE_STRUCT_TM_TM_ZONE 1
| #define HAVE_TM_ZONE 1
| #define HAVE_TM_GMTOFF 1
| #define HAVE_COMPOUND_LITERALS 1
| #define HAVE_DECL_SETENV 1
| #define HAVE_SEARCH_H 1
| #define HAVE_TSEARCH 1
| #define HAVE_SIGSET_T 1
| #define HAVE_DECL_SNPRINTF 1
| #define HAVE_DECL_FCLOSEALL 1
| #define HAVE_DECL_GETW 1
| #define HAVE_DECL_PUTW 1
| #define HAVE_DECL_ECVT 1
| #define HAVE_DECL_FCVT 1
| #define HAVE_DECL_GCVT 1
| #define HAVE_DECL_STRDUP 1
| #define HAVE_DECL_STRNDUP 1
| #define HAVE_DECL_STRNLEN 1
| #define HAVE_DECL_STRTOIMAX 1
| #define HAVE_DECL_STRTOUMAX 1
| #define HAVE_DECL_EXECVPE 1
| #define HAVE_DECL_UNSETENV 1
| #define HAVE_WORKING_UTIMES 1
| #define HAVE_INTTYPES_H_WITH_UINTMAX 1
| #define HAVE_STDINT_H_WITH_UINTMAX 1
| #define HAVE_INTMAX_T 1
| #define DBL_EXPBIT0_WORD 1
| #define DBL_EXPBIT0_BIT 20
| #define HAVE_WCSLEN 1
| #define HAVE_SNPRINTF 1
| #define HAVE_STRNLEN 1
| #define HAVE_WCRTOMB 1
| #define HAVE_DECL__SNPRINTF 0
| #define HAVE_SNPRINTF_RETVAL_C99 1
| #define HAVE_SNPRINTF_TRUNCATION_C99 1
| #define HAVE_DECL_VSNPRINTF 1
| #define HAVE_DECL_WCSDUP 1
| #define HAVE_C_ALIGNASOF 1
| #define HAVE_ALLOCA 1
| #define GNULIB_AREADLINKAT 1
| #define GNULIB_AREADLINKAT_WITH_SIZE 1
| #define HAVE_DECL_PROGRAM_INVOCATION_NAME 1
| #define HAVE_DECL_PROGRAM_INVOCATION_SHORT_NAME 1
| #define HAVE_PROGRAM_INVOCATION_NAME 1
| #define HAVE_PROGRAM_INVOCATION_SHORT_NAME 1
| #define HAVE_C_STATIC_ASSERT 1
| #define GNULIB_TEST_BTOWC 1
| #define HAVE___BUILTIN_EXPECT 1
| #define GNULIB_TEST_C32ISALNUM 1
| #define GNULIB_TEST_C32ISALPHA 1
| #define GNULIB_TEST_C32ISBLANK 1
| #define GNULIB_TEST_C32ISCNTRL 1
| #define GNULIB_TEST_C32ISDIGIT 1
| #define GNULIB_TEST_C32ISGRAPH 1
| #define GNULIB_TEST_C32ISLOWER 1
| #define GNULIB_TEST_C32ISPRINT 1
| #define GNULIB_TEST_C32ISPUNCT 1
| #define GNULIB_TEST_C32ISSPACE 1
| #define GNULIB_TEST_C32ISUPPER 1
| #define GNULIB_TEST_C32ISXDIGIT 1
| #define GNULIB_TEST_C32TOLOWER 1
| #define GNULIB_TEST_C32WIDTH 1
| #define GNULIB_TEST_CALLOC_GNU 1
| #define GNULIB_TEST_CALLOC_POSIX 1
| #define GNULIB_CANONICALIZE_LGPL 1
| #define GNULIB_TEST_CANONICALIZE_FILE_NAME 1
| #define GNULIB_TEST_REALPATH 1
| #define HAVE_READLINKAT 1
| #define GNULIB_TEST_CHDIR 1
| #define GNULIB_TEST_CHMOD 1
| #define GNULIB_TEST_CHOWN 1
| #define HAVE_CLOCK_GETRES 1
| #define HAVE_CLOCK_GETTIME 1
| #define HAVE_CLOCK_SETTIME 1
| #define GNULIB_TEST_CLOEXEC 1
| #define GNULIB_TEST_CLOSE 1
| #define GNULIB_CLOSE_STREAM 1
| #define HAVE_CLOSEDIR 1
| #define GNULIB_TEST_CLOSEDIR 1
| #define GNULIB_DIRENT_SAFER 1
| #define HAVE_DIRFD 1
| #define HAVE_DECL_DIRFD 1
| #define GNULIB_TEST_DIRFD 1
| #define GNULIB_DIRNAME 1
| #define GNULIB_TEST_DUP 1
| #define GNULIB_TEST_DUP2 1
| #define GNULIB_TEST_ENVIRON 1
| #define HAVE_EUIDACCESS 1
| #define GNULIB_TEST_EUIDACCESS 1
| #define HAVE_FACCESSAT 1
| #define GNULIB_FACCESSAT 1
| #define GNULIB_TEST_FACCESSAT 1
| #define GNULIB_TEST_FCHDIR 1
| #define GNULIB_TEST_FCHMODAT 1
| #define GNULIB_TEST_FCHOWNAT 1
| #define GNULIB_TEST_FCNTL 1
| #define GNULIB_FCNTL_SAFER 1
| #define GNULIB_FD_SAFER_FLAG 1
| #define HAVE_DECL_FDOPENDIR 1
| #define GNULIB_TEST_FDOPENDIR 1
| #define GNULIB_FDOPENDIR 1
| #define GNULIB_FDUTIMENSAT 1
| #define HAVE_STRUCT_STAT_ST_BLOCKS 1
| #define HAVE_ST_BLOCKS 1
| #define HAVE_MEMPCPY 1
| #define FLEXIBLE_ARRAY_MEMBER /**/
| #define GNULIB_TEST_FNMATCH 1
| #define GNULIB_FNMATCH_GNU 1
| #define GNULIB_TEST_FOPEN 1
| #define GNULIB_FOPEN_GNU 1
| #define GNULIB_TEST_FOPEN_GNU 1
| #define HAVE_DECL___FPENDING 1
| #define HAVE_FREE_POSIX 1
| #define GNULIB_TEST_FREE_POSIX 1
| #define GNULIB_TEST_FSEEK 1
| #define FUNC_FFLUSH_STDIN 1
| #define GNULIB_TEST_FSEEKO 1
| #define GNULIB_TEST_FSTAT 1
| #define GNULIB_TEST_FSTATAT 1
| #define HAVE_FUTIMENS 1
| #define GNULIB_TEST_FUTIMENS 1
| #define HAVE_MINIMALLY_WORKING_GETCWD 1
| #define GNULIB_GETCWD 1
| #define GNULIB_TEST_GETCWD 1
| #define GNULIB_TEST_GETCWD 1
| #define HAVE_GETDELIM 1
| #define GNULIB_TEST_GETDELIM 1
| #define GNULIB_TEST_GETDTABLESIZE 1
| #define HAVE_GETGROUPS 1
| #define GNULIB_TEST_GETGROUPS 1
| #define HAVE_GETLINE 1
| #define GNULIB_TEST_GETLINE 1
| #define __GETOPT_PREFIX rpl_
| #define GNULIB_TEST_GETOPT_POSIX 1
| #define GNULIB_TEST_GETPAGESIZE 1
| #define HAVE_DECL_PROGRAM_INVOCATION_NAME 1
| #define HAVE_DECL_PROGRAM_INVOCATION_NAME 1
| #define HAVE_DECL_PROGRAM_INVOCATION_SHORT_NAME 1
| /* end confdefs.h.  */
| #include <stdlib.h>
| 
| int
| main (void)
| {
| #ifndef __argv
| #ifdef __cplusplus
|   (void) __argv;
| #else
|   (void) __argv;
| #endif
| #endif
| 
|   ;
|   return 0;
| }
configure:34007: result: no
configure:34091: checking for getrandom
configure:34133: checking for getrandom
configure:34133: gcc -o conftest -g -O2   conftest.c -lacl  >&5
configure:34133: $? = 0
configure:34133: result: yes
configure:34148: result: yes
configure:34168: checking whether getrandom is compatible with its GNU+BSD signature
configure:34192: gcc -c -g -O2  conftest.c >&5
configure:34192: $? = 0
configure:34201: result: yes
configure:34324: checking for gettimeofday with POSIX signature
configure:34353: gcc -c -g -O2  conftest.c >&5
configure:34353: $? = 0
configure:34380: result: yes
configure:34443: checking for group_member
configure:34443: gcc -o conftest -g -O2   conftest.c -lacl  >&5
configure:34443: $? = 0
configure:34443: result: yes
configure:34568: checking for iswblank
configure:34605: checking for iswblank
configure:34605: gcc -o conftest -g -O2   conftest.c -lacl  >&5
conftest.c:366:6: warning: conflicting types for built-in function 'iswblank'; expected 'int(unsigned int)' [-Wbuiltin-declaration-mismatch]
  366 | char iswblank ();
      |      ^~~~~~~~
conftest.c:358:1: note: 'iswblank' is declared in header '<wctype.h>'
  357 | #include <limits.h>
  358 | #undef iswblank
configure:34605: $? = 0
configure:34605: result: yes
configure:34620: result: yes
configure:34634: checking whether iswblank is declared
configure:34634: gcc -c -g -O2   conftest.c >&5
configure:34634: $? = 0
configure:34634: result: yes
configure:34710: checking whether iswdigit is ISO C compliant
configure:34805: gcc -o conftest -g -O2   conftest.c -lacl  >&5
configure:34805: $? = 0
configure:34805: ./conftest
configure:34805: $? = 0
configure:34818: result: yes
configure:34869: checking whether iswxdigit is ISO C compliant
configure:34955: gcc -o conftest -g -O2   conftest.c -lacl  >&5
configure:34955: $? = 0
configure:34955: ./conftest
configure:34955: $? = 0
configure:34968: result: yes
configure:35071: checking for lchown
configure:35071: gcc -o conftest -g -O2   conftest.c -lacl  >&5
configure:35071: $? = 0
configure:35071: result: yes
configure:35129: checking whether the compiler supports the __inline keyword
configure:35147: gcc -c -g -O2  conftest.c >&5
configure:35147: $? = 0
configure:35155: result: yes
configure:35203: checking whether link obeys POSIX
configure:35253: gcc -o conftest -g -O2   conftest.c -lacl  >&5
configure:35253: $? = 0
configure:35253: ./conftest
configure:35253: $? = 0
configure:35265: result: yes
configure:35311: checking for __xpg4
configure:35328: gcc -o conftest -g -O2   conftest.c -lacl  >&5
/usr/x86_64-pc-linux-gnu/binutils-bin/2.46.0/ld: /tmp/ccqlaqVg.o: warning: relocation against `__xpg4' in read-only section `.text.startup'
/usr/x86_64-pc-linux-gnu/binutils-bin/2.46.0/ld: /tmp/ccqlaqVg.o: in function `main':
/home/gentoo/bfs-linux-install/ports/core/tar/work/src/tar-1.35/conftest.c:367:(.text.startup+0x6): undefined reference to `__xpg4'
/usr/x86_64-pc-linux-gnu/binutils-bin/2.46.0/ld: warning: creating DT_TEXTREL in a PIE
collect2: error: ld returned 1 exit status
configure:35328: $? = 1
configure: failed program was:
| /* confdefs.h */
| #define PACKAGE_NAME "GNU tar"
| #define PACKAGE_TARNAME "tar"
| #define PACKAGE_VERSION "1.35"
| #define PACKAGE_STRING "GNU tar 1.35"
| #define PACKAGE_BUGREPORT "bug-tar@gnu.org"
| #define PACKAGE_URL "https://www.gnu.org/software/tar/"
| #define PACKAGE "tar"
| #define VERSION "1.35"
| #define HAVE_STDIO_H 1
| #define HAVE_STDLIB_H 1
| #define HAVE_STRING_H 1
| #define HAVE_INTTYPES_H 1
| #define HAVE_STDINT_H 1
| #define HAVE_STRINGS_H 1
| #define HAVE_SYS_STAT_H 1
| #define HAVE_SYS_TYPES_H 1
| #define HAVE_UNISTD_H 1
| #define HAVE_WCHAR_H 1
| #define HAVE_FCNTL_H 1
| #define HAVE_LINUX_FD_H 1
| #define HAVE_MEMORY_H 1
| #define HAVE_SGTTY_H 1
| #define HAVE_SYS_PARAM_H 1
| #define HAVE_SYS_MTIO_H 1
| #define HAVE_SYS_TIME_H 1
| #define HAVE_LOCALE_H 1
| #define HAVE_FEATURES_H 1
| #define HAVE_UCHAR_H 1
| #define HAVE_SYS_SOCKET_H 1
| #define HAVE_DIRENT_H 1
| #define HAVE_ERROR_H 1
| #define HAVE_LINUX_XATTR_H 1
| #define HAVE_FNMATCH_H 1
| #define HAVE_STDIO_EXT_H 1
| #define HAVE_GETOPT_H 1
| #define HAVE_SYS_CDEFS_H 1
| #define HAVE_THREADS_H 1
| #define HAVE_LIMITS_H 1
| #define HAVE_WCTYPE_H 1
| #define HAVE_LANGINFO_H 1
| #define HAVE_SYS_MMAN_H 1
| #define HAVE_MALLOC_H 1
| #define HAVE_STDBOOL_H 1
| #define HAVE_STDCKDINT_H 1
| #define HAVE_SYS_RANDOM_H 1
| #define HAVE_SYSEXITS_H 1
| #define HAVE_UTIME_H 1
| #define HAVE_NETDB_H 1
| #define HAVE_SYS_WAIT_H 1
| #define HAVE_PWD_H 1
| #define HAVE_GRP_H 1
| #define STDC_HEADERS 1
| #define _ALL_SOURCE 1
| #define _DARWIN_C_SOURCE 1
| #define _GNU_SOURCE 1
| #define _HPUX_ALT_XOPEN_SOCKET_API 1
| #define _NETBSD_SOURCE 1
| #define _OPENBSD_SOURCE 1
| #define _POSIX_PTHREAD_SEMANTICS 1
| #define __STDC_WANT_IEC_60559_ATTRIBS_EXT__ 1
| #define __STDC_WANT_IEC_60559_BFP_EXT__ 1
| #define __STDC_WANT_IEC_60559_DFP_EXT__ 1
| #define __STDC_WANT_IEC_60559_EXT__ 1
| #define __STDC_WANT_IEC_60559_FUNCS_EXT__ 1
| #define __STDC_WANT_IEC_60559_TYPES_EXT__ 1
| #define __STDC_WANT_LIB_EXT2__ 1
| #define __STDC_WANT_MATH_SPEC_FUNCS__ 1
| #define _TANDEM_SOURCE 1
| #define __EXTENSIONS__ 1
| #define HAVE_FSEEKO 1
| #define __USE_MINGW_ANSI_STDIO 1
| #define MAJOR_IN_SYSMACROS 1
| #define HAVE_SYS_ACL_H 1
| #define HAVE_POSIX_ACLS /**/
| #define major_t int
| #define minor_t int
| #define HAVE_FCHMOD 1
| #define HAVE_FLOCKFILE 1
| #define HAVE_FUNLOCKFILE 1
| #define HAVE_PATHCONF 1
| #define HAVE_BTOWC 1
| #define HAVE_MBRTOWC 1
| #define HAVE_MBSINIT 1
| #define HAVE_CANONICALIZE_FILE_NAME 1
| #define HAVE_REALPATH 1
| #define HAVE_LSTAT 1
| #define HAVE_CHOWN 1
| #define HAVE_FCHOWN 1
| #define HAVE_FCHDIR 1
| #define HAVE_FDOPENDIR 1
| #define HAVE_FCHMODAT 1
| #define HAVE_LCHMOD 1
| #define HAVE_FCNTL 1
| #define HAVE_SYMLINK 1
| #define HAVE_LISTXATTR 1
| #define HAVE_FNMATCH 1
| #define HAVE_MBSRTOWCS 1
| #define HAVE_FSTATAT 1
| #define HAVE_GETDTABLESIZE 1
| #define HAVE_GETTIMEOFDAY 1
| #define HAVE_ISBLANK 1
| #define HAVE_ISWCNTRL 1
| #define HAVE_LINK 1
| #define HAVE_READLINK 1
| #define HAVE_OPENAT 1
| #define HAVE_MPROTECT 1
| #define HAVE_MKDIRAT 1
| #define HAVE_MKNOD 1
| #define HAVE_PIPE 1
| #define HAVE_ISWCTYPE 1
| #define HAVE_RENAMEAT 1
| #define HAVE_SETENV 1
| #define HAVE_SLEEP 1
| #define HAVE_SNPRINTF 1
| #define HAVE_STRNDUP 1
| #define HAVE_STRTOIMAX 1
| #define HAVE_STRTOUMAX 1
| #define HAVE_LOCALTIME_R 1
| #define HAVE_UNLINKAT 1
| #define HAVE_WCRTOMB 1
| #define HAVE_WCWIDTH 1
| #define HAVE_MKFIFO 1
| #define HAVE_SETLOCALE 1
| #define HAVE_FSYNC 1
| #define HAVE_SYS_ACL_H 1
| #define HAVE_ACL_GET_FILE 1
| #define HAVE_ACL_GET_FD 1
| #define HAVE_ACL_SET_FILE 1
| #define HAVE_ACL_SET_FD 1
| #define HAVE_ACL_FREE 1
| #define HAVE_ACL_FROM_MODE 1
| #define HAVE_ACL_FROM_TEXT 1
| #define HAVE_ACL_DELETE_DEF_FILE 1
| #define HAVE_ACL_EXTENDED_FILE 1
| #define HAVE_ACL_LIBACL_H 1
| #define HAVE_ACL_ENTRIES 1
| #define HAVE_ACL_FIRST_ENTRY 1
| #define USE_ACL 1
| #define HAVE_ALLOCA_H 1
| #define HAVE_ALLOCA 1
| #define restrict __restrict__
| #define HAVE_DECL_CLEARERR_UNLOCKED 1
| #define HAVE_DECL_FEOF_UNLOCKED 1
| #define HAVE_DECL_FERROR_UNLOCKED 1
| #define HAVE_DECL_FFLUSH_UNLOCKED 1
| #define HAVE_DECL_FGETS_UNLOCKED 1
| #define HAVE_DECL_FPUTC_UNLOCKED 1
| #define HAVE_DECL_FPUTS_UNLOCKED 1
| #define HAVE_DECL_FREAD_UNLOCKED 1
| #define HAVE_DECL_FWRITE_UNLOCKED 1
| #define HAVE_DECL_GETC_UNLOCKED 1
| #define HAVE_DECL_GETCHAR_UNLOCKED 1
| #define HAVE_DECL_PUTC_UNLOCKED 1
| #define HAVE_DECL_PUTCHAR_UNLOCKED 1
| #define HAVE_DECL_STRERROR_R 1
| #define HAVE_STRERROR_R 1
| #define STRERROR_R_CHAR_P 1
| #define HAVE_LONG_FILE_NAMES 1
| #define HAVE_LANGINFO_CODESET 1
| #define BITSIZEOF_WCHAR_T 32
| #define HAVE_MBSTATE_T 1
| #define HAVE_WORKING_MBRTOC32 1
| #define HAVE_MALLOC_POSIX 1
| #define LSTAT_FOLLOWS_SLASHED_SYMLINK 1
| #define FUNC_REALPATH_WORKS 1
| #define HAVE_FACCESSAT 1
| #define HAVE_GETCWD 1
| #define HAVE_UNISTD_H 1
| #define HAVE_CHOWN 1
| #define HAVE_ENVIRON_DECL 1
| #define HAVE_ERROR 1
| #define GETGROUPS_T gid_t
| #define HAVE_DECL_FCHDIR 1
| #define HAVE_WORKING_O_NOATIME 1
| #define HAVE_WORKING_O_NOFOLLOW 1
| #define PROMOTED_MODE_T mode_t
| #define FUNC_FFLUSH_STDIN 1
| #define _USE_STD_STAT 1
| #define HAVE_DECL_FSEEKO 1
| #define FUNC_FFLUSH_STDIN 1
| #define HAVE_DECL_GETCWD 1
| #define HAVE_DECL_GETDELIM 1
| #define HAVE_DECL_GETDTABLESIZE 1
| #define HAVE_DECL_GETLINE 1
| #define HAVE_GETOPT_H 1
| #define HAVE_GETOPT_LONG_ONLY 1
| #define HAVE_PTHREAD_API 1
| #define SETLOCALE_NULL_ALL_MTSAFE 1
| #define SETLOCALE_NULL_ONE_MTSAFE 1
| #define HAVE_WINT_T 1
| #define HAVE_LONG_LONG_INT 1
| #define HAVE_UNSIGNED_LONG_LONG_INT 1
| #define HAVE_TOWLOWER 1
| #define HAVE_WCHAR_T 1
| #define MALLOC_0_IS_NONNULL 1
| #define HAVE_MAP_ANONYMOUS 1
| #define HAVE_DECL_MEMRCHR 1
| #define HAVE_MINMAX_IN_SYS_PARAM_H 1
| #define TIME_T_IS_SIGNED 1
| #define HAVE_DECL_ALARM 1
| #define HAVE_STRUCT_TM_TM_ZONE 1
| #define HAVE_TM_ZONE 1
| #define HAVE_TM_GMTOFF 1
| #define HAVE_COMPOUND_LITERALS 1
| #define HAVE_DECL_SETENV 1
| #define HAVE_SEARCH_H 1
| #define HAVE_TSEARCH 1
| #define HAVE_SIGSET_T 1
| #define HAVE_DECL_SNPRINTF 1
| #define HAVE_DECL_FCLOSEALL 1
| #define HAVE_DECL_GETW 1
| #define HAVE_DECL_PUTW 1
| #define HAVE_DECL_ECVT 1
| #define HAVE_DECL_FCVT 1
| #define HAVE_DECL_GCVT 1
| #define HAVE_DECL_STRDUP 1
| #define HAVE_DECL_STRNDUP 1
| #define HAVE_DECL_STRNLEN 1
| #define HAVE_DECL_STRTOIMAX 1
| #define HAVE_DECL_STRTOUMAX 1
| #define HAVE_DECL_EXECVPE 1
| #define HAVE_DECL_UNSETENV 1
| #define HAVE_WORKING_UTIMES 1
| #define HAVE_INTTYPES_H_WITH_UINTMAX 1
| #define HAVE_STDINT_H_WITH_UINTMAX 1
| #define HAVE_INTMAX_T 1
| #define DBL_EXPBIT0_WORD 1
| #define DBL_EXPBIT0_BIT 20
| #define HAVE_WCSLEN 1
| #define HAVE_SNPRINTF 1
| #define HAVE_STRNLEN 1
| #define HAVE_WCRTOMB 1
| #define HAVE_DECL__SNPRINTF 0
| #define HAVE_SNPRINTF_RETVAL_C99 1
| #define HAVE_SNPRINTF_TRUNCATION_C99 1
| #define HAVE_DECL_VSNPRINTF 1
| #define HAVE_DECL_WCSDUP 1
| #define HAVE_C_ALIGNASOF 1
| #define HAVE_ALLOCA 1
| #define GNULIB_AREADLINKAT 1
| #define GNULIB_AREADLINKAT_WITH_SIZE 1
| #define HAVE_DECL_PROGRAM_INVOCATION_NAME 1
| #define HAVE_DECL_PROGRAM_INVOCATION_SHORT_NAME 1
| #define HAVE_PROGRAM_INVOCATION_NAME 1
| #define HAVE_PROGRAM_INVOCATION_SHORT_NAME 1
| #define HAVE_C_STATIC_ASSERT 1
| #define GNULIB_TEST_BTOWC 1
| #define HAVE___BUILTIN_EXPECT 1
| #define GNULIB_TEST_C32ISALNUM 1
| #define GNULIB_TEST_C32ISALPHA 1
| #define GNULIB_TEST_C32ISBLANK 1
| #define GNULIB_TEST_C32ISCNTRL 1
| #define GNULIB_TEST_C32ISDIGIT 1
| #define GNULIB_TEST_C32ISGRAPH 1
| #define GNULIB_TEST_C32ISLOWER 1
| #define GNULIB_TEST_C32ISPRINT 1
| #define GNULIB_TEST_C32ISPUNCT 1
| #define GNULIB_TEST_C32ISSPACE 1
| #define GNULIB_TEST_C32ISUPPER 1
| #define GNULIB_TEST_C32ISXDIGIT 1
| #define GNULIB_TEST_C32TOLOWER 1
| #define GNULIB_TEST_C32WIDTH 1
| #define GNULIB_TEST_CALLOC_GNU 1
| #define GNULIB_TEST_CALLOC_POSIX 1
| #define GNULIB_CANONICALIZE_LGPL 1
| #define GNULIB_TEST_CANONICALIZE_FILE_NAME 1
| #define GNULIB_TEST_REALPATH 1
| #define HAVE_READLINKAT 1
| #define GNULIB_TEST_CHDIR 1
| #define GNULIB_TEST_CHMOD 1
| #define GNULIB_TEST_CHOWN 1
| #define HAVE_CLOCK_GETRES 1
| #define HAVE_CLOCK_GETTIME 1
| #define HAVE_CLOCK_SETTIME 1
| #define GNULIB_TEST_CLOEXEC 1
| #define GNULIB_TEST_CLOSE 1
| #define GNULIB_CLOSE_STREAM 1
| #define HAVE_CLOSEDIR 1
| #define GNULIB_TEST_CLOSEDIR 1
| #define GNULIB_DIRENT_SAFER 1
| #define HAVE_DIRFD 1
| #define HAVE_DECL_DIRFD 1
| #define GNULIB_TEST_DIRFD 1
| #define GNULIB_DIRNAME 1
| #define GNULIB_TEST_DUP 1
| #define GNULIB_TEST_DUP2 1
| #define GNULIB_TEST_ENVIRON 1
| #define HAVE_EUIDACCESS 1
| #define GNULIB_TEST_EUIDACCESS 1
| #define HAVE_FACCESSAT 1
| #define GNULIB_FACCESSAT 1
| #define GNULIB_TEST_FACCESSAT 1
| #define GNULIB_TEST_FCHDIR 1
| #define GNULIB_TEST_FCHMODAT 1
| #define GNULIB_TEST_FCHOWNAT 1
| #define GNULIB_TEST_FCNTL 1
| #define GNULIB_FCNTL_SAFER 1
| #define GNULIB_FD_SAFER_FLAG 1
| #define HAVE_DECL_FDOPENDIR 1
| #define GNULIB_TEST_FDOPENDIR 1
| #define GNULIB_FDOPENDIR 1
| #define GNULIB_FDUTIMENSAT 1
| #define HAVE_STRUCT_STAT_ST_BLOCKS 1
| #define HAVE_ST_BLOCKS 1
| #define HAVE_MEMPCPY 1
| #define FLEXIBLE_ARRAY_MEMBER /**/
| #define GNULIB_TEST_FNMATCH 1
| #define GNULIB_FNMATCH_GNU 1
| #define GNULIB_TEST_FOPEN 1
| #define GNULIB_FOPEN_GNU 1
| #define GNULIB_TEST_FOPEN_GNU 1
| #define HAVE_DECL___FPENDING 1
| #define HAVE_FREE_POSIX 1
| #define GNULIB_TEST_FREE_POSIX 1
| #define GNULIB_TEST_FSEEK 1
| #define FUNC_FFLUSH_STDIN 1
| #define GNULIB_TEST_FSEEKO 1
| #define GNULIB_TEST_FSTAT 1
| #define GNULIB_TEST_FSTATAT 1
| #define HAVE_FUTIMENS 1
| #define GNULIB_TEST_FUTIMENS 1
| #define HAVE_MINIMALLY_WORKING_GETCWD 1
| #define GNULIB_GETCWD 1
| #define GNULIB_TEST_GETCWD 1
| #define GNULIB_TEST_GETCWD 1
| #define HAVE_GETDELIM 1
| #define GNULIB_TEST_GETDELIM 1
| #define GNULIB_TEST_GETDTABLESIZE 1
| #define HAVE_GETGROUPS 1
| #define GNULIB_TEST_GETGROUPS 1
| #define HAVE_GETLINE 1
| #define GNULIB_TEST_GETLINE 1
| #define __GETOPT_PREFIX rpl_
| #define GNULIB_TEST_GETOPT_POSIX 1
| #define GNULIB_TEST_GETPAGESIZE 1
| #define HAVE_DECL_PROGRAM_INVOCATION_NAME 1
| #define HAVE_DECL_PROGRAM_INVOCATION_NAME 1
| #define HAVE_DECL_PROGRAM_INVOCATION_SHORT_NAME 1
| #define HAVE_DECL___ARGV 0
| #define GNULIB_TEST_GETPROGNAME 1
| #define HAVE_GETRANDOM 1
| #define GNULIB_TEST_GETRANDOM 1
| #define HAVE_TIMESPEC_GET 1
| #define GETTIMEOFDAY_TIMEZONE void
| #define GNULIB_TEST_GETTIMEOFDAY 1
| #define GNULIB_TEST_GROUP_MEMBER 1
| #define GNULIB_ISBLANK 1
| #define HAVE_ISWBLANK 1
| #define HAVE_DECL_ISWBLANK 1
| #define GNULIB_TEST_ISWBLANK 1
| #define GNULIB_TEST_ISWDIGIT 1
| #define GNULIB_TEST_ISWXDIGIT 1
| #define GNULIB_TEST_LCHMOD 1
| #define HAVE_LCHOWN 1
| #define GNULIB_TEST_LCHOWN 1
| #define HAVE___INLINE 1
| #define GNULIB_TEST_LINK 1
| /* end confdefs.h.  */
| extern int __xpg4;
| int
| main (void)
| {
| return __xpg4;
|   ;
|   return 0;
| }
configure:35338: result: no
configure:35343: checking whether link(2) dereferences a symlink
configure:35403: gcc -o conftest -g -O2   conftest.c -lacl  >&5
configure:35403: $? = 0
configure:35403: ./conftest
configure:35403: $? = 0
configure:35416: result: no
configure:35437: checking for linkat
configure:35474: checking for linkat
configure:35474: gcc -o conftest -g -O2   conftest.c -lacl  >&5
configure:35474: $? = 0
configure:35474: result: yes
configure:35489: result: yes
configure:35509: checking whether linkat() can link symlinks
configure:35539: gcc -o conftest -g -O2   conftest.c -lacl  >&5
configure:35539: $? = 0
configure:35539: ./conftest
configure:35539: $? = 0
configure:35552: result: yes
configure:35560: checking whether linkat handles trailing slash correctly
configure:35634: gcc -o conftest -g -O2   conftest.c -lacl  >&5
configure:35634: $? = 0
configure:35634: ./conftest
configure:35634: $? = 0
configure:35646: result: yes
configure:35737: checking whether localeconv works
configure:35769: gcc -o conftest -g -O2   conftest.c -lacl  >&5
configure:35769: $? = 0
configure:35769: ./conftest
configure:35769: $? = 0
configure:35781: result: yes
configure:35854: checking whether lseek detects pipes
configure:35891: gcc -o conftest -g -O2   conftest.c -lacl  >&5
configure:35891: $? = 0
configure:35928: result: yes
configure:35944: checking whether SEEK_DATA works but is incompatible with GNU
configure:35966: gcc -E  conftest.c
conftest.c:374:18: error: #error "No need to work around the bug"
  374 |                 #error "No need to work around the bug"
      |                  ^~~~~
configure:35966: $? = 1
configure: failed program was:
| /* confdefs.h */
| #define PACKAGE_NAME "GNU tar"
| #define PACKAGE_TARNAME "tar"
| #define PACKAGE_VERSION "1.35"
| #define PACKAGE_STRING "GNU tar 1.35"
| #define PACKAGE_BUGREPORT "bug-tar@gnu.org"
| #define PACKAGE_URL "https://www.gnu.org/software/tar/"
| #define PACKAGE "tar"
| #define VERSION "1.35"
| #define HAVE_STDIO_H 1
| #define HAVE_STDLIB_H 1
| #define HAVE_STRING_H 1
| #define HAVE_INTTYPES_H 1
| #define HAVE_STDINT_H 1
| #define HAVE_STRINGS_H 1
| #define HAVE_SYS_STAT_H 1
| #define HAVE_SYS_TYPES_H 1
| #define HAVE_UNISTD_H 1
| #define HAVE_WCHAR_H 1
| #define HAVE_FCNTL_H 1
| #define HAVE_LINUX_FD_H 1
| #define HAVE_MEMORY_H 1
| #define HAVE_SGTTY_H 1
| #define HAVE_SYS_PARAM_H 1
| #define HAVE_SYS_MTIO_H 1
| #define HAVE_SYS_TIME_H 1
| #define HAVE_LOCALE_H 1
| #define HAVE_FEATURES_H 1
| #define HAVE_UCHAR_H 1
| #define HAVE_SYS_SOCKET_H 1
| #define HAVE_DIRENT_H 1
| #define HAVE_ERROR_H 1
| #define HAVE_LINUX_XATTR_H 1
| #define HAVE_FNMATCH_H 1
| #define HAVE_STDIO_EXT_H 1
| #define HAVE_GETOPT_H 1
| #define HAVE_SYS_CDEFS_H 1
| #define HAVE_THREADS_H 1
| #define HAVE_LIMITS_H 1
| #define HAVE_WCTYPE_H 1
| #define HAVE_LANGINFO_H 1
| #define HAVE_SYS_MMAN_H 1
| #define HAVE_MALLOC_H 1
| #define HAVE_STDBOOL_H 1
| #define HAVE_STDCKDINT_H 1
| #define HAVE_SYS_RANDOM_H 1
| #define HAVE_SYSEXITS_H 1
| #define HAVE_UTIME_H 1
| #define HAVE_NETDB_H 1
| #define HAVE_SYS_WAIT_H 1
| #define HAVE_PWD_H 1
| #define HAVE_GRP_H 1
| #define STDC_HEADERS 1
| #define _ALL_SOURCE 1
| #define _DARWIN_C_SOURCE 1
| #define _GNU_SOURCE 1
| #define _HPUX_ALT_XOPEN_SOCKET_API 1
| #define _NETBSD_SOURCE 1
| #define _OPENBSD_SOURCE 1
| #define _POSIX_PTHREAD_SEMANTICS 1
| #define __STDC_WANT_IEC_60559_ATTRIBS_EXT__ 1
| #define __STDC_WANT_IEC_60559_BFP_EXT__ 1
| #define __STDC_WANT_IEC_60559_DFP_EXT__ 1
| #define __STDC_WANT_IEC_60559_EXT__ 1
| #define __STDC_WANT_IEC_60559_FUNCS_EXT__ 1
| #define __STDC_WANT_IEC_60559_TYPES_EXT__ 1
| #define __STDC_WANT_LIB_EXT2__ 1
| #define __STDC_WANT_MATH_SPEC_FUNCS__ 1
| #define _TANDEM_SOURCE 1
| #define __EXTENSIONS__ 1
| #define HAVE_FSEEKO 1
| #define __USE_MINGW_ANSI_STDIO 1
| #define MAJOR_IN_SYSMACROS 1
| #define HAVE_SYS_ACL_H 1
| #define HAVE_POSIX_ACLS /**/
| #define major_t int
| #define minor_t int
| #define HAVE_FCHMOD 1
| #define HAVE_FLOCKFILE 1
| #define HAVE_FUNLOCKFILE 1
| #define HAVE_PATHCONF 1
| #define HAVE_BTOWC 1
| #define HAVE_MBRTOWC 1
| #define HAVE_MBSINIT 1
| #define HAVE_CANONICALIZE_FILE_NAME 1
| #define HAVE_REALPATH 1
| #define HAVE_LSTAT 1
| #define HAVE_CHOWN 1
| #define HAVE_FCHOWN 1
| #define HAVE_FCHDIR 1
| #define HAVE_FDOPENDIR 1
| #define HAVE_FCHMODAT 1
| #define HAVE_LCHMOD 1
| #define HAVE_FCNTL 1
| #define HAVE_SYMLINK 1
| #define HAVE_LISTXATTR 1
| #define HAVE_FNMATCH 1
| #define HAVE_MBSRTOWCS 1
| #define HAVE_FSTATAT 1
| #define HAVE_GETDTABLESIZE 1
| #define HAVE_GETTIMEOFDAY 1
| #define HAVE_ISBLANK 1
| #define HAVE_ISWCNTRL 1
| #define HAVE_LINK 1
| #define HAVE_READLINK 1
| #define HAVE_OPENAT 1
| #define HAVE_MPROTECT 1
| #define HAVE_MKDIRAT 1
| #define HAVE_MKNOD 1
| #define HAVE_PIPE 1
| #define HAVE_ISWCTYPE 1
| #define HAVE_RENAMEAT 1
| #define HAVE_SETENV 1
| #define HAVE_SLEEP 1
| #define HAVE_SNPRINTF 1
| #define HAVE_STRNDUP 1
| #define HAVE_STRTOIMAX 1
| #define HAVE_STRTOUMAX 1
| #define HAVE_LOCALTIME_R 1
| #define HAVE_UNLINKAT 1
| #define HAVE_WCRTOMB 1
| #define HAVE_WCWIDTH 1
| #define HAVE_MKFIFO 1
| #define HAVE_SETLOCALE 1
| #define HAVE_FSYNC 1
| #define HAVE_SYS_ACL_H 1
| #define HAVE_ACL_GET_FILE 1
| #define HAVE_ACL_GET_FD 1
| #define HAVE_ACL_SET_FILE 1
| #define HAVE_ACL_SET_FD 1
| #define HAVE_ACL_FREE 1
| #define HAVE_ACL_FROM_MODE 1
| #define HAVE_ACL_FROM_TEXT 1
| #define HAVE_ACL_DELETE_DEF_FILE 1
| #define HAVE_ACL_EXTENDED_FILE 1
| #define HAVE_ACL_LIBACL_H 1
| #define HAVE_ACL_ENTRIES 1
| #define HAVE_ACL_FIRST_ENTRY 1
| #define USE_ACL 1
| #define HAVE_ALLOCA_H 1
| #define HAVE_ALLOCA 1
| #define restrict __restrict__
| #define HAVE_DECL_CLEARERR_UNLOCKED 1
| #define HAVE_DECL_FEOF_UNLOCKED 1
| #define HAVE_DECL_FERROR_UNLOCKED 1
| #define HAVE_DECL_FFLUSH_UNLOCKED 1
| #define HAVE_DECL_FGETS_UNLOCKED 1
| #define HAVE_DECL_FPUTC_UNLOCKED 1
| #define HAVE_DECL_FPUTS_UNLOCKED 1
| #define HAVE_DECL_FREAD_UNLOCKED 1
| #define HAVE_DECL_FWRITE_UNLOCKED 1
| #define HAVE_DECL_GETC_UNLOCKED 1
| #define HAVE_DECL_GETCHAR_UNLOCKED 1
| #define HAVE_DECL_PUTC_UNLOCKED 1
| #define HAVE_DECL_PUTCHAR_UNLOCKED 1
| #define HAVE_DECL_STRERROR_R 1
| #define HAVE_STRERROR_R 1
| #define STRERROR_R_CHAR_P 1
| #define HAVE_LONG_FILE_NAMES 1
| #define HAVE_LANGINFO_CODESET 1
| #define BITSIZEOF_WCHAR_T 32
| #define HAVE_MBSTATE_T 1
| #define HAVE_WORKING_MBRTOC32 1
| #define HAVE_MALLOC_POSIX 1
| #define LSTAT_FOLLOWS_SLASHED_SYMLINK 1
| #define FUNC_REALPATH_WORKS 1
| #define HAVE_FACCESSAT 1
| #define HAVE_GETCWD 1
| #define HAVE_UNISTD_H 1
| #define HAVE_CHOWN 1
| #define HAVE_ENVIRON_DECL 1
| #define HAVE_ERROR 1
| #define GETGROUPS_T gid_t
| #define HAVE_DECL_FCHDIR 1
| #define HAVE_WORKING_O_NOATIME 1
| #define HAVE_WORKING_O_NOFOLLOW 1
| #define PROMOTED_MODE_T mode_t
| #define FUNC_FFLUSH_STDIN 1
| #define _USE_STD_STAT 1
| #define HAVE_DECL_FSEEKO 1
| #define FUNC_FFLUSH_STDIN 1
| #define HAVE_DECL_GETCWD 1
| #define HAVE_DECL_GETDELIM 1
| #define HAVE_DECL_GETDTABLESIZE 1
| #define HAVE_DECL_GETLINE 1
| #define HAVE_GETOPT_H 1
| #define HAVE_GETOPT_LONG_ONLY 1
| #define HAVE_PTHREAD_API 1
| #define SETLOCALE_NULL_ALL_MTSAFE 1
| #define SETLOCALE_NULL_ONE_MTSAFE 1
| #define HAVE_WINT_T 1
| #define HAVE_LONG_LONG_INT 1
| #define HAVE_UNSIGNED_LONG_LONG_INT 1
| #define HAVE_TOWLOWER 1
| #define HAVE_WCHAR_T 1
| #define MALLOC_0_IS_NONNULL 1
| #define HAVE_MAP_ANONYMOUS 1
| #define HAVE_DECL_MEMRCHR 1
| #define HAVE_MINMAX_IN_SYS_PARAM_H 1
| #define TIME_T_IS_SIGNED 1
| #define HAVE_DECL_ALARM 1
| #define HAVE_STRUCT_TM_TM_ZONE 1
| #define HAVE_TM_ZONE 1
| #define HAVE_TM_GMTOFF 1
| #define HAVE_COMPOUND_LITERALS 1
| #define HAVE_DECL_SETENV 1
| #define HAVE_SEARCH_H 1
| #define HAVE_TSEARCH 1
| #define HAVE_SIGSET_T 1
| #define HAVE_DECL_SNPRINTF 1
| #define HAVE_DECL_FCLOSEALL 1
| #define HAVE_DECL_GETW 1
| #define HAVE_DECL_PUTW 1
| #define HAVE_DECL_ECVT 1
| #define HAVE_DECL_FCVT 1
| #define HAVE_DECL_GCVT 1
| #define HAVE_DECL_STRDUP 1
| #define HAVE_DECL_STRNDUP 1
| #define HAVE_DECL_STRNLEN 1
| #define HAVE_DECL_STRTOIMAX 1
| #define HAVE_DECL_STRTOUMAX 1
| #define HAVE_DECL_EXECVPE 1
| #define HAVE_DECL_UNSETENV 1
| #define HAVE_WORKING_UTIMES 1
| #define HAVE_INTTYPES_H_WITH_UINTMAX 1
| #define HAVE_STDINT_H_WITH_UINTMAX 1
| #define HAVE_INTMAX_T 1
| #define DBL_EXPBIT0_WORD 1
| #define DBL_EXPBIT0_BIT 20
| #define HAVE_WCSLEN 1
| #define HAVE_SNPRINTF 1
| #define HAVE_STRNLEN 1
| #define HAVE_WCRTOMB 1
| #define HAVE_DECL__SNPRINTF 0
| #define HAVE_SNPRINTF_RETVAL_C99 1
| #define HAVE_SNPRINTF_TRUNCATION_C99 1
| #define HAVE_DECL_VSNPRINTF 1
| #define HAVE_DECL_WCSDUP 1
| #define HAVE_C_ALIGNASOF 1
| #define HAVE_ALLOCA 1
| #define GNULIB_AREADLINKAT 1
| #define GNULIB_AREADLINKAT_WITH_SIZE 1
| #define HAVE_DECL_PROGRAM_INVOCATION_NAME 1
| #define HAVE_DECL_PROGRAM_INVOCATION_SHORT_NAME 1
| #define HAVE_PROGRAM_INVOCATION_NAME 1
| #define HAVE_PROGRAM_INVOCATION_SHORT_NAME 1
| #define HAVE_C_STATIC_ASSERT 1
| #define GNULIB_TEST_BTOWC 1
| #define HAVE___BUILTIN_EXPECT 1
| #define GNULIB_TEST_C32ISALNUM 1
| #define GNULIB_TEST_C32ISALPHA 1
| #define GNULIB_TEST_C32ISBLANK 1
| #define GNULIB_TEST_C32ISCNTRL 1
| #define GNULIB_TEST_C32ISDIGIT 1
| #define GNULIB_TEST_C32ISGRAPH 1
| #define GNULIB_TEST_C32ISLOWER 1
| #define GNULIB_TEST_C32ISPRINT 1
| #define GNULIB_TEST_C32ISPUNCT 1
| #define GNULIB_TEST_C32ISSPACE 1
| #define GNULIB_TEST_C32ISUPPER 1
| #define GNULIB_TEST_C32ISXDIGIT 1
| #define GNULIB_TEST_C32TOLOWER 1
| #define GNULIB_TEST_C32WIDTH 1
| #define GNULIB_TEST_CALLOC_GNU 1
| #define GNULIB_TEST_CALLOC_POSIX 1
| #define GNULIB_CANONICALIZE_LGPL 1
| #define GNULIB_TEST_CANONICALIZE_FILE_NAME 1
| #define GNULIB_TEST_REALPATH 1
| #define HAVE_READLINKAT 1
| #define GNULIB_TEST_CHDIR 1
| #define GNULIB_TEST_CHMOD 1
| #define GNULIB_TEST_CHOWN 1
| #define HAVE_CLOCK_GETRES 1
| #define HAVE_CLOCK_GETTIME 1
| #define HAVE_CLOCK_SETTIME 1
| #define GNULIB_TEST_CLOEXEC 1
| #define GNULIB_TEST_CLOSE 1
| #define GNULIB_CLOSE_STREAM 1
| #define HAVE_CLOSEDIR 1
| #define GNULIB_TEST_CLOSEDIR 1
| #define GNULIB_DIRENT_SAFER 1
| #define HAVE_DIRFD 1
| #define HAVE_DECL_DIRFD 1
| #define GNULIB_TEST_DIRFD 1
| #define GNULIB_DIRNAME 1
| #define GNULIB_TEST_DUP 1
| #define GNULIB_TEST_DUP2 1
| #define GNULIB_TEST_ENVIRON 1
| #define HAVE_EUIDACCESS 1
| #define GNULIB_TEST_EUIDACCESS 1
| #define HAVE_FACCESSAT 1
| #define GNULIB_FACCESSAT 1
| #define GNULIB_TEST_FACCESSAT 1
| #define GNULIB_TEST_FCHDIR 1
| #define GNULIB_TEST_FCHMODAT 1
| #define GNULIB_TEST_FCHOWNAT 1
| #define GNULIB_TEST_FCNTL 1
| #define GNULIB_FCNTL_SAFER 1
| #define GNULIB_FD_SAFER_FLAG 1
| #define HAVE_DECL_FDOPENDIR 1
| #define GNULIB_TEST_FDOPENDIR 1
| #define GNULIB_FDOPENDIR 1
| #define GNULIB_FDUTIMENSAT 1
| #define HAVE_STRUCT_STAT_ST_BLOCKS 1
| #define HAVE_ST_BLOCKS 1
| #define HAVE_MEMPCPY 1
| #define FLEXIBLE_ARRAY_MEMBER /**/
| #define GNULIB_TEST_FNMATCH 1
| #define GNULIB_FNMATCH_GNU 1
| #define GNULIB_TEST_FOPEN 1
| #define GNULIB_FOPEN_GNU 1
| #define GNULIB_TEST_FOPEN_GNU 1
| #define HAVE_DECL___FPENDING 1
| #define HAVE_FREE_POSIX 1
| #define GNULIB_TEST_FREE_POSIX 1
| #define GNULIB_TEST_FSEEK 1
| #define FUNC_FFLUSH_STDIN 1
| #define GNULIB_TEST_FSEEKO 1
| #define GNULIB_TEST_FSTAT 1
| #define GNULIB_TEST_FSTATAT 1
| #define HAVE_FUTIMENS 1
| #define GNULIB_TEST_FUTIMENS 1
| #define HAVE_MINIMALLY_WORKING_GETCWD 1
| #define GNULIB_GETCWD 1
| #define GNULIB_TEST_GETCWD 1
| #define GNULIB_TEST_GETCWD 1
| #define HAVE_GETDELIM 1
| #define GNULIB_TEST_GETDELIM 1
| #define GNULIB_TEST_GETDTABLESIZE 1
| #define HAVE_GETGROUPS 1
| #define GNULIB_TEST_GETGROUPS 1
| #define HAVE_GETLINE 1
| #define GNULIB_TEST_GETLINE 1
| #define __GETOPT_PREFIX rpl_
| #define GNULIB_TEST_GETOPT_POSIX 1
| #define GNULIB_TEST_GETPAGESIZE 1
| #define HAVE_DECL_PROGRAM_INVOCATION_NAME 1
| #define HAVE_DECL_PROGRAM_INVOCATION_NAME 1
| #define HAVE_DECL_PROGRAM_INVOCATION_SHORT_NAME 1
| #define HAVE_DECL___ARGV 0
| #define GNULIB_TEST_GETPROGNAME 1
| #define HAVE_GETRANDOM 1
| #define GNULIB_TEST_GETRANDOM 1
| #define HAVE_TIMESPEC_GET 1
| #define GETTIMEOFDAY_TIMEZONE void
| #define GNULIB_TEST_GETTIMEOFDAY 1
| #define GNULIB_TEST_GROUP_MEMBER 1
| #define GNULIB_ISBLANK 1
| #define HAVE_ISWBLANK 1
| #define HAVE_DECL_ISWBLANK 1
| #define GNULIB_TEST_ISWBLANK 1
| #define GNULIB_TEST_ISWDIGIT 1
| #define GNULIB_TEST_ISWXDIGIT 1
| #define GNULIB_TEST_LCHMOD 1
| #define HAVE_LCHOWN 1
| #define GNULIB_TEST_LCHOWN 1
| #define HAVE___INLINE 1
| #define GNULIB_TEST_LINK 1
| #define LINK_FOLLOWS_SYMLINKS 0
| #define HAVE_LINKAT 1
| #define GNULIB_TEST_LINKAT 1
| #define GNULIB_TEST_LOCALECONV 1
| /* end confdefs.h.  */
|                           #include <unistd.h>
|                #if defined __APPLE__ && defined __MACH__ && defined SEEK_DATA
|                # ifdef __ENVIRONMENT_MAC_OS_X_VERSION_MIN_REQUIRED__
|                #  include <AvailabilityMacros.h>
|                # endif
|                # if 99990000 <= MAC_OS_X_VERSION_MIN_REQUIRED
|                #  define LSEEK_WORKS_BUT_IS_INCOMPATIBLE_WITH_GNU
|                # endif
|                #endif
|                #ifndef LSEEK_WORKS_BUT_IS_INCOMPATIBLE_WITH_GNU
|                 #error "No need to work around the bug"
|                #endif
| 
configure:35974: result: no
configure:36073: checking whether malloc (0) returns nonnull
configure:36120: result: yes
configure:36218: checking whether mbrtoc32 works on empty input
configure:36253: gcc -o conftest -g -O2   conftest.c -lacl  >&5
configure:36253: $? = 0
configure:36253: ./conftest
configure:36253: $? = 0
configure:36265: result: yes
configure:36269: checking whether the C locale is free of encoding errors
configure:36316: gcc -o conftest -g -O2   conftest.c -lacl  >&5
configure:36316: $? = 0
configure:36316: ./conftest
configure:36316: $? = 3
configure: program exited with status 3
configure: failed program was:
| /* confdefs.h */
| #define PACKAGE_NAME "GNU tar"
| #define PACKAGE_TARNAME "tar"
| #define PACKAGE_VERSION "1.35"
| #define PACKAGE_STRING "GNU tar 1.35"
| #define PACKAGE_BUGREPORT "bug-tar@gnu.org"
| #define PACKAGE_URL "https://www.gnu.org/software/tar/"
| #define PACKAGE "tar"
| #define VERSION "1.35"
| #define HAVE_STDIO_H 1
| #define HAVE_STDLIB_H 1
| #define HAVE_STRING_H 1
| #define HAVE_INTTYPES_H 1
| #define HAVE_STDINT_H 1
| #define HAVE_STRINGS_H 1
| #define HAVE_SYS_STAT_H 1
| #define HAVE_SYS_TYPES_H 1
| #define HAVE_UNISTD_H 1
| #define HAVE_WCHAR_H 1
| #define HAVE_FCNTL_H 1
| #define HAVE_LINUX_FD_H 1
| #define HAVE_MEMORY_H 1
| #define HAVE_SGTTY_H 1
| #define HAVE_SYS_PARAM_H 1
| #define HAVE_SYS_MTIO_H 1
| #define HAVE_SYS_TIME_H 1
| #define HAVE_LOCALE_H 1
| #define HAVE_FEATURES_H 1
| #define HAVE_UCHAR_H 1
| #define HAVE_SYS_SOCKET_H 1
| #define HAVE_DIRENT_H 1
| #define HAVE_ERROR_H 1
| #define HAVE_LINUX_XATTR_H 1
| #define HAVE_FNMATCH_H 1
| #define HAVE_STDIO_EXT_H 1
| #define HAVE_GETOPT_H 1
| #define HAVE_SYS_CDEFS_H 1
| #define HAVE_THREADS_H 1
| #define HAVE_LIMITS_H 1
| #define HAVE_WCTYPE_H 1
| #define HAVE_LANGINFO_H 1
| #define HAVE_SYS_MMAN_H 1
| #define HAVE_MALLOC_H 1
| #define HAVE_STDBOOL_H 1
| #define HAVE_STDCKDINT_H 1
| #define HAVE_SYS_RANDOM_H 1
| #define HAVE_SYSEXITS_H 1
| #define HAVE_UTIME_H 1
| #define HAVE_NETDB_H 1
| #define HAVE_SYS_WAIT_H 1
| #define HAVE_PWD_H 1
| #define HAVE_GRP_H 1
| #define STDC_HEADERS 1
| #define _ALL_SOURCE 1
| #define _DARWIN_C_SOURCE 1
| #define _GNU_SOURCE 1
| #define _HPUX_ALT_XOPEN_SOCKET_API 1
| #define _NETBSD_SOURCE 1
| #define _OPENBSD_SOURCE 1
| #define _POSIX_PTHREAD_SEMANTICS 1
| #define __STDC_WANT_IEC_60559_ATTRIBS_EXT__ 1
| #define __STDC_WANT_IEC_60559_BFP_EXT__ 1
| #define __STDC_WANT_IEC_60559_DFP_EXT__ 1
| #define __STDC_WANT_IEC_60559_EXT__ 1
| #define __STDC_WANT_IEC_60559_FUNCS_EXT__ 1
| #define __STDC_WANT_IEC_60559_TYPES_EXT__ 1
| #define __STDC_WANT_LIB_EXT2__ 1
| #define __STDC_WANT_MATH_SPEC_FUNCS__ 1
| #define _TANDEM_SOURCE 1
| #define __EXTENSIONS__ 1
| #define HAVE_FSEEKO 1
| #define __USE_MINGW_ANSI_STDIO 1
| #define MAJOR_IN_SYSMACROS 1
| #define HAVE_SYS_ACL_H 1
| #define HAVE_POSIX_ACLS /**/
| #define major_t int
| #define minor_t int
| #define HAVE_FCHMOD 1
| #define HAVE_FLOCKFILE 1
| #define HAVE_FUNLOCKFILE 1
| #define HAVE_PATHCONF 1
| #define HAVE_BTOWC 1
| #define HAVE_MBRTOWC 1
| #define HAVE_MBSINIT 1
| #define HAVE_CANONICALIZE_FILE_NAME 1
| #define HAVE_REALPATH 1
| #define HAVE_LSTAT 1
| #define HAVE_CHOWN 1
| #define HAVE_FCHOWN 1
| #define HAVE_FCHDIR 1
| #define HAVE_FDOPENDIR 1
| #define HAVE_FCHMODAT 1
| #define HAVE_LCHMOD 1
| #define HAVE_FCNTL 1
| #define HAVE_SYMLINK 1
| #define HAVE_LISTXATTR 1
| #define HAVE_FNMATCH 1
| #define HAVE_MBSRTOWCS 1
| #define HAVE_FSTATAT 1
| #define HAVE_GETDTABLESIZE 1
| #define HAVE_GETTIMEOFDAY 1
| #define HAVE_ISBLANK 1
| #define HAVE_ISWCNTRL 1
| #define HAVE_LINK 1
| #define HAVE_READLINK 1
| #define HAVE_OPENAT 1
| #define HAVE_MPROTECT 1
| #define HAVE_MKDIRAT 1
| #define HAVE_MKNOD 1
| #define HAVE_PIPE 1
| #define HAVE_ISWCTYPE 1
| #define HAVE_RENAMEAT 1
| #define HAVE_SETENV 1
| #define HAVE_SLEEP 1
| #define HAVE_SNPRINTF 1
| #define HAVE_STRNDUP 1
| #define HAVE_STRTOIMAX 1
| #define HAVE_STRTOUMAX 1
| #define HAVE_LOCALTIME_R 1
| #define HAVE_UNLINKAT 1
| #define HAVE_WCRTOMB 1
| #define HAVE_WCWIDTH 1
| #define HAVE_MKFIFO 1
| #define HAVE_SETLOCALE 1
| #define HAVE_FSYNC 1
| #define HAVE_SYS_ACL_H 1
| #define HAVE_ACL_GET_FILE 1
| #define HAVE_ACL_GET_FD 1
| #define HAVE_ACL_SET_FILE 1
| #define HAVE_ACL_SET_FD 1
| #define HAVE_ACL_FREE 1
| #define HAVE_ACL_FROM_MODE 1
| #define HAVE_ACL_FROM_TEXT 1
| #define HAVE_ACL_DELETE_DEF_FILE 1
| #define HAVE_ACL_EXTENDED_FILE 1
| #define HAVE_ACL_LIBACL_H 1
| #define HAVE_ACL_ENTRIES 1
| #define HAVE_ACL_FIRST_ENTRY 1
| #define USE_ACL 1
| #define HAVE_ALLOCA_H 1
| #define HAVE_ALLOCA 1
| #define restrict __restrict__
| #define HAVE_DECL_CLEARERR_UNLOCKED 1
| #define HAVE_DECL_FEOF_UNLOCKED 1
| #define HAVE_DECL_FERROR_UNLOCKED 1
| #define HAVE_DECL_FFLUSH_UNLOCKED 1
| #define HAVE_DECL_FGETS_UNLOCKED 1
| #define HAVE_DECL_FPUTC_UNLOCKED 1
| #define HAVE_DECL_FPUTS_UNLOCKED 1
| #define HAVE_DECL_FREAD_UNLOCKED 1
| #define HAVE_DECL_FWRITE_UNLOCKED 1
| #define HAVE_DECL_GETC_UNLOCKED 1
| #define HAVE_DECL_GETCHAR_UNLOCKED 1
| #define HAVE_DECL_PUTC_UNLOCKED 1
| #define HAVE_DECL_PUTCHAR_UNLOCKED 1
| #define HAVE_DECL_STRERROR_R 1
| #define HAVE_STRERROR_R 1
| #define STRERROR_R_CHAR_P 1
| #define HAVE_LONG_FILE_NAMES 1
| #define HAVE_LANGINFO_CODESET 1
| #define BITSIZEOF_WCHAR_T 32
| #define HAVE_MBSTATE_T 1
| #define HAVE_WORKING_MBRTOC32 1
| #define HAVE_MALLOC_POSIX 1
| #define LSTAT_FOLLOWS_SLASHED_SYMLINK 1
| #define FUNC_REALPATH_WORKS 1
| #define HAVE_FACCESSAT 1
| #define HAVE_GETCWD 1
| #define HAVE_UNISTD_H 1
| #define HAVE_CHOWN 1
| #define HAVE_ENVIRON_DECL 1
| #define HAVE_ERROR 1
| #define GETGROUPS_T gid_t
| #define HAVE_DECL_FCHDIR 1
| #define HAVE_WORKING_O_NOATIME 1
| #define HAVE_WORKING_O_NOFOLLOW 1
| #define PROMOTED_MODE_T mode_t
| #define FUNC_FFLUSH_STDIN 1
| #define _USE_STD_STAT 1
| #define HAVE_DECL_FSEEKO 1
| #define FUNC_FFLUSH_STDIN 1
| #define HAVE_DECL_GETCWD 1
| #define HAVE_DECL_GETDELIM 1
| #define HAVE_DECL_GETDTABLESIZE 1
| #define HAVE_DECL_GETLINE 1
| #define HAVE_GETOPT_H 1
| #define HAVE_GETOPT_LONG_ONLY 1
| #define HAVE_PTHREAD_API 1
| #define SETLOCALE_NULL_ALL_MTSAFE 1
| #define SETLOCALE_NULL_ONE_MTSAFE 1
| #define HAVE_WINT_T 1
| #define HAVE_LONG_LONG_INT 1
| #define HAVE_UNSIGNED_LONG_LONG_INT 1
| #define HAVE_TOWLOWER 1
| #define HAVE_WCHAR_T 1
| #define MALLOC_0_IS_NONNULL 1
| #define HAVE_MAP_ANONYMOUS 1
| #define HAVE_DECL_MEMRCHR 1
| #define HAVE_MINMAX_IN_SYS_PARAM_H 1
| #define TIME_T_IS_SIGNED 1
| #define HAVE_DECL_ALARM 1
| #define HAVE_STRUCT_TM_TM_ZONE 1
| #define HAVE_TM_ZONE 1
| #define HAVE_TM_GMTOFF 1
| #define HAVE_COMPOUND_LITERALS 1
| #define HAVE_DECL_SETENV 1
| #define HAVE_SEARCH_H 1
| #define HAVE_TSEARCH 1
| #define HAVE_SIGSET_T 1
| #define HAVE_DECL_SNPRINTF 1
| #define HAVE_DECL_FCLOSEALL 1
| #define HAVE_DECL_GETW 1
| #define HAVE_DECL_PUTW 1
| #define HAVE_DECL_ECVT 1
| #define HAVE_DECL_FCVT 1
| #define HAVE_DECL_GCVT 1
| #define HAVE_DECL_STRDUP 1
| #define HAVE_DECL_STRNDUP 1
| #define HAVE_DECL_STRNLEN 1
| #define HAVE_DECL_STRTOIMAX 1
| #define HAVE_DECL_STRTOUMAX 1
| #define HAVE_DECL_EXECVPE 1
| #define HAVE_DECL_UNSETENV 1
| #define HAVE_WORKING_UTIMES 1
| #define HAVE_INTTYPES_H_WITH_UINTMAX 1
| #define HAVE_STDINT_H_WITH_UINTMAX 1
| #define HAVE_INTMAX_T 1
| #define DBL_EXPBIT0_WORD 1
| #define DBL_EXPBIT0_BIT 20
| #define HAVE_WCSLEN 1
| #define HAVE_SNPRINTF 1
| #define HAVE_STRNLEN 1
| #define HAVE_WCRTOMB 1
| #define HAVE_DECL__SNPRINTF 0
| #define HAVE_SNPRINTF_RETVAL_C99 1
| #define HAVE_SNPRINTF_TRUNCATION_C99 1
| #define HAVE_DECL_VSNPRINTF 1
| #define HAVE_DECL_WCSDUP 1
| #define HAVE_C_ALIGNASOF 1
| #define HAVE_ALLOCA 1
| #define GNULIB_AREADLINKAT 1
| #define GNULIB_AREADLINKAT_WITH_SIZE 1
| #define HAVE_DECL_PROGRAM_INVOCATION_NAME 1
| #define HAVE_DECL_PROGRAM_INVOCATION_SHORT_NAME 1
| #define HAVE_PROGRAM_INVOCATION_NAME 1
| #define HAVE_PROGRAM_INVOCATION_SHORT_NAME 1
| #define HAVE_C_STATIC_ASSERT 1
| #define GNULIB_TEST_BTOWC 1
| #define HAVE___BUILTIN_EXPECT 1
| #define GNULIB_TEST_C32ISALNUM 1
| #define GNULIB_TEST_C32ISALPHA 1
| #define GNULIB_TEST_C32ISBLANK 1
| #define GNULIB_TEST_C32ISCNTRL 1
| #define GNULIB_TEST_C32ISDIGIT 1
| #define GNULIB_TEST_C32ISGRAPH 1
| #define GNULIB_TEST_C32ISLOWER 1
| #define GNULIB_TEST_C32ISPRINT 1
| #define GNULIB_TEST_C32ISPUNCT 1
| #define GNULIB_TEST_C32ISSPACE 1
| #define GNULIB_TEST_C32ISUPPER 1
| #define GNULIB_TEST_C32ISXDIGIT 1
| #define GNULIB_TEST_C32TOLOWER 1
| #define GNULIB_TEST_C32WIDTH 1
| #define GNULIB_TEST_CALLOC_GNU 1
| #define GNULIB_TEST_CALLOC_POSIX 1
| #define GNULIB_CANONICALIZE_LGPL 1
| #define GNULIB_TEST_CANONICALIZE_FILE_NAME 1
| #define GNULIB_TEST_REALPATH 1
| #define HAVE_READLINKAT 1
| #define GNULIB_TEST_CHDIR 1
| #define GNULIB_TEST_CHMOD 1
| #define GNULIB_TEST_CHOWN 1
| #define HAVE_CLOCK_GETRES 1
| #define HAVE_CLOCK_GETTIME 1
| #define HAVE_CLOCK_SETTIME 1
| #define GNULIB_TEST_CLOEXEC 1
| #define GNULIB_TEST_CLOSE 1
| #define GNULIB_CLOSE_STREAM 1
| #define HAVE_CLOSEDIR 1
| #define GNULIB_TEST_CLOSEDIR 1
| #define GNULIB_DIRENT_SAFER 1
| #define HAVE_DIRFD 1
| #define HAVE_DECL_DIRFD 1
| #define GNULIB_TEST_DIRFD 1
| #define GNULIB_DIRNAME 1
| #define GNULIB_TEST_DUP 1
| #define GNULIB_TEST_DUP2 1
| #define GNULIB_TEST_ENVIRON 1
| #define HAVE_EUIDACCESS 1
| #define GNULIB_TEST_EUIDACCESS 1
| #define HAVE_FACCESSAT 1
| #define GNULIB_FACCESSAT 1
| #define GNULIB_TEST_FACCESSAT 1
| #define GNULIB_TEST_FCHDIR 1
| #define GNULIB_TEST_FCHMODAT 1
| #define GNULIB_TEST_FCHOWNAT 1
| #define GNULIB_TEST_FCNTL 1
| #define GNULIB_FCNTL_SAFER 1
| #define GNULIB_FD_SAFER_FLAG 1
| #define HAVE_DECL_FDOPENDIR 1
| #define GNULIB_TEST_FDOPENDIR 1
| #define GNULIB_FDOPENDIR 1
| #define GNULIB_FDUTIMENSAT 1
| #define HAVE_STRUCT_STAT_ST_BLOCKS 1
| #define HAVE_ST_BLOCKS 1
| #define HAVE_MEMPCPY 1
| #define FLEXIBLE_ARRAY_MEMBER /**/
| #define GNULIB_TEST_FNMATCH 1
| #define GNULIB_FNMATCH_GNU 1
| #define GNULIB_TEST_FOPEN 1
| #define GNULIB_FOPEN_GNU 1
| #define GNULIB_TEST_FOPEN_GNU 1
| #define HAVE_DECL___FPENDING 1
| #define HAVE_FREE_POSIX 1
| #define GNULIB_TEST_FREE_POSIX 1
| #define GNULIB_TEST_FSEEK 1
| #define FUNC_FFLUSH_STDIN 1
| #define GNULIB_TEST_FSEEKO 1
| #define GNULIB_TEST_FSTAT 1
| #define GNULIB_TEST_FSTATAT 1
| #define HAVE_FUTIMENS 1
| #define GNULIB_TEST_FUTIMENS 1
| #define HAVE_MINIMALLY_WORKING_GETCWD 1
| #define GNULIB_GETCWD 1
| #define GNULIB_TEST_GETCWD 1
| #define GNULIB_TEST_GETCWD 1
| #define HAVE_GETDELIM 1
| #define GNULIB_TEST_GETDELIM 1
| #define GNULIB_TEST_GETDTABLESIZE 1
| #define HAVE_GETGROUPS 1
| #define GNULIB_TEST_GETGROUPS 1
| #define HAVE_GETLINE 1
| #define GNULIB_TEST_GETLINE 1
| #define __GETOPT_PREFIX rpl_
| #define GNULIB_TEST_GETOPT_POSIX 1
| #define GNULIB_TEST_GETPAGESIZE 1
| #define HAVE_DECL_PROGRAM_INVOCATION_NAME 1
| #define HAVE_DECL_PROGRAM_INVOCATION_NAME 1
| #define HAVE_DECL_PROGRAM_INVOCATION_SHORT_NAME 1
| #define HAVE_DECL___ARGV 0
| #define GNULIB_TEST_GETPROGNAME 1
| #define HAVE_GETRANDOM 1
| #define GNULIB_TEST_GETRANDOM 1
| #define HAVE_TIMESPEC_GET 1
| #define GETTIMEOFDAY_TIMEZONE void
| #define GNULIB_TEST_GETTIMEOFDAY 1
| #define GNULIB_TEST_GROUP_MEMBER 1
| #define GNULIB_ISBLANK 1
| #define HAVE_ISWBLANK 1
| #define HAVE_DECL_ISWBLANK 1
| #define GNULIB_TEST_ISWBLANK 1
| #define GNULIB_TEST_ISWDIGIT 1
| #define GNULIB_TEST_ISWXDIGIT 1
| #define GNULIB_TEST_LCHMOD 1
| #define HAVE_LCHOWN 1
| #define GNULIB_TEST_LCHOWN 1
| #define HAVE___INLINE 1
| #define GNULIB_TEST_LINK 1
| #define LINK_FOLLOWS_SYMLINKS 0
| #define HAVE_LINKAT 1
| #define GNULIB_TEST_LINKAT 1
| #define GNULIB_TEST_LOCALECONV 1
| #define GNULIB_TEST_LSEEK 1
| #define GNULIB_TEST_LSTAT 1
| #define GNULIB_TEST_MALLOC_GNU 1
| #define GNULIB_TEST_MALLOC_POSIX 1
| /* end confdefs.h.  */
| #include <limits.h>
|             #include <locale.h>
|             #ifdef __HAIKU__
|              #include <stdint.h>
|             #endif
|             #include <uchar.h>
| 
| int
| main (void)
| {
| 
|             int i;
|             char *locale = setlocale (LC_ALL, "C");
|             if (! locale)
|               return 2;
|             for (i = CHAR_MIN; i <= CHAR_MAX; i++)
|               {
|                 char c = i;
|                 char32_t wc;
|                 mbstate_t mbs = { 0, };
|                 size_t ss = mbrtoc32 (&wc, &c, 1, &mbs);
|                 if (1 < ss)
|                   return 3;
|               }
|             return 0;
| 
|   ;
|   return 0;
| }
configure:36328: result: no
configure:36541: checking whether mbrtowc handles a NULL pwc argument
configure:36595: gcc -o conftest -g -O2   conftest.c -lacl  >&5
configure:36595: $? = 0
configure:36595: ./conftest
configure:36595: $? = 0
configure:36608: result: yes
configure:36614: checking whether mbrtowc handles a NULL string argument
configure:36656: gcc -o conftest -g -O2   conftest.c -lacl  >&5
configure:36656: $? = 0
configure:36656: ./conftest
configure:36656: $? = 0
configure:36669: result: yes
configure:36677: checking whether mbrtowc has a correct return value
configure:36789: gcc -o conftest -g -O2   conftest.c -lacl  >&5
configure:36789: $? = 0
configure:36789: ./conftest
configure:36789: $? = 0
configure:36805: result: yes
configure:36811: checking whether mbrtowc returns 0 when parsing a NUL character
configure:36850: gcc -o conftest -g -O2   conftest.c -lacl  >&5
configure:36850: $? = 0
configure:36850: ./conftest
configure:36850: $? = 0
configure:36863: result: yes
configure:36868: checking whether mbrtowc stores incomplete characters
configure:36977: gcc -o conftest -g -O2   conftest.c -lacl  >&5
configure:36977: $? = 0
configure:36977: ./conftest
configure:36977: $? = 0
configure:36992: result: no
configure:36997: checking whether mbrtowc works on empty input
configure:37028: gcc -o conftest -g -O2   conftest.c -lacl  >&5
configure:37028: $? = 0
configure:37028: ./conftest
configure:37028: $? = 0
configure:37040: result: yes
configure:37044: checking whether the C locale is free of encoding errors
configure:37088: gcc -o conftest -g -O2   conftest.c -lacl  >&5
